method,round,labels,pool_size,pct,avg_acc_top1,avg_acc_topk,acc_tuple_top1,acc_tuple_topk,top_k,added_labels
passive_random,1,78,2055,3.795620437956204,0.36687048360200114,0.4524735964424681,"[0.36770428015564205, 0.36964980544747084, 0.3657587548638132, 0.3638132295719844, 0.36186770428015563, 0.3735408560311284, 0.3657587548638132]","[0.4455252918287938, 0.45136186770428016, 0.46108949416342415, 0.45525291828793774, 0.4494163424124514, 0.45330739299610895, 0.45136186770428016]",3,[]
passive_random,2,81,2055,3.9416058394160585,0.368260144524736,0.45469705391884385,"[0.36770428015564205, 0.35797665369649806, 0.3657587548638132, 0.3715953307392996, 0.3735408560311284, 0.36770428015564205, 0.3735408560311284]","[0.45330739299610895, 0.4669260700389105, 0.45525291828793774, 0.45136186770428016, 0.45525291828793774, 0.4455252918287938, 0.45525291828793774]",3,"[217, 249, 36]"
passive_random,3,84,2055,4.087591240875913,0.3832684824902724,0.4694274596998333,"[0.38910505836575876, 0.3832684824902724, 0.3832684824902724, 0.377431906614786, 0.37937743190661477, 0.3852140077821012, 0.3852140077821012]","[0.4708171206225681, 0.46108949416342415, 0.4708171206225681, 0.4688715953307393, 0.4727626459143969, 0.4688715953307393, 0.4727626459143969]",3,"[245, 95, 5]"
passive_random,4,87,2055,4.233576642335766,0.3746525847693163,0.47081712062256814,"[0.38132295719844356, 0.3754863813229572, 0.36770428015564205, 0.3735408560311284, 0.377431906614786, 0.38715953307393, 0.35992217898832685]","[0.4805447470817121, 0.47470817120622566, 0.4766536964980545, 0.46108949416342415, 0.46303501945525294, 0.4688715953307393, 0.4708171206225681]",3,"[3, 90, 202]"
passive_random,5,90,2055,4.37956204379562,0.3888271261812118,0.4822123401889939,"[0.38715953307393, 0.3852140077821012, 0.39299610894941633, 0.3832684824902724, 0.3949416342412451, 0.38910505836575876, 0.38910505836575876]","[0.48249027237354086, 0.490272373540856, 0.48249027237354086, 0.4785992217898833, 0.4785992217898833, 0.48638132295719844, 0.4766536964980545]",3,"[5, 102, 89]"
passive_random,6,93,2055,4.525547445255475,0.4088382434685936,0.5152862701500833,"[0.41245136186770426, 0.4085603112840467, 0.4143968871595331, 0.4066147859922179, 0.4143968871595331, 0.4027237354085603, 0.4027237354085603]","[0.5233463035019456, 0.5136186770428015, 0.5136186770428015, 0.5175097276264592, 0.5077821011673151, 0.5175097276264592, 0.5136186770428015]",3,"[249, 51, 13]"
passive_random,7,96,2055,4.671532846715328,0.4132851584213451,0.5250138966092274,"[0.4085603112840467, 0.41050583657587547, 0.4163424124513619, 0.41050583657587547, 0.4143968871595331, 0.41245136186770426, 0.42023346303501946]","[0.5252918287937743, 0.5311284046692607, 0.5252918287937743, 0.5252918287937743, 0.5214007782101168, 0.5272373540856031, 0.519455252918288]",3,"[245, 204, 20]"
passive_random,8,99,2055,4.817518248175182,0.41523068371317395,0.519455252918288,"[0.41245136186770426, 0.4046692607003891, 0.4182879377431907, 0.4182879377431907, 0.42217898832684825, 0.4182879377431907, 0.41245136186770426]","[0.5175097276264592, 0.5291828793774319, 0.5175097276264592, 0.5252918287937743, 0.5155642023346303, 0.5175097276264592, 0.5136186770428015]",3,"[4, 249, 89]"
passive_random,9,102,2055,4.963503649635037,0.41245136186770426,0.5277932184546971,"[0.4163424124513619, 0.42217898832684825, 0.4027237354085603, 0.4163424124513619, 0.4046692607003891, 0.4163424124513619, 0.4085603112840467]","[0.5272373540856031, 0.5214007782101168, 0.5389105058365758, 0.5291828793774319, 0.5252918287937743, 0.5214007782101168, 0.5311284046692607]",3,"[51, 212, 11]"
passive_random,10,105,2055,5.109489051094891,0.41495275152862693,0.5269594219010562,"[0.42217898832684825, 0.4182879377431907, 0.41050583657587547, 0.4085603112840467, 0.41245136186770426, 0.42023346303501946, 0.41245136186770426]","[0.5252918287937743, 0.5233463035019456, 0.5311284046692607, 0.5291828793774319, 0.5214007782101168, 0.5350194552529183, 0.5233463035019456]",3,"[3, 223, 3]"
passive_random,11,108,2055,5.255474452554744,0.4132851584213451,0.5236242356864924,"[0.4143968871595331, 0.42023346303501946, 0.41245136186770426, 0.4066147859922179, 0.4182879377431907, 0.4066147859922179, 0.4143968871595331]","[0.5155642023346303, 0.5233463035019456, 0.5291828793774319, 0.5272373540856031, 0.5252918287937743, 0.5272373540856031, 0.5175097276264592]",3,"[90, 11, 89]"
passive_random,12,111,2055,5.401459854014599,0.42968315730961637,0.5358532518065592,"[0.42996108949416345, 0.42996108949416345, 0.43190661478599224, 0.4357976653696498, 0.42023346303501946, 0.43190661478599224, 0.4280155642023346]","[0.5311284046692607, 0.5330739299610895, 0.5408560311284046, 0.5389105058365758, 0.5291828793774319, 0.546692607003891, 0.5311284046692607]",3,"[249, 3, 233]"
passive_random,13,114,2055,5.547445255474453,0.4249583101723179,0.5364091161756531,"[0.433852140077821, 0.4280155642023346, 0.4163424124513619, 0.42412451361867703, 0.4280155642023346, 0.42412451361867703, 0.42023346303501946]","[0.5291828793774319, 0.546692607003891, 0.5311284046692607, 0.5408560311284046, 0.5330739299610895, 0.5389105058365758, 0.5350194552529183]",3,"[51, 3, 247]"
passive_random,14,117,2055,5.693430656934306,0.4255141745414118,0.5397443023902168,"[0.4280155642023346, 0.42412451361867703, 0.4280155642023346, 0.4182879377431907, 0.42996108949416345, 0.4280155642023346, 0.42217898832684825]","[0.5350194552529183, 0.5486381322957199, 0.5330739299610895, 0.5428015564202334, 0.5291828793774319, 0.5447470817120622, 0.5447470817120622]",3,"[5, 120, 3]"
passive_random,15,120,2055,5.839416058394161,0.42495831017231794,0.5389105058365758,"[0.433852140077821, 0.42217898832684825, 0.42217898832684825, 0.4260700389105058, 0.4357976653696498, 0.41245136186770426, 0.42217898832684825]","[0.5311284046692607, 0.5408560311284046, 0.5330739299610895, 0.5389105058365758, 0.5428015564202334, 0.5428015564202334, 0.5428015564202334]",3,"[198, 5, 103]"
passive_random,16,123,2055,5.985401459854015,0.4266259032795997,0.5383546414674819,"[0.4260700389105058, 0.4182879377431907, 0.4260700389105058, 0.433852140077821, 0.4280155642023346, 0.42996108949416345, 0.42412451361867703]","[0.5350194552529183, 0.5408560311284046, 0.5330739299610895, 0.5408560311284046, 0.5350194552529183, 0.5486381322957199, 0.5350194552529183]",3,"[5, 240, 45]"
passive_random,17,126,2055,6.131386861313868,0.42773763201778764,0.5461367426347971,"[0.42996108949416345, 0.43190661478599224, 0.4182879377431907, 0.43190661478599224, 0.433852140077821, 0.4280155642023346, 0.42023346303501946]","[0.5447470817120622, 0.5486381322957199, 0.546692607003891, 0.546692607003891, 0.5350194552529183, 0.5486381322957199, 0.5525291828793775]",3,"[3, 181, 68]"
passive_random,18,129,2055,6.2773722627737225,0.43218454697053915,0.5594774874930516,"[0.42412451361867703, 0.4396887159533074, 0.4377431906614786, 0.4396887159533074, 0.42023346303501946, 0.42023346303501946, 0.44357976653696496]","[0.5544747081712063, 0.5583657587548638, 0.5603112840466926, 0.5583657587548638, 0.5622568093385214, 0.5583657587548638, 0.5642023346303502]",3,"[146, 226, 246]"
passive_random,19,132,2055,6.423357664233577,0.43023902167871053,0.5519733185102834,"[0.42023346303501946, 0.42996108949416345, 0.4357976653696498, 0.4280155642023346, 0.4357976653696498, 0.42996108949416345, 0.43190661478599224]","[0.546692607003891, 0.5525291828793775, 0.5525291828793775, 0.5525291828793775, 0.5505836575875487, 0.556420233463035, 0.5525291828793775]",3,"[3, 39, 249]"
passive_random,20,135,2055,6.569343065693431,0.4294052251250694,0.555586436909394,"[0.4280155642023346, 0.4396887159533074, 0.4280155642023346, 0.4377431906614786, 0.4280155642023346, 0.42412451361867703, 0.42023346303501946]","[0.5428015564202334, 0.556420233463035, 0.5505836575875487, 0.566147859922179, 0.5525291828793775, 0.5603112840466926, 0.5603112840466926]",3,"[104, 251, 91]"
passive_random,21,138,2055,6.7153284671532845,0.4452473596442469,0.5719844357976652,"[0.433852140077821, 0.45330739299610895, 0.4494163424124514, 0.45525291828793774, 0.4357976653696498, 0.4357976653696498, 0.45330739299610895]","[0.5719844357976653, 0.5680933852140078, 0.566147859922179, 0.5739299610894941, 0.5642023346303502, 0.5758754863813229, 0.5836575875486382]",3,"[150, 124, 6]"
passive_random,22,141,2055,6.861313868613139,0.45025013896609234,0.5803224013340745,"[0.46108949416342415, 0.44163424124513617, 0.46303501945525294, 0.4474708171206226, 0.4474708171206226, 0.4377431906614786, 0.45330739299610895]","[0.566147859922179, 0.5797665369649806, 0.5797665369649806, 0.5817120622568094, 0.585603112840467, 0.5875486381322957, 0.5817120622568094]",3,"[51, 145, 3]"
passive_random,23,144,2055,7.007299270072993,0.4513618677042802,0.5780989438576986,"[0.4571984435797665, 0.45136186770428016, 0.45525291828793774, 0.4571984435797665, 0.4396887159533074, 0.4474708171206226, 0.45136186770428016]","[0.5739299610894941, 0.5836575875486382, 0.5778210116731517, 0.5817120622568094, 0.5758754863813229, 0.5739299610894941, 0.5797665369649806]",3,"[154, 61, 154]"
passive_random,24,147,2055,7.153284671532846,0.4571984435797666,0.5764313507504168,"[0.45330739299610895, 0.46303501945525294, 0.4494163424124514, 0.45525291828793774, 0.45525291828793774, 0.4591439688715953, 0.4649805447470817]","[0.5700389105058365, 0.5719844357976653, 0.5739299610894941, 0.5797665369649806, 0.5680933852140078, 0.585603112840467, 0.585603112840467]",3,"[246, 234, 65]"
passive_random,25,150,2055,7.299270072992701,0.45302946081156203,0.5747637576431349,"[0.45330739299610895, 0.4571984435797665, 0.45136186770428016, 0.4591439688715953, 0.4455252918287938, 0.4494163424124514, 0.45525291828793774]","[0.5739299610894941, 0.5836575875486382, 0.5778210116731517, 0.5700389105058365, 0.5700389105058365, 0.5758754863813229, 0.5719844357976653]",3,"[249, 238, 152]"
passive_random,26,153,2055,7.445255474452555,0.4552529182879378,0.5719844357976652,"[0.4591439688715953, 0.45525291828793774, 0.4474708171206226, 0.4571984435797665, 0.4571984435797665, 0.45330739299610895, 0.4571984435797665]","[0.566147859922179, 0.5719844357976653, 0.566147859922179, 0.5817120622568094, 0.5700389105058365, 0.5739299610894941, 0.5739299610894941]",3,"[245, 26, 215]"
passive_random,27,156,2055,7.591240875912408,0.4588660366870484,0.5708727070594775,"[0.4571984435797665, 0.46108949416342415, 0.4474708171206226, 0.4571984435797665, 0.4669260700389105, 0.4571984435797665, 0.4649805447470817]","[0.5622568093385214, 0.5642023346303502, 0.5642023346303502, 0.5758754863813229, 0.5778210116731517, 0.5797665369649806, 0.5719844357976653]",3,"[120, 161, 88]"
passive_random,28,159,2055,7.737226277372263,0.4544191217342969,0.5767092829349638,"[0.4494163424124514, 0.45330739299610895, 0.46303501945525294, 0.4571984435797665, 0.4474708171206226, 0.4494163424124514, 0.46108949416342415]","[0.5642023346303502, 0.5797665369649806, 0.5739299610894941, 0.5758754863813229, 0.5719844357976653, 0.5836575875486382, 0.5875486381322957]",3,"[249, 91, 154]"
passive_random,29,162,2055,7.883211678832117,0.4521956642579211,0.5797665369649805,"[0.45525291828793774, 0.46108949416342415, 0.4571984435797665, 0.4474708171206226, 0.4396887159533074, 0.4494163424124514, 0.45525291828793774]","[0.5778210116731517, 0.5817120622568094, 0.5739299610894941, 0.5817120622568094, 0.5719844357976653, 0.5914396887159533, 0.5797665369649806]",3,"[131, 61, 3]"
passive_random,30,165,2055,8.02919708029197,0.4577543079488605,0.5828237909949973,"[0.4669260700389105, 0.4474708171206226, 0.4571984435797665, 0.4591439688715953, 0.4571984435797665, 0.45330739299610895, 0.46303501945525294]","[0.5778210116731517, 0.5836575875486382, 0.585603112840467, 0.5894941634241245, 0.5719844357976653, 0.5797665369649806, 0.5914396887159533]",3,"[88, 176, 10]"
passive_random,31,168,2055,8.175182481751825,0.45636464702612567,0.5800444691495275,"[0.4591439688715953, 0.4571984435797665, 0.46108949416342415, 0.46108949416342415, 0.44163424124513617, 0.46108949416342415, 0.45330739299610895]","[0.5778210116731517, 0.5875486381322957, 0.5758754863813229, 0.5797665369649806, 0.5680933852140078, 0.5875486381322957, 0.5836575875486382]",3,"[3, 78, 61]"
passive_random,32,171,2055,8.321167883211679,0.45747637576431355,0.5769872151195108,"[0.4571984435797665, 0.4649805447470817, 0.46303501945525294, 0.45330739299610895, 0.4455252918287938, 0.46108949416342415, 0.4571984435797665]","[0.566147859922179, 0.5758754863813229, 0.5680933852140078, 0.5875486381322957, 0.5797665369649806, 0.5817120622568094, 0.5797665369649806]",3,"[3, 101, 5]"
passive_random,33,174,2055,8.467153284671532,0.46247915508615905,0.5819899944413562,"[0.4727626459143969, 0.45136186770428016, 0.46108949416342415, 0.4708171206225681, 0.4649805447470817, 0.45330739299610895, 0.46303501945525294]","[0.5875486381322957, 0.5817120622568094, 0.5778210116731517, 0.5914396887159533, 0.5739299610894941, 0.5778210116731517, 0.5836575875486382]",3,"[20, 61, 204]"
passive_random,34,177,2055,8.613138686131387,0.4677598665925515,0.5844913841022791,"[0.4688715953307393, 0.4708171206225681, 0.4766536964980545, 0.4669260700389105, 0.45525291828793774, 0.4669260700389105, 0.4688715953307393]","[0.5836575875486382, 0.5797665369649806, 0.5797665369649806, 0.5933852140077821, 0.5894941634241245, 0.5817120622568094, 0.5836575875486382]",3,"[106, 78, 154]"
passive_random,35,180,2055,8.75912408759124,0.47359644246803784,0.5864369093941079,"[0.4766536964980545, 0.4785992217898833, 0.4688715953307393, 0.4883268482490272, 0.46108949416342415, 0.4649805447470817, 0.4766536964980545]","[0.5797665369649806, 0.5836575875486382, 0.5797665369649806, 0.5894941634241245, 0.5875486381322957, 0.5894941634241245, 0.5953307392996109]",3,"[204, 124, 3]"
passive_random,36,183,2055,8.905109489051094,0.47915508615897723,0.5872707059477488,"[0.48249027237354086, 0.4669260700389105, 0.490272373540856, 0.4883268482490272, 0.4785992217898833, 0.4669260700389105, 0.4805447470817121]","[0.5875486381322957, 0.5797665369649806, 0.585603112840467, 0.5914396887159533, 0.5817120622568094, 0.5875486381322957, 0.5972762645914397]",3,"[5, 25, 127]"
passive_random,37,186,2055,9.05109489051095,0.47359644246803784,0.5894941634241245,"[0.4766536964980545, 0.47470817120622566, 0.4805447470817121, 0.48249027237354086, 0.4649805447470817, 0.4727626459143969, 0.46303501945525294]","[0.5797665369649806, 0.5894941634241245, 0.5933852140077821, 0.5992217898832685, 0.5933852140077821, 0.5817120622568094, 0.5894941634241245]",3,"[222, 249, 3]"
passive_random,38,189,2055,9.197080291970803,0.4847137298499167,0.5969983324068927,"[0.49416342412451364, 0.490272373540856, 0.4805447470817121, 0.4805447470817121, 0.47470817120622566, 0.48443579766536965, 0.4883268482490272]","[0.5933852140077821, 0.5933852140077821, 0.603112840466926, 0.5992217898832685, 0.5953307392996109, 0.5992217898832685, 0.5953307392996109]",3,"[3, 121, 63]"
passive_random,39,192,2055,9.343065693430656,0.48860478043357425,0.5983879933296276,"[0.5019455252918288, 0.48249027237354086, 0.490272373540856, 0.4961089494163424, 0.4766536964980545, 0.4766536964980545, 0.4961089494163424]","[0.6108949416342413, 0.5953307392996109, 0.5953307392996109, 0.6011673151750972, 0.5972762645914397, 0.5933852140077821, 0.5953307392996109]",3,"[127, 154, 5]"
passive_random,40,195,2055,9.489051094890511,0.49666481378543637,0.5969983324068927,"[0.5, 0.5019455252918288, 0.490272373540856, 0.5038910505836576, 0.4980544747081712, 0.48638132295719844, 0.4961089494163424]","[0.585603112840467, 0.5953307392996109, 0.585603112840467, 0.6050583657587548, 0.6108949416342413, 0.5972762645914397, 0.5992217898832685]",3,"[15, 247, 154]"
passive_random,41,198,2055,9.635036496350365,0.4899944413563091,0.6050583657587548,"[0.5, 0.48249027237354086, 0.4961089494163424, 0.4961089494163424, 0.49221789883268485, 0.4727626459143969, 0.490272373540856]","[0.6128404669260701, 0.5972762645914397, 0.5933852140077821, 0.6147859922178989, 0.6089494163424124, 0.603112840466926, 0.6050583657587548]",3,"[88, 11, 195]"
passive_random,42,201,2055,9.781021897810218,0.49666481378543637,0.6056142301278488,"[0.4883268482490272, 0.49221789883268485, 0.5, 0.5, 0.5097276264591439, 0.5019455252918288, 0.48443579766536965]","[0.6070038910505836, 0.6050583657587548, 0.5933852140077821, 0.6167315175097277, 0.6050583657587548, 0.5953307392996109, 0.6167315175097277]",3,"[36, 103, 159]"
passive_random,43,204,2055,9.927007299270073,0.4980544747081712,0.6045025013896609,"[0.5077821011673151, 0.4980544747081712, 0.4980544747081712, 0.5, 0.5038910505836576, 0.4805447470817121, 0.4980544747081712]","[0.6070038910505836, 0.6050583657587548, 0.6011673151750972, 0.6070038910505836, 0.6070038910505836, 0.5953307392996109, 0.6089494163424124]",3,"[6, 240, 154]"
passive_random,44,207,2055,10.072992700729927,0.4983324068927182,0.6078376876042245,"[0.4980544747081712, 0.4961089494163424, 0.5, 0.5038910505836576, 0.4961089494163424, 0.4961089494163424, 0.4980544747081712]","[0.6011673151750972, 0.6070038910505836, 0.6050583657587548, 0.6070038910505836, 0.6089494163424124, 0.6089494163424124, 0.6167315175097277]",3,"[207, 116, 20]"
passive_random,45,210,2055,10.218978102189782,0.5027793218454697,0.6125625347415232,"[0.5038910505836576, 0.5097276264591439, 0.5077821011673151, 0.5058365758754864, 0.4961089494163424, 0.5058365758754864, 0.490272373540856]","[0.6108949416342413, 0.6108949416342413, 0.6147859922178989, 0.6206225680933852, 0.6070038910505836, 0.6089494163424124, 0.6147859922178989]",3,"[3, 102, 231]"
passive_random,46,213,2055,10.364963503649635,0.5150083379655364,0.6270150083379656,"[0.5116731517509727, 0.5116731517509727, 0.5136186770428015, 0.5175097276264592, 0.5116731517509727, 0.5233463035019456, 0.5155642023346303]","[0.6264591439688716, 0.6303501945525292, 0.6167315175097277, 0.6284046692607004, 0.6264591439688716, 0.6284046692607004, 0.632295719844358]",3,"[231, 103, 204]"
passive_random,47,216,2055,10.510948905109489,0.5175097276264591,0.6289605336297944,"[0.5077821011673151, 0.5155642023346303, 0.5155642023346303, 0.5252918287937743, 0.5252918287937743, 0.5155642023346303, 0.5175097276264592]","[0.6303501945525292, 0.6206225680933852, 0.6245136186770428, 0.6361867704280155, 0.6264591439688716, 0.6284046692607004, 0.6361867704280155]",3,"[118, 46, 88]"
passive_random,48,219,2055,10.656934306569344,0.518621456364647,0.6278488048916065,"[0.5155642023346303, 0.5214007782101168, 0.5097276264591439, 0.5272373540856031, 0.5214007782101168, 0.5214007782101168, 0.5136186770428015]","[0.6245136186770428, 0.6264591439688716, 0.6128404669260701, 0.6381322957198443, 0.6284046692607004, 0.632295719844358, 0.632295719844358]",3,"[211, 101, 102]"
passive_random,49,222,2055,10.802919708029197,0.528627015008338,0.6303501945525293,"[0.5408560311284046, 0.5252918287937743, 0.5291828793774319, 0.5252918287937743, 0.5291828793774319, 0.5233463035019456, 0.5272373540856031]","[0.6303501945525292, 0.6264591439688716, 0.6186770428015564, 0.6381322957198443, 0.632295719844358, 0.6264591439688716, 0.6400778210116731]",3,"[2, 5, 6]"
passive_random,50,225,2055,10.94890510948905,0.5227904391328516,0.6300722623679823,"[0.5252918287937743, 0.5233463035019456, 0.5175097276264592, 0.5311284046692607, 0.5097276264591439, 0.519455252918288, 0.5330739299610895]","[0.622568093385214, 0.632295719844358, 0.6245136186770428, 0.6381322957198443, 0.6264591439688716, 0.6245136186770428, 0.642023346303502]",3,"[5, 187, 3]"
passive_random,51,228,2055,11.094890510948906,0.5277932184546971,0.6295163979988884,"[0.5252918287937743, 0.5214007782101168, 0.5350194552529183, 0.5369649805447471, 0.5291828793774319, 0.5214007782101168, 0.5252918287937743]","[0.632295719844358, 0.6245136186770428, 0.632295719844358, 0.6342412451361867, 0.6264591439688716, 0.6206225680933852, 0.6361867704280155]",3,"[249, 3, 88]"
passive_random,52,231,2055,11.24087591240876,0.5244580322401334,0.6306281267370762,"[0.5311284046692607, 0.5252918287937743, 0.5233463035019456, 0.519455252918288, 0.5272373540856031, 0.5233463035019456, 0.5214007782101168]","[0.622568093385214, 0.6342412451361867, 0.622568093385214, 0.642023346303502, 0.6284046692607004, 0.6303501945525292, 0.6342412451361867]",3,"[213, 171, 10]"
passive_random,53,234,2055,11.386861313868613,0.5289049471928849,0.6395219566425793,"[0.5291828793774319, 0.5272373540856031, 0.5272373540856031, 0.5233463035019456, 0.5272373540856031, 0.5350194552529183, 0.5330739299610895]","[0.6342412451361867, 0.6342412451361867, 0.6245136186770428, 0.6459143968871596, 0.6498054474708171, 0.6381322957198443, 0.6498054474708171]",3,"[236, 86, 3]"
passive_random,54,237,2055,11.532846715328468,0.5319622012229016,0.6450806003335187,"[0.5350194552529183, 0.5369649805447471, 0.5272373540856031, 0.5350194552529183, 0.5233463035019456, 0.5330739299610895, 0.5330739299610895]","[0.6459143968871596, 0.6439688715953308, 0.6381322957198443, 0.6498054474708171, 0.6439688715953308, 0.6498054474708171, 0.6439688715953308]",3,"[246, 3, 93]"
passive_random,55,240,2055,11.678832116788321,0.5316842690383546,0.6434130072262368,"[0.5311284046692607, 0.5233463035019456, 0.5214007782101168, 0.5350194552529183, 0.5428015564202334, 0.5428015564202334, 0.5252918287937743]","[0.6459143968871596, 0.6439688715953308, 0.632295719844358, 0.6459143968871596, 0.6459143968871596, 0.6381322957198443, 0.6517509727626459]",3,"[90, 2, 24]"
passive_random,56,243,2055,11.824817518248175,0.5339077265147304,0.6503613118399111,"[0.5389105058365758, 0.5350194552529183, 0.5311284046692607, 0.5291828793774319, 0.5330739299610895, 0.5350194552529183, 0.5350194552529183]","[0.6498054474708171, 0.6478599221789884, 0.6556420233463035, 0.6498054474708171, 0.6439688715953308, 0.6478599221789884, 0.6575875486381323]",3,"[88, 135, 2]"
passive_random,57,246,2055,11.97080291970803,0.5369649805447471,0.6484157865480823,"[0.5311284046692607, 0.519455252918288, 0.5408560311284046, 0.546692607003891, 0.5311284046692607, 0.5408560311284046, 0.5486381322957199]","[0.6478599221789884, 0.6498054474708171, 0.6381322957198443, 0.6459143968871596, 0.6556420233463035, 0.6498054474708171, 0.6517509727626459]",3,"[237, 51, 208]"
passive_random,58,249,2055,12.116788321167883,0.5444691495275152,0.6595330739299611,"[0.5350194552529183, 0.5544747081712063, 0.546692607003891, 0.5505836575875487, 0.5447470817120622, 0.5369649805447471, 0.5428015564202334]","[0.6575875486381323, 0.669260700389105, 0.6517509727626459, 0.6595330739299611, 0.6517509727626459, 0.6653696498054474, 0.6614785992217899]",3,"[231, 103, 107]"
passive_random,59,252,2055,12.262773722627736,0.5455808782657031,0.6673151750972763,"[0.5428015564202334, 0.5447470817120622, 0.5486381322957199, 0.5544747081712063, 0.5389105058365758, 0.5428015564202334, 0.546692607003891]","[0.669260700389105, 0.669260700389105, 0.6575875486381323, 0.6575875486381323, 0.6673151750972762, 0.6731517509727627, 0.6770428015564203]",3,"[20, 3, 103]"
passive_random,60,255,2055,12.408759124087592,0.5458588104502501,0.6653696498054475,"[0.5486381322957199, 0.5525291828793775, 0.5447470817120622, 0.5486381322957199, 0.5505836575875487, 0.5330739299610895, 0.5428015564202334]","[0.6614785992217899, 0.6673151750972762, 0.6634241245136187, 0.6653696498054474, 0.6595330739299611, 0.6750972762645915, 0.6653696498054474]",3,"[154, 207, 154]"
passive_random,61,258,2055,12.554744525547445,0.5458588104502501,0.6650917176209006,"[0.5525291828793775, 0.5389105058365758, 0.546692607003891, 0.5544747081712063, 0.546692607003891, 0.5428015564202334, 0.5389105058365758]","[0.6653696498054474, 0.669260700389105, 0.6595330739299611, 0.6498054474708171, 0.6712062256809338, 0.6770428015564203, 0.6634241245136187]",3,"[207, 38, 65]"
passive_random,62,261,2055,12.700729927007298,0.546414674819344,0.670094496942746,"[0.5583657587548638, 0.5350194552529183, 0.5408560311284046, 0.5583657587548638, 0.5350194552529183, 0.5505836575875487, 0.546692607003891]","[0.6595330739299611, 0.6731517509727627, 0.6653696498054474, 0.6712062256809338, 0.6712062256809338, 0.6750972762645915, 0.6750972762645915]",3,"[193, 6, 72]"
passive_random,63,264,2055,12.846715328467154,0.5536409116175652,0.6689827682045582,"[0.5583657587548638, 0.5525291828793775, 0.5525291828793775, 0.5544747081712063, 0.5544747081712063, 0.5505836575875487, 0.5525291828793775]","[0.6731517509727627, 0.6731517509727627, 0.6575875486381323, 0.6673151750972762, 0.6712062256809338, 0.6731517509727627, 0.6673151750972762]",3,"[4, 3, 233]"
passive_random,64,267,2055,12.992700729927007,0.5497498610339077,0.6695386325736521,"[0.5505836575875487, 0.5447470817120622, 0.5525291828793775, 0.5486381322957199, 0.5505836575875487, 0.5505836575875487, 0.5505836575875487]","[0.6712062256809338, 0.6750972762645915, 0.6556420233463035, 0.6750972762645915, 0.6712062256809338, 0.669260700389105, 0.669260700389105]",3,"[5, 211, 86]"
passive_random,65,270,2055,13.138686131386862,0.5591995553085046,0.6742634797109507,"[0.5603112840466926, 0.5622568093385214, 0.5583657587548638, 0.5603112840466926, 0.5544747081712063, 0.556420233463035, 0.5622568093385214]","[0.6673151750972762, 0.6789883268482491, 0.6673151750972762, 0.6731517509727627, 0.6809338521400778, 0.6809338521400778, 0.6712062256809338]",3,"[146, 6, 195]"
passive_random,66,273,2055,13.284671532846716,0.565036131183991,0.670372429127293,"[0.556420233463035, 0.5583657587548638, 0.5680933852140078, 0.5719844357976653, 0.566147859922179, 0.5719844357976653, 0.5622568093385214]","[0.6653696498054474, 0.6750972762645915, 0.6595330739299611, 0.6731517509727627, 0.6712062256809338, 0.6809338521400778, 0.6673151750972762]",3,"[2, 5, 146]"
passive_random,67,276,2055,13.430656934306569,0.5700389105058364,0.6778765981100613,"[0.5739299610894941, 0.5680933852140078, 0.566147859922179, 0.5680933852140078, 0.5680933852140078, 0.5758754863813229, 0.5700389105058365]","[0.6731517509727627, 0.6828793774319066, 0.669260700389105, 0.6828793774319066, 0.6770428015564203, 0.6789883268482491, 0.6809338521400778]",3,"[146, 114, 245]"
passive_random,68,279,2055,13.576642335766424,0.5717065036131183,0.6756531406336855,"[0.5719844357976653, 0.5642023346303502, 0.5719844357976653, 0.5778210116731517, 0.5758754863813229, 0.5719844357976653, 0.5680933852140078]","[0.6731517509727627, 0.6789883268482491, 0.6614785992217899, 0.6770428015564203, 0.6809338521400778, 0.6848249027237354, 0.6731517509727627]",3,"[11, 64, 211]"
passive_random,69,282,2055,13.722627737226277,0.5730961645358532,0.6778765981100613,"[0.5797665369649806, 0.5622568093385214, 0.5700389105058365, 0.5700389105058365, 0.5875486381322957, 0.5739299610894941, 0.5680933852140078]","[0.6731517509727627, 0.6828793774319066, 0.6673151750972762, 0.6789883268482491, 0.6789883268482491, 0.6906614785992218, 0.6731517509727627]",3,"[240, 5, 3]"
passive_random,70,285,2055,13.86861313868613,0.5767092829349638,0.6842690383546416,"[0.5758754863813229, 0.5758754863813229, 0.5719844357976653, 0.5797665369649806, 0.5778210116731517, 0.585603112840467, 0.5700389105058365]","[0.6789883268482491, 0.6984435797665369, 0.6634241245136187, 0.6867704280155642, 0.6848249027237354, 0.6867704280155642, 0.6906614785992218]",3,"[3, 186, 160]"
passive_random,71,288,2055,14.014598540145986,0.5705947748749304,0.680655919955531,"[0.566147859922179, 0.5680933852140078, 0.5797665369649806, 0.5680933852140078, 0.5739299610894941, 0.5739299610894941, 0.5642023346303502]","[0.6712062256809338, 0.6867704280155642, 0.6789883268482491, 0.6809338521400778, 0.688715953307393, 0.6828793774319066, 0.6750972762645915]",3,"[101, 3, 154]"
passive_random,72,291,2055,14.16058394160584,0.5728182323513062,0.6792662590327961,"[0.5680933852140078, 0.5719844357976653, 0.5817120622568094, 0.566147859922179, 0.5797665369649806, 0.5739299610894941, 0.5680933852140078]","[0.6789883268482491, 0.6770428015564203, 0.6673151750972762, 0.6809338521400778, 0.688715953307393, 0.6848249027237354, 0.6770428015564203]",3,"[212, 5, 77]"
passive_random,73,294,2055,14.306569343065693,0.5694830461367425,0.6817676486937189,"[0.5719844357976653, 0.566147859922179, 0.5739299610894941, 0.5719844357976653, 0.5583657587548638, 0.5719844357976653, 0.5719844357976653]","[0.6731517509727627, 0.688715953307393, 0.6712062256809338, 0.6848249027237354, 0.6964980544747081, 0.6809338521400778, 0.6770428015564203]",3,"[103, 250, 71]"
passive_random,74,297,2055,14.452554744525548,0.5775430794886048,0.6848249027237355,"[0.5875486381322957, 0.5797665369649806, 0.5642023346303502, 0.5797665369649806, 0.5758754863813229, 0.5797665369649806, 0.5758754863813229]","[0.6848249027237354, 0.6867704280155642, 0.6770428015564203, 0.6848249027237354, 0.6906614785992218, 0.6809338521400778, 0.688715953307393]",3,"[3, 66, 36]"
passive_random,75,300,2055,14.598540145985401,0.5767092829349638,0.6820455808782658,"[0.5817120622568094, 0.5797665369649806, 0.5719844357976653, 0.5719844357976653, 0.5739299610894941, 0.5797665369649806, 0.5778210116731517]","[0.6789883268482491, 0.6809338521400778, 0.6770428015564203, 0.6848249027237354, 0.6848249027237354, 0.6867704280155642, 0.6809338521400778]",3,"[245, 5, 103]"
passive_random,76,303,2055,14.744525547445255,0.575319622012229,0.6851028349082825,"[0.5778210116731517, 0.5797665369649806, 0.5719844357976653, 0.5700389105058365, 0.5700389105058365, 0.5836575875486382, 0.5739299610894941]","[0.6828793774319066, 0.6867704280155642, 0.6809338521400778, 0.6828793774319066, 0.6848249027237354, 0.6945525291828794, 0.6828793774319066]",3,"[231, 204, 75]"
passive_random,77,306,2055,14.89051094890511,0.5822679266259033,0.6903835464146749,"[0.5894941634241245, 0.5642023346303502, 0.5914396887159533, 0.5836575875486382, 0.5778210116731517, 0.5817120622568094, 0.5875486381322957]","[0.6848249027237354, 0.688715953307393, 0.6809338521400778, 0.6964980544747081, 0.6906614785992218, 0.6945525291828794, 0.6964980544747081]",3,"[127, 248, 210]"
passive_random,78,309,2055,15.036496350364963,0.5803224013340744,0.6873262923846583,"[0.5739299610894941, 0.5778210116731517, 0.5914396887159533, 0.5836575875486382, 0.5797665369649806, 0.5758754863813229, 0.5797665369649806]","[0.6750972762645915, 0.6828793774319066, 0.6906614785992218, 0.6867704280155642, 0.6926070038910506, 0.6906614785992218, 0.6926070038910506]",3,"[214, 103, 157]"
passive_random,79,312,2055,15.182481751824817,0.5783768760422456,0.6884380211228461,"[0.5817120622568094, 0.5778210116731517, 0.5719844357976653, 0.5719844357976653, 0.5875486381322957, 0.5778210116731517, 0.5797665369649806]","[0.6789883268482491, 0.6906614785992218, 0.6828793774319066, 0.688715953307393, 0.6867704280155642, 0.6984435797665369, 0.6926070038910506]",3,"[3, 187, 88]"
passive_random,80,315,2055,15.328467153284672,0.5664257921067258,0.6967759866592552,"[0.5622568093385214, 0.5642023346303502, 0.5700389105058365, 0.5739299610894941, 0.5603112840466926, 0.5758754863813229, 0.5583657587548638]","[0.688715953307393, 0.6945525291828794, 0.6906614785992218, 0.7062256809338522, 0.6964980544747081, 0.7023346303501945, 0.6984435797665369]",3,"[14, 5, 102]"
passive_random,81,318,2055,15.474452554744525,0.5719844357976653,0.6951083935519734,"[0.5758754863813229, 0.5642023346303502, 0.5739299610894941, 0.5758754863813229, 0.5680933852140078, 0.5797665369649806, 0.566147859922179]","[0.6964980544747081, 0.6984435797665369, 0.6926070038910506, 0.6867704280155642, 0.7003891050583657, 0.7003891050583657, 0.6906614785992218]",3,"[231, 20, 5]"
passive_random,82,321,2055,15.620437956204379,0.5775430794886047,0.6962201222901613,"[0.5758754863813229, 0.5719844357976653, 0.5739299610894941, 0.5778210116731517, 0.5817120622568094, 0.5894941634241245, 0.5719844357976653]","[0.6964980544747081, 0.6984435797665369, 0.688715953307393, 0.688715953307393, 0.688715953307393, 0.708171206225681, 0.7042801556420234]",3,"[11, 249, 4]"
passive_random,83,324,2055,15.766423357664234,0.573652028904947,0.6948304613674264,"[0.5680933852140078, 0.5836575875486382, 0.5817120622568094, 0.5758754863813229, 0.5642023346303502, 0.5758754863813229, 0.566147859922179]","[0.6906614785992218, 0.6906614785992218, 0.6945525291828794, 0.6906614785992218, 0.7042801556420234, 0.6926070038910506, 0.7003891050583657]",3,"[154, 51, 102]"
passive_random,84,327,2055,15.912408759124087,0.574207893274041,0.6964980544747083,"[0.5797665369649806, 0.5622568093385214, 0.5739299610894941, 0.5778210116731517, 0.5719844357976653, 0.5778210116731517, 0.5758754863813229]","[0.6926070038910506, 0.6964980544747081, 0.6926070038910506, 0.6964980544747081, 0.6906614785992218, 0.7003891050583657, 0.7062256809338522]",3,"[3, 7, 100]"
passive_random,85,330,2055,16.05839416058394,0.5797665369649806,0.6962201222901613,"[0.5797665369649806, 0.5797665369649806, 0.5836575875486382, 0.5836575875486382, 0.5719844357976653, 0.585603112840467, 0.5739299610894941]","[0.688715953307393, 0.7003891050583657, 0.6906614785992218, 0.6964980544747081, 0.6906614785992218, 0.6984435797665369, 0.708171206225681]",3,"[3, 5, 111]"
passive_random,86,333,2055,16.204379562043794,0.5839355197331851,0.6978877153974431,"[0.5836575875486382, 0.5758754863813229, 0.5836575875486382, 0.5836575875486382, 0.5914396887159533, 0.5933852140077821, 0.5758754863813229]","[0.6848249027237354, 0.7062256809338522, 0.6945525291828794, 0.6945525291828794, 0.6945525291828794, 0.708171206225681, 0.7023346303501945]",3,"[186, 51, 77]"
passive_random,87,336,2055,16.35036496350365,0.5867148415786548,0.699277376320178,"[0.5758754863813229, 0.5836575875486382, 0.5972762645914397, 0.585603112840467, 0.5797665369649806, 0.5972762645914397, 0.5875486381322957]","[0.6906614785992218, 0.6984435797665369, 0.6945525291828794, 0.7003891050583657, 0.6984435797665369, 0.7101167315175098, 0.7023346303501945]",3,"[201, 145, 88]"
passive_random,88,339,2055,16.496350364963504,0.5867148415786547,0.6962201222901613,"[0.5836575875486382, 0.5914396887159533, 0.5953307392996109, 0.5778210116731517, 0.5817120622568094, 0.585603112840467, 0.5914396887159533]","[0.6906614785992218, 0.7023346303501945, 0.6926070038910506, 0.6964980544747081, 0.6906614785992218, 0.7062256809338522, 0.6945525291828794]",3,"[101, 20, 240]"
passive_random,89,342,2055,16.642335766423358,0.5817120622568094,0.6976097832128961,"[0.5875486381322957, 0.5797665369649806, 0.585603112840467, 0.5817120622568094, 0.5739299610894941, 0.585603112840467, 0.5778210116731517]","[0.6945525291828794, 0.6926070038910506, 0.6906614785992218, 0.7003891050583657, 0.6945525291828794, 0.7042801556420234, 0.7062256809338522]",3,"[5, 17, 88]"
passive_random,90,345,2055,16.78832116788321,0.5831017231795441,0.6998332406892719,"[0.5719844357976653, 0.5933852140077821, 0.5778210116731517, 0.5875486381322957, 0.5817120622568094, 0.5933852140077821, 0.5758754863813229]","[0.7003891050583657, 0.708171206225681, 0.6926070038910506, 0.7003891050583657, 0.6964980544747081, 0.7042801556420234, 0.6964980544747081]",3,"[60, 249, 180]"
passive_random,91,348,2055,16.934306569343065,0.584769316286826,0.6962201222901613,"[0.585603112840467, 0.5875486381322957, 0.585603112840467, 0.5875486381322957, 0.5875486381322957, 0.5914396887159533, 0.5680933852140078]","[0.688715953307393, 0.6926070038910506, 0.6964980544747081, 0.6964980544747081, 0.7003891050583657, 0.6984435797665369, 0.7003891050583657]",3,"[61, 246, 51]"
passive_random,92,351,2055,17.080291970802918,0.5858810450250139,0.7001111728738189,"[0.5992217898832685, 0.5797665369649806, 0.5797665369649806, 0.5875486381322957, 0.5972762645914397, 0.5875486381322957, 0.5700389105058365]","[0.6964980544747081, 0.7023346303501945, 0.6926070038910506, 0.7062256809338522, 0.6984435797665369, 0.6945525291828794, 0.7101167315175098]",3,"[113, 187, 88]"
passive_random,93,354,2055,17.226277372262775,0.5844913841022791,0.6962201222901613,"[0.5875486381322957, 0.5778210116731517, 0.5797665369649806, 0.5972762645914397, 0.5778210116731517, 0.5972762645914397, 0.5739299610894941]","[0.6945525291828794, 0.6926070038910506, 0.688715953307393, 0.6964980544747081, 0.7023346303501945, 0.6964980544747081, 0.7023346303501945]",3,"[231, 187, 1]"
passive_random,94,357,2055,17.37226277372263,0.5872707059477488,0.6953863257365204,"[0.5894941634241245, 0.5992217898832685, 0.5933852140077821, 0.585603112840467, 0.5680933852140078, 0.5914396887159533, 0.5836575875486382]","[0.6945525291828794, 0.6906614785992218, 0.6984435797665369, 0.7023346303501945, 0.6945525291828794, 0.6867704280155642, 0.7003891050583657]",3,"[248, 101, 234]"
passive_random,95,360,2055,17.51824817518248,0.5914396887159533,0.699277376320178,"[0.5933852140077821, 0.585603112840467, 0.5953307392996109, 0.5992217898832685, 0.585603112840467, 0.603112840466926, 0.5778210116731517]","[0.7003891050583657, 0.7062256809338522, 0.6964980544747081, 0.7023346303501945, 0.6984435797665369, 0.6984435797665369, 0.6926070038910506]",3,"[226, 2, 20]"
passive_random,96,363,2055,17.664233576642335,0.5906058921623124,0.7006670372429128,"[0.5992217898832685, 0.5992217898832685, 0.5817120622568094, 0.5836575875486382, 0.5797665369649806, 0.5953307392996109, 0.5953307392996109]","[0.7003891050583657, 0.6964980544747081, 0.7003891050583657, 0.708171206225681, 0.6945525291828794, 0.7062256809338522, 0.6984435797665369]",3,"[5, 231, 3]"
passive_random,97,366,2055,17.81021897810219,0.5936631461923291,0.7026125625347416,"[0.5933852140077821, 0.6011673151750972, 0.5875486381322957, 0.5972762645914397, 0.5758754863813229, 0.5972762645914397, 0.603112840466926]","[0.7003891050583657, 0.6984435797665369, 0.7003891050583657, 0.708171206225681, 0.7042801556420234, 0.7062256809338522, 0.7003891050583657]",3,"[158, 3, 5]"
passive_random,98,369,2055,17.956204379562045,0.5969983324068927,0.6995553085047249,"[0.5992217898832685, 0.5992217898832685, 0.603112840466926, 0.5953307392996109, 0.585603112840467, 0.5992217898832685, 0.5972762645914397]","[0.6867704280155642, 0.688715953307393, 0.7042801556420234, 0.7023346303501945, 0.7042801556420234, 0.7042801556420234, 0.7062256809338522]",3,"[15, 189, 242]"
passive_random,99,372,2055,18.1021897810219,0.5936631461923291,0.7001111728738189,"[0.6011673151750972, 0.5875486381322957, 0.5933852140077821, 0.5914396887159533, 0.5778210116731517, 0.6050583657587548, 0.5992217898832685]","[0.6984435797665369, 0.6926070038910506, 0.6984435797665369, 0.7042801556420234, 0.6984435797665369, 0.708171206225681, 0.7003891050583657]",3,"[120, 5, 88]"
passive_random,100,375,2055,18.248175182481752,0.5983879933296276,0.7048360200111173,"[0.5972762645914397, 0.6070038910505836, 0.5894941634241245, 0.6070038910505836, 0.5953307392996109, 0.5992217898832685, 0.5933852140077821]","[0.7023346303501945, 0.708171206225681, 0.6984435797665369, 0.7062256809338522, 0.7023346303501945, 0.7042801556420234, 0.7120622568093385]",3,"[77, 204, 160]"
passive_random,101,378,2055,18.394160583941606,0.5967204002223457,0.7051139521956643,"[0.5992217898832685, 0.5992217898832685, 0.585603112840467, 0.5953307392996109, 0.5972762645914397, 0.6108949416342413, 0.5894941634241245]","[0.7003891050583657, 0.6984435797665369, 0.7042801556420234, 0.7023346303501945, 0.7101167315175098, 0.7140077821011673, 0.7062256809338522]",3,"[5, 89, 249]"
passive_random,102,381,2055,18.54014598540146,0.6017231795441912,0.7062256809338522,"[0.6108949416342413, 0.6050583657587548, 0.6050583657587548, 0.5972762645914397, 0.5894941634241245, 0.5992217898832685, 0.6050583657587548]","[0.7003891050583657, 0.7120622568093385, 0.7042801556420234, 0.7042801556420234, 0.7003891050583657, 0.708171206225681, 0.7140077821011673]",3,"[131, 132, 2]"
passive_random,103,384,2055,18.686131386861312,0.6042245692051139,0.7087270705947749,"[0.6011673151750972, 0.6050583657587548, 0.5992217898832685, 0.6089494163424124, 0.5972762645914397, 0.6089494163424124, 0.6089494163424124]","[0.6945525291828794, 0.7062256809338522, 0.7101167315175098, 0.7140077821011673, 0.708171206225681, 0.7140077821011673, 0.7140077821011673]",3,"[187, 124, 5]"
passive_random,104,387,2055,18.83211678832117,0.6058921623123957,0.7056698165647582,"[0.5953307392996109, 0.6128404669260701, 0.6108949416342413, 0.6089494163424124, 0.5953307392996109, 0.6206225680933852, 0.5972762645914397]","[0.7023346303501945, 0.7101167315175098, 0.7003891050583657, 0.708171206225681, 0.7042801556420234, 0.7062256809338522, 0.708171206225681]",3,"[88, 187, 249]"
passive_random,105,390,2055,18.978102189781023,0.6086714841578654,0.7092829349638688,"[0.6089494163424124, 0.622568093385214, 0.6011673151750972, 0.6089494163424124, 0.603112840466926, 0.6108949416342413, 0.6050583657587548]","[0.7042801556420234, 0.7101167315175098, 0.7042801556420234, 0.7101167315175098, 0.7003891050583657, 0.7140077821011673, 0.7217898832684825]",3,"[51, 5, 222]"
passive_random,106,393,2055,19.124087591240876,0.6072818232351306,0.7201222901612007,"[0.6070038910505836, 0.6050583657587548, 0.6089494163424124, 0.6070038910505836, 0.5894941634241245, 0.6206225680933852, 0.6128404669260701]","[0.7140077821011673, 0.7178988326848249, 0.7140077821011673, 0.7198443579766537, 0.72568093385214, 0.72568093385214, 0.7237354085603113]",3,"[5, 45, 231]"
passive_random,107,396,2055,19.27007299270073,0.6064480266814897,0.7148415786548082,"[0.6050583657587548, 0.6128404669260701, 0.6011673151750972, 0.6050583657587548, 0.6011673151750972, 0.6147859922178989, 0.6050583657587548]","[0.7062256809338522, 0.7120622568093385, 0.7023346303501945, 0.7178988326848249, 0.7140077821011673, 0.7217898832684825, 0.7295719844357976]",3,"[3, 178, 118]"
passive_random,108,399,2055,19.416058394160583,0.6125625347415232,0.717342968315731,"[0.6147859922178989, 0.6089494163424124, 0.6108949416342413, 0.6128404669260701, 0.6089494163424124, 0.6147859922178989, 0.6167315175097277]","[0.7178988326848249, 0.708171206225681, 0.7198443579766537, 0.7217898832684825, 0.7178988326848249, 0.7217898832684825, 0.7140077821011673]",3,"[187, 160, 108]"
passive_random,109,402,2055,19.562043795620436,0.6089494163424124,0.7159533073929961,"[0.6167315175097277, 0.6108949416342413, 0.6089494163424124, 0.6128404669260701, 0.6050583657587548, 0.6011673151750972, 0.6070038910505836]","[0.7198443579766537, 0.708171206225681, 0.7101167315175098, 0.7159533073929961, 0.7217898832684825, 0.7159533073929961, 0.7198443579766537]",3,"[89, 54, 249]"
passive_random,110,405,2055,19.708029197080293,0.6075597554196775,0.7176209005002779,"[0.6070038910505836, 0.603112840466926, 0.6070038910505836, 0.6108949416342413, 0.6089494163424124, 0.6089494163424124, 0.6070038910505836]","[0.7140077821011673, 0.7159533073929961, 0.7042801556420234, 0.7276264591439688, 0.7198443579766537, 0.7237354085603113, 0.7178988326848249]",3,"[211, 15, 222]"
passive_random,111,408,2055,19.854014598540147,0.615063924402446,0.7181767648693719,"[0.6167315175097277, 0.6147859922178989, 0.6108949416342413, 0.6070038910505836, 0.6128404669260701, 0.6147859922178989, 0.6284046692607004]","[0.7198443579766537, 0.7178988326848249, 0.7217898832684825, 0.7062256809338522, 0.7198443579766537, 0.72568093385214, 0.7159533073929961]",3,"[231, 5, 63]"
passive_random,112,411,2055,20.0,0.6142301278488048,0.7176209005002779,"[0.6186770428015564, 0.6108949416342413, 0.6167315175097277, 0.6186770428015564, 0.6128404669260701, 0.6128404669260701, 0.6089494163424124]","[0.7120622568093385, 0.7217898832684825, 0.7120622568093385, 0.7178988326848249, 0.7178988326848249, 0.7140077821011673, 0.7276264591439688]",3,"[88, 246, 5]"
passive_random,113,414,2055,20.145985401459853,0.6156197887715399,0.7215119510839355,"[0.6089494163424124, 0.6167315175097277, 0.6186770428015564, 0.6050583657587548, 0.6147859922178989, 0.622568093385214, 0.622568093385214]","[0.7217898832684825, 0.7217898832684825, 0.7198443579766537, 0.7237354085603113, 0.7178988326848249, 0.7198443579766537, 0.72568093385214]",3,"[249, 65, 93]"
passive_random,114,417,2055,20.291970802919707,0.6100611450806003,0.717342968315731,"[0.5992217898832685, 0.622568093385214, 0.603112840466926, 0.6050583657587548, 0.6089494163424124, 0.622568093385214, 0.6089494163424124]","[0.7140077821011673, 0.7120622568093385, 0.7217898832684825, 0.7198443579766537, 0.7178988326848249, 0.7140077821011673, 0.7217898832684825]",3,"[230, 249, 234]"
passive_random,115,420,2055,20.437956204379564,0.612562534741523,0.7201222901612007,"[0.6089494163424124, 0.6128404669260701, 0.6245136186770428, 0.6147859922178989, 0.5953307392996109, 0.6245136186770428, 0.6070038910505836]","[0.7178988326848249, 0.7217898832684825, 0.7120622568093385, 0.7237354085603113, 0.7237354085603113, 0.7217898832684825, 0.7198443579766537]",3,"[25, 146, 189]"
passive_random,116,423,2055,20.583941605839417,0.6086714841578654,0.7206781545302946,"[0.6011673151750972, 0.6011673151750972, 0.6186770428015564, 0.6128404669260701, 0.6147859922178989, 0.6070038910505836, 0.6050583657587548]","[0.7237354085603113, 0.7178988326848249, 0.7198443579766537, 0.7198443579766537, 0.7159533073929961, 0.7159533073929961, 0.7315175097276264]",3,"[111, 234, 90]"
passive_random,117,426,2055,20.72992700729927,0.6114508060033353,0.7195664257921067,"[0.6070038910505836, 0.6128404669260701, 0.6128404669260701, 0.6070038910505836, 0.6011673151750972, 0.6264591439688716, 0.6128404669260701]","[0.7217898832684825, 0.7217898832684825, 0.7159533073929961, 0.7198443579766537, 0.7178988326848249, 0.7101167315175098, 0.7295719844357976]",3,"[240, 249, 141]"
passive_random,118,429,2055,20.875912408759124,0.6156197887715399,0.7287381878821567,"[0.6050583657587548, 0.6167315175097277, 0.6108949416342413, 0.6206225680933852, 0.6206225680933852, 0.6206225680933852, 0.6147859922178989]","[0.72568093385214, 0.7315175097276264, 0.72568093385214, 0.7315175097276264, 0.7276264591439688, 0.72568093385214, 0.7334630350194552]",3,"[208, 179, 72]"
passive_random,119,432,2055,21.021897810218977,0.6161756531406336,0.7276264591439688,"[0.6070038910505836, 0.6245136186770428, 0.6147859922178989, 0.6108949416342413, 0.6186770428015564, 0.6303501945525292, 0.6070038910505836]","[0.72568093385214, 0.7276264591439688, 0.7217898832684825, 0.7295719844357976, 0.7334630350194552, 0.7217898832684825, 0.7334630350194552]",3,"[208, 3, 88]"
passive_random,120,435,2055,21.16788321167883,0.6203446359088384,0.7298499166203446,"[0.622568093385214, 0.6167315175097277, 0.6147859922178989, 0.622568093385214, 0.6264591439688716, 0.6206225680933852, 0.6186770428015564]","[0.7237354085603113, 0.7217898832684825, 0.7217898832684825, 0.7373540856031129, 0.7373540856031129, 0.7295719844357976, 0.7373540856031129]",3,"[247, 246, 222]"
passive_random,121,438,2055,21.313868613138688,0.6170094496942747,0.7287381878821567,"[0.6128404669260701, 0.6245136186770428, 0.6206225680933852, 0.6108949416342413, 0.6070038910505836, 0.6303501945525292, 0.6128404669260701]","[0.72568093385214, 0.7315175097276264, 0.7237354085603113, 0.7295719844357976, 0.7295719844357976, 0.7295719844357976, 0.7315175097276264]",3,"[3, 97, 154]"
passive_random,122,441,2055,21.45985401459854,0.6225680933852141,0.72568093385214,"[0.632295719844358, 0.6147859922178989, 0.6245136186770428, 0.622568093385214, 0.6128404669260701, 0.632295719844358, 0.6186770428015564]","[0.7276264591439688, 0.7178988326848249, 0.7315175097276264, 0.7295719844357976, 0.7198443579766537, 0.72568093385214, 0.7276264591439688]",3,"[231, 81, 45]"
passive_random,123,444,2055,21.605839416058394,0.6217342968315732,0.7279043913285158,"[0.6089494163424124, 0.6264591439688716, 0.622568093385214, 0.6186770428015564, 0.6167315175097277, 0.6342412451361867, 0.6245136186770428]","[0.72568093385214, 0.72568093385214, 0.7237354085603113, 0.7354085603112841, 0.7276264591439688, 0.7315175097276264, 0.72568093385214]",3,"[133, 233, 88]"
passive_random,124,447,2055,21.751824817518248,0.6211784324624793,0.7329071706503614,"[0.6264591439688716, 0.6167315175097277, 0.622568093385214, 0.6400778210116731, 0.5972762645914397, 0.6245136186770428, 0.6206225680933852]","[0.7373540856031129, 0.7334630350194552, 0.7217898832684825, 0.7354085603112841, 0.72568093385214, 0.7373540856031129, 0.7392996108949417]",3,"[88, 88, 179]"
passive_random,125,450,2055,21.8978102189781,0.6231239577543081,0.7348526959421902,"[0.6167315175097277, 0.6264591439688716, 0.6245136186770428, 0.6147859922178989, 0.6186770428015564, 0.6361867704280155, 0.6245136186770428]","[0.7354085603112841, 0.7276264591439688, 0.7412451361867705, 0.7392996108949417, 0.7315175097276264, 0.7295719844357976, 0.7392996108949417]",3,"[212, 246, 93]"
passive_random,126,453,2055,22.043795620437955,0.623401889938855,0.7351306281267371,"[0.6245136186770428, 0.6147859922178989, 0.632295719844358, 0.622568093385214, 0.6147859922178989, 0.6303501945525292, 0.6245136186770428]","[0.7392996108949417, 0.7276264591439688, 0.7334630350194552, 0.7412451361867705, 0.7354085603112841, 0.7334630350194552, 0.7354085603112841]",3,"[203, 249, 88]"
passive_random,127,456,2055,22.18978102189781,0.6275708727070596,0.7376320177876599,"[0.6245136186770428, 0.6303501945525292, 0.6381322957198443, 0.622568093385214, 0.622568093385214, 0.6303501945525292, 0.6245136186770428]","[0.7373540856031129, 0.7373540856031129, 0.7392996108949417, 0.7431906614785992, 0.7354085603112841, 0.7354085603112841, 0.7354085603112841]",3,"[103, 6, 46]"
passive_random,128,459,2055,22.335766423357665,0.623957754307949,0.736242356864925,"[0.6206225680933852, 0.6245136186770428, 0.6245136186770428, 0.6186770428015564, 0.6186770428015564, 0.632295719844358, 0.6284046692607004]","[0.7354085603112841, 0.7295719844357976, 0.7392996108949417, 0.7470817120622568, 0.7334630350194552, 0.7334630350194552, 0.7354085603112841]",3,"[88, 45, 90]"
passive_random,129,462,2055,22.48175182481752,0.6253474152306838,0.735964424680378,"[0.6186770428015564, 0.6264591439688716, 0.6245136186770428, 0.6206225680933852, 0.6303501945525292, 0.6303501945525292, 0.6264591439688716]","[0.7392996108949417, 0.7354085603112841, 0.7276264591439688, 0.7412451361867705, 0.7315175097276264, 0.7392996108949417, 0.7373540856031129]",3,"[154, 234, 3]"
passive_random,130,465,2055,22.62773722627737,0.6295163979988884,0.736798221234019,"[0.632295719844358, 0.6303501945525292, 0.6245136186770428, 0.6264591439688716, 0.622568093385214, 0.6361867704280155, 0.6342412451361867]","[0.7354085603112841, 0.7392996108949417, 0.7354085603112841, 0.7354085603112841, 0.7334630350194552, 0.7392996108949417, 0.7392996108949417]",3,"[61, 124, 245]"
passive_random,131,468,2055,22.773722627737225,0.6281267370761535,0.7404113396331296,"[0.6167315175097277, 0.6264591439688716, 0.6342412451361867, 0.622568093385214, 0.622568093385214, 0.642023346303502, 0.632295719844358]","[0.7431906614785992, 0.7334630350194552, 0.7412451361867705, 0.7412451361867705, 0.7373540856031129, 0.745136186770428, 0.7412451361867705]",3,"[20, 36, 39]"
passive_random,132,471,2055,22.919708029197082,0.6247915508615899,0.7387437465258477,"[0.6206225680933852, 0.6245136186770428, 0.622568093385214, 0.6264591439688716, 0.6147859922178989, 0.632295719844358, 0.632295719844358]","[0.745136186770428, 0.7276264591439688, 0.7334630350194552, 0.7412451361867705, 0.7334630350194552, 0.7412451361867705, 0.7490272373540856]",3,"[96, 5, 90]"
passive_random,133,474,2055,23.065693430656935,0.632851584213452,0.7404113396331296,"[0.6303501945525292, 0.6264591439688716, 0.632295719844358, 0.6303501945525292, 0.6284046692607004, 0.6400778210116731, 0.642023346303502]","[0.7412451361867705, 0.7373540856031129, 0.7392996108949417, 0.7470817120622568, 0.7431906614785992, 0.7354085603112841, 0.7392996108949417]",3,"[3, 245, 2]"
passive_random,134,477,2055,23.21167883211679,0.6284046692607005,0.7384658143413008,"[0.6206225680933852, 0.622568093385214, 0.6303501945525292, 0.6284046692607004, 0.6206225680933852, 0.6439688715953308, 0.632295719844358]","[0.7334630350194552, 0.7295719844357976, 0.7392996108949417, 0.7431906614785992, 0.7392996108949417, 0.7373540856031129, 0.7470817120622568]",3,"[154, 102, 231]"
passive_random,135,480,2055,23.357664233576642,0.6311839911061702,0.7420789327404114,"[0.6303501945525292, 0.6186770428015564, 0.6381322957198443, 0.6342412451361867, 0.6264591439688716, 0.632295719844358, 0.6381322957198443]","[0.7431906614785992, 0.7431906614785992, 0.745136186770428, 0.7412451361867705, 0.7373540856031129, 0.7392996108949417, 0.745136186770428]",3,"[72, 162, 187]"
passive_random,136,483,2055,23.503649635036496,0.6300722623679823,0.7401334074485826,"[0.622568093385214, 0.622568093385214, 0.6361867704280155, 0.6361867704280155, 0.6167315175097277, 0.6439688715953308, 0.632295719844358]","[0.7354085603112841, 0.7392996108949417, 0.7373540856031129, 0.7431906614785992, 0.745136186770428, 0.7373540856031129, 0.7431906614785992]",3,"[88, 3, 231]"
passive_random,137,486,2055,23.64963503649635,0.6272929405225126,0.7412451361867705,"[0.6284046692607004, 0.6284046692607004, 0.622568093385214, 0.6245136186770428, 0.6128404669260701, 0.6478599221789884, 0.6264591439688716]","[0.7470817120622568, 0.7412451361867705, 0.7354085603112841, 0.7373540856031129, 0.7470817120622568, 0.7373540856031129, 0.7431906614785992]",3,"[20, 34, 194]"
passive_random,138,489,2055,23.795620437956206,0.6270150083379656,0.745414118954975,"[0.6206225680933852, 0.632295719844358, 0.6264591439688716, 0.6245136186770428, 0.6167315175097277, 0.6361867704280155, 0.632295719844358]","[0.7412451361867705, 0.7431906614785992, 0.7373540856031129, 0.754863813229572, 0.7431906614785992, 0.7412451361867705, 0.7568093385214008]",3,"[154, 103, 93]"
passive_random,139,492,2055,23.94160583941606,0.6364647026125626,0.7437465258476932,"[0.642023346303502, 0.6381322957198443, 0.6400778210116731, 0.6264591439688716, 0.632295719844358, 0.6381322957198443, 0.6381322957198443]","[0.7392996108949417, 0.7373540856031129, 0.7470817120622568, 0.7490272373540856, 0.7490272373540856, 0.7431906614785992, 0.7412451361867705]",3,"[231, 86, 20]"
passive_random,140,495,2055,24.087591240875913,0.6364647026125626,0.7418010005558644,"[0.622568093385214, 0.6536964980544747, 0.6381322957198443, 0.6361867704280155, 0.6303501945525292, 0.6342412451361867, 0.6400778210116731]","[0.7392996108949417, 0.7431906614785992, 0.7392996108949417, 0.7470817120622568, 0.7373540856031129, 0.7392996108949417, 0.7470817120622568]",3,"[89, 2, 5]"
passive_random,141,498,2055,24.233576642335766,0.6367426347971096,0.7420789327404114,"[0.6303501945525292, 0.642023346303502, 0.6361867704280155, 0.6284046692607004, 0.6264591439688716, 0.6478599221789884, 0.6459143968871596]","[0.7431906614785992, 0.7392996108949417, 0.7392996108949417, 0.7509727626459144, 0.7334630350194552, 0.745136186770428, 0.7431906614785992]",3,"[231, 11, 86]"
passive_random,142,501,2055,24.37956204379562,0.642301278488049,0.7440244580322402,"[0.642023346303502, 0.6459143968871596, 0.642023346303502, 0.6400778210116731, 0.6264591439688716, 0.6498054474708171, 0.6498054474708171]","[0.745136186770428, 0.7431906614785992, 0.7431906614785992, 0.7490272373540856, 0.7470817120622568, 0.7412451361867705, 0.7392996108949417]",3,"[3, 102, 178]"
passive_random,143,504,2055,24.525547445255473,0.6425792106725959,0.7465258476931629,"[0.6439688715953308, 0.642023346303502, 0.642023346303502, 0.6478599221789884, 0.6381322957198443, 0.6459143968871596, 0.6381322957198443]","[0.7470817120622568, 0.7470817120622568, 0.745136186770428, 0.7509727626459144, 0.745136186770428, 0.7490272373540856, 0.7412451361867705]",3,"[249, 179, 154]"
passive_random,144,507,2055,24.67153284671533,0.6456364647026126,0.7443023902167871,"[0.6381322957198443, 0.6478599221789884, 0.6381322957198443, 0.6498054474708171, 0.6400778210116731, 0.6517509727626459, 0.6536964980544747]","[0.7490272373540856, 0.7373540856031129, 0.7470817120622568, 0.7490272373540856, 0.745136186770428, 0.7392996108949417, 0.7431906614785992]",3,"[138, 245, 231]"
passive_random,145,510,2055,24.817518248175183,0.6453585325180656,0.7443023902167871,"[0.642023346303502, 0.6517509727626459, 0.6400778210116731, 0.6459143968871596, 0.6342412451361867, 0.6556420233463035, 0.6478599221789884]","[0.7470817120622568, 0.7509727626459144, 0.7431906614785992, 0.745136186770428, 0.745136186770428, 0.7392996108949417, 0.7392996108949417]",3,"[27, 138, 61]"
passive_random,146,513,2055,24.963503649635037,0.6470261256253474,0.7459699833240689,"[0.642023346303502, 0.6517509727626459, 0.6459143968871596, 0.642023346303502, 0.642023346303502, 0.6536964980544747, 0.6517509727626459]","[0.7490272373540856, 0.7470817120622568, 0.7470817120622568, 0.7490272373540856, 0.7412451361867705, 0.745136186770428, 0.7431906614785992]",3,"[31, 3, 3]"
passive_random,147,516,2055,25.10948905109489,0.6478599221789884,0.7440244580322402,"[0.6439688715953308, 0.6536964980544747, 0.6459143968871596, 0.6459143968871596, 0.6400778210116731, 0.6536964980544747, 0.6517509727626459]","[0.7470817120622568, 0.7373540856031129, 0.7490272373540856, 0.7509727626459144, 0.7392996108949417, 0.7412451361867705, 0.7431906614785992]",3,"[4, 11, 122]"
passive_random,148,519,2055,25.255474452554743,0.6428571428571429,0.7468037798777099,"[0.6400778210116731, 0.6478599221789884, 0.6381322957198443, 0.6536964980544747, 0.622568093385214, 0.6478599221789884, 0.6498054474708171]","[0.7470817120622568, 0.7431906614785992, 0.745136186770428, 0.7529182879377432, 0.7412451361867705, 0.745136186770428, 0.7529182879377432]",3,"[5, 14, 186]"
passive_random,149,522,2055,25.401459854014597,0.6456364647026126,0.7484713729849917,"[0.6478599221789884, 0.6517509727626459, 0.6439688715953308, 0.6459143968871596, 0.6381322957198443, 0.6536964980544747, 0.6381322957198443]","[0.7490272373540856, 0.7470817120622568, 0.745136186770428, 0.7509727626459144, 0.7470817120622568, 0.7529182879377432, 0.7470817120622568]",3,"[191, 5, 88]"
passive_random,150,525,2055,25.547445255474454,0.6456364647026126,0.745414118954975,"[0.6439688715953308, 0.6575875486381323, 0.6342412451361867, 0.642023346303502, 0.6361867704280155, 0.6556420233463035, 0.6498054474708171]","[0.7431906614785992, 0.7470817120622568, 0.7373540856031129, 0.7529182879377432, 0.7431906614785992, 0.745136186770428, 0.7490272373540856]",3,"[5, 88, 195]"
passive_random,151,528,2055,25.693430656934307,0.6456364647026126,0.7445803224013341,"[0.6498054474708171, 0.642023346303502, 0.6361867704280155, 0.642023346303502, 0.6400778210116731, 0.6614785992217899, 0.6478599221789884]","[0.7412451361867705, 0.745136186770428, 0.7431906614785992, 0.7490272373540856, 0.7392996108949417, 0.7509727626459144, 0.7431906614785992]",3,"[179, 3, 88]"
passive_random,152,531,2055,25.83941605839416,0.6461923290717065,0.7504168982768205,"[0.6439688715953308, 0.6556420233463035, 0.6478599221789884, 0.6459143968871596, 0.6264591439688716, 0.6536964980544747, 0.6498054474708171]","[0.7529182879377432, 0.7509727626459144, 0.745136186770428, 0.754863813229572, 0.7509727626459144, 0.7509727626459144, 0.7470817120622568]",3,"[251, 90, 2]"
passive_random,153,534,2055,25.985401459854014,0.6486937187326293,0.7481934408004447,"[0.6439688715953308, 0.6556420233463035, 0.6556420233463035, 0.6400778210116731, 0.6361867704280155, 0.6614785992217899, 0.6478599221789884]","[0.7509727626459144, 0.7470817120622568, 0.7392996108949417, 0.7568093385214008, 0.7509727626459144, 0.745136186770428, 0.7470817120622568]",3,"[88, 88, 102]"
passive_random,154,537,2055,26.131386861313867,0.6534185658699277,0.7495831017231795,"[0.642023346303502, 0.6478599221789884, 0.6575875486381323, 0.6575875486381323, 0.6536964980544747, 0.6595330739299611, 0.6556420233463035]","[0.7470817120622568, 0.7431906614785992, 0.7490272373540856, 0.7607003891050583, 0.745136186770428, 0.7529182879377432, 0.7490272373540856]",3,"[3, 39, 20]"
passive_random,155,540,2055,26.277372262773724,0.6525847693162868,0.7515286270150083,"[0.6517509727626459, 0.6498054474708171, 0.6478599221789884, 0.6556420233463035, 0.6478599221789884, 0.6595330739299611, 0.6556420233463035]","[0.7529182879377432, 0.7509727626459144, 0.7490272373540856, 0.7587548638132295, 0.745136186770428, 0.7529182879377432, 0.7509727626459144]",3,"[108, 231, 61]"
passive_random,156,543,2055,26.423357664233578,0.6486937187326293,0.7515286270150083,"[0.642023346303502, 0.6498054474708171, 0.6575875486381323, 0.6478599221789884, 0.6342412451361867, 0.6575875486381323, 0.6517509727626459]","[0.7509727626459144, 0.7529182879377432, 0.7568093385214008, 0.7509727626459144, 0.7490272373540856, 0.7529182879377432, 0.7470817120622568]",3,"[103, 3, 3]"
passive_random,157,546,2055,26.56934306569343,0.6539744302390217,0.7523624235686492,"[0.6478599221789884, 0.6614785992217899, 0.6536964980544747, 0.6517509727626459, 0.6361867704280155, 0.6614785992217899, 0.6653696498054474]","[0.7509727626459144, 0.754863813229572, 0.7529182879377432, 0.754863813229572, 0.7490272373540856, 0.7490272373540856, 0.754863813229572]",3,"[154, 104, 237]"
passive_random,158,549,2055,26.715328467153284,0.6545302946081156,0.7534741523068371,"[0.6498054474708171, 0.6634241245136187, 0.6536964980544747, 0.6478599221789884, 0.6517509727626459, 0.6595330739299611, 0.6556420233463035]","[0.7587548638132295, 0.7529182879377432, 0.7529182879377432, 0.7607003891050583, 0.7470817120622568, 0.7490272373540856, 0.7529182879377432]",3,"[9, 35, 1]"
passive_random,159,552,2055,26.861313868613138,0.6503613118399111,0.7534741523068371,"[0.6459143968871596, 0.6459143968871596, 0.6536964980544747, 0.6478599221789884, 0.642023346303502, 0.6634241245136187, 0.6536964980544747]","[0.7490272373540856, 0.7509727626459144, 0.7509727626459144, 0.754863813229572, 0.7568093385214008, 0.7529182879377432, 0.7587548638132295]",3,"[38, 20, 3]"
passive_random,160,555,2055,27.00729927007299,0.6536964980544747,0.7556976097832129,"[0.6556420233463035, 0.6498054474708171, 0.6498054474708171, 0.6478599221789884, 0.6517509727626459, 0.6653696498054474, 0.6556420233463035]","[0.7587548638132295, 0.7587548638132295, 0.7509727626459144, 0.754863813229572, 0.7529182879377432, 0.7587548638132295, 0.754863813229572]",3,"[154, 231, 222]"
passive_random,161,558,2055,27.153284671532848,0.6570316842690384,0.7587548638132295,"[0.6517509727626459, 0.6536964980544747, 0.6575875486381323, 0.6614785992217899, 0.6517509727626459, 0.6673151750972762, 0.6556420233463035]","[0.7587548638132295, 0.754863813229572, 0.7568093385214008, 0.754863813229572, 0.7607003891050583, 0.7626459143968871, 0.7626459143968871]",3,"[3, 236, 102]"
passive_random,162,561,2055,27.2992700729927,0.660088938299055,0.7565314063368538,"[0.6575875486381323, 0.6634241245136187, 0.6595330739299611, 0.6575875486381323, 0.6459143968871596, 0.6653696498054474, 0.6712062256809338]","[0.7607003891050583, 0.7607003891050583, 0.754863813229572, 0.7529182879377432, 0.7529182879377432, 0.7490272373540856, 0.7645914396887159]",3,"[234, 231, 3]"
passive_random,163,564,2055,27.445255474452555,0.6550861589772096,0.7570872707059477,"[0.6517509727626459, 0.6575875486381323, 0.6536964980544747, 0.6536964980544747, 0.6556420233463035, 0.6595330739299611, 0.6536964980544747]","[0.7587548638132295, 0.754863813229572, 0.7587548638132295, 0.7529182879377432, 0.7568093385214008, 0.7607003891050583, 0.7568093385214008]",3,"[155, 103, 51]"
passive_random,164,567,2055,27.59124087591241,0.6581434130072262,0.7573652028904947,"[0.6459143968871596, 0.6595330739299611, 0.6673151750972762, 0.6614785992217899, 0.6517509727626459, 0.6673151750972762, 0.6536964980544747]","[0.7607003891050583, 0.7568093385214008, 0.7587548638132295, 0.754863813229572, 0.7490272373540856, 0.7587548638132295, 0.7626459143968871]",3,"[88, 154, 208]"
passive_random,165,570,2055,27.73722627737226,0.6620344635908838,0.7593107281823235,"[0.6556420233463035, 0.6556420233463035, 0.669260700389105, 0.6575875486381323, 0.6595330739299611, 0.6712062256809338, 0.6653696498054474]","[0.7587548638132295, 0.7568093385214008, 0.7607003891050583, 0.754863813229572, 0.754863813229572, 0.7607003891050583, 0.7684824902723736]",3,"[88, 240, 13]"
passive_random,166,573,2055,27.883211678832115,0.67065036131184,0.7651473040578098,"[0.6770428015564203, 0.6712062256809338, 0.669260700389105, 0.6673151750972762, 0.6634241245136187, 0.6750972762645915, 0.6712062256809338]","[0.7665369649805448, 0.7607003891050583, 0.7684824902723736, 0.7665369649805448, 0.7587548638132295, 0.7684824902723736, 0.7665369649805448]",3,"[40, 11, 4]"
passive_random,167,576,2055,28.029197080291972,0.6650917176209005,0.7665369649805447,"[0.6634241245136187, 0.6634241245136187, 0.6731517509727627, 0.6653696498054474, 0.6536964980544747, 0.6673151750972762, 0.669260700389105]","[0.7704280155642024, 0.7665369649805448, 0.7704280155642024, 0.7607003891050583, 0.7626459143968871, 0.7645914396887159, 0.7704280155642024]",3,"[90, 111, 7]"
passive_random,168,579,2055,28.175182481751825,0.6712062256809339,0.7684824902723735,"[0.6770428015564203, 0.6731517509727627, 0.6789883268482491, 0.6575875486381323, 0.6712062256809338, 0.6673151750972762, 0.6731517509727627]","[0.7684824902723736, 0.7587548638132295, 0.77431906614786, 0.7704280155642024, 0.7607003891050583, 0.7704280155642024, 0.7762645914396887]",3,"[105, 90, 5]"
passive_random,169,582,2055,28.32116788321168,0.6737076153418566,0.7684824902723735,"[0.6731517509727627, 0.6731517509727627, 0.6770428015564203, 0.6673151750972762, 0.669260700389105, 0.6906614785992218, 0.6653696498054474]","[0.7723735408560312, 0.7587548638132295, 0.7684824902723736, 0.77431906614786, 0.7665369649805448, 0.7645914396887159, 0.77431906614786]",3,"[222, 152, 5]"
passive_random,170,585,2055,28.467153284671532,0.6731517509727627,0.7684824902723735,"[0.6789883268482491, 0.669260700389105, 0.6789883268482491, 0.6750972762645915, 0.6595330739299611, 0.6789883268482491, 0.6712062256809338]","[0.77431906614786, 0.7607003891050583, 0.7645914396887159, 0.7665369649805448, 0.7704280155642024, 0.7645914396887159, 0.7782101167315175]",3,"[98, 179, 248]"
passive_random,171,588,2055,28.613138686131386,0.6778765981100612,0.7695942190105615,"[0.6770428015564203, 0.6731517509727627, 0.6809338521400778, 0.6712062256809338, 0.6731517509727627, 0.688715953307393, 0.6809338521400778]","[0.7704280155642024, 0.7704280155642024, 0.7704280155642024, 0.7684824902723736, 0.7684824902723736, 0.7704280155642024, 0.7684824902723736]",3,"[102, 249, 211]"
passive_random,172,591,2055,28.759124087591243,0.6717620900500278,0.7670928293496386,"[0.6770428015564203, 0.6770428015564203, 0.6634241245136187, 0.6731517509727627, 0.6673151750972762, 0.6750972762645915, 0.669260700389105]","[0.7645914396887159, 0.7704280155642024, 0.7665369649805448, 0.7645914396887159, 0.7626459143968871, 0.7684824902723736, 0.7723735408560312]",3,"[125, 103, 104]"
passive_random,173,594,2055,28.905109489051096,0.6737076153418566,0.7673707615341856,"[0.6809338521400778, 0.6750972762645915, 0.669260700389105, 0.6712062256809338, 0.6673151750972762, 0.6809338521400778, 0.6712062256809338]","[0.7684824902723736, 0.7665369649805448, 0.7645914396887159, 0.7665369649805448, 0.7645914396887159, 0.7704280155642024, 0.7704280155642024]",3,"[103, 235, 11]"
passive_random,174,597,2055,29.05109489051095,0.6748193440800445,0.7720956086714842,"[0.6770428015564203, 0.6789883268482491, 0.6750972762645915, 0.6731517509727627, 0.6634241245136187, 0.6809338521400778, 0.6750972762645915]","[0.7782101167315175, 0.77431906614786, 0.7704280155642024, 0.7626459143968871, 0.7704280155642024, 0.7762645914396887, 0.7723735408560312]",3,"[81, 77, 65]"
passive_random,175,600,2055,29.197080291970803,0.6778765981100613,0.7712618121178433,"[0.6867704280155642, 0.6750972762645915, 0.6789883268482491, 0.6770428015564203, 0.6731517509727627, 0.6750972762645915, 0.6789883268482491]","[0.77431906614786, 0.7665369649805448, 0.77431906614786, 0.7645914396887159, 0.7704280155642024, 0.77431906614786, 0.77431906614786]",3,"[106, 109, 20]"
passive_random,176,603,2055,29.343065693430656,0.6781545302946083,0.774041133963313,"[0.688715953307393, 0.6770428015564203, 0.6614785992217899, 0.6731517509727627, 0.6789883268482491, 0.6848249027237354, 0.6828793774319066]","[0.7762645914396887, 0.77431906614786, 0.77431906614786, 0.7665369649805448, 0.7723735408560312, 0.7762645914396887, 0.7782101167315175]",3,"[198, 125, 102]"
passive_random,177,606,2055,29.48905109489051,0.6792662590327961,0.7751528627015009,"[0.6731517509727627, 0.688715953307393, 0.6750972762645915, 0.6770428015564203, 0.6731517509727627, 0.6926070038910506, 0.6750972762645915]","[0.7723735408560312, 0.7704280155642024, 0.7782101167315175, 0.7684824902723736, 0.7762645914396887, 0.77431906614786, 0.7859922178988327]",3,"[2, 34, 5]"
passive_random,178,609,2055,29.635036496350367,0.6773207337409672,0.7726514730405781,"[0.6809338521400778, 0.6828793774319066, 0.6789883268482491, 0.6750972762645915, 0.6653696498054474, 0.6867704280155642, 0.6712062256809338]","[0.77431906614786, 0.77431906614786, 0.7821011673151751, 0.7645914396887159, 0.7645914396887159, 0.7723735408560312, 0.7762645914396887]",3,"[249, 245, 207]"
passive_random,179,612,2055,29.78102189781022,0.6778765981100612,0.7732073374096721,"[0.6906614785992218, 0.6789883268482491, 0.6750972762645915, 0.6770428015564203, 0.6653696498054474, 0.6828793774319066, 0.6750972762645915]","[0.7782101167315175, 0.7684824902723736, 0.77431906614786, 0.7665369649805448, 0.7723735408560312, 0.7704280155642024, 0.7821011673151751]",3,"[5, 27, 104]"
passive_random,180,615,2055,29.927007299270073,0.6812117843246249,0.7745969983324069,"[0.6828793774319066, 0.6828793774319066, 0.6653696498054474, 0.6848249027237354, 0.6809338521400778, 0.688715953307393, 0.6828793774319066]","[0.7821011673151751, 0.7762645914396887, 0.7782101167315175, 0.7723735408560312, 0.77431906614786, 0.7684824902723736, 0.7704280155642024]",3,"[112, 127, 178]"
passive_random,181,618,2055,30.072992700729927,0.6823235130628128,0.7779321845469706,"[0.688715953307393, 0.6789883268482491, 0.6731517509727627, 0.6926070038910506, 0.6770428015564203, 0.6809338521400778, 0.6848249027237354]","[0.7782101167315175, 0.7762645914396887, 0.7840466926070039, 0.7762645914396887, 0.77431906614786, 0.7840466926070039, 0.7723735408560312]",3,"[231, 183, 147]"
passive_random,182,621,2055,30.21897810218978,0.6814897165091719,0.7770983879933296,"[0.6945525291828794, 0.688715953307393, 0.6712062256809338, 0.6750972762645915, 0.6770428015564203, 0.6848249027237354, 0.6789883268482491]","[0.7840466926070039, 0.7782101167315175, 0.77431906614786, 0.7723735408560312, 0.77431906614786, 0.7762645914396887, 0.7801556420233463]",3,"[35, 7, 249]"
passive_random,183,624,2055,30.364963503649633,0.6826014452473598,0.7773763201778766,"[0.6945525291828794, 0.6848249027237354, 0.6750972762645915, 0.6809338521400778, 0.6809338521400778, 0.6770428015564203, 0.6848249027237354]","[0.7762645914396887, 0.7821011673151751, 0.7723735408560312, 0.7723735408560312, 0.77431906614786, 0.7782101167315175, 0.7859922178988327]",3,"[240, 231, 65]"
passive_random,184,627,2055,30.51094890510949,0.6831573096164537,0.7759866592551418,"[0.6867704280155642, 0.688715953307393, 0.6828793774319066, 0.6789883268482491, 0.6750972762645915, 0.6867704280155642, 0.6828793774319066]","[0.7801556420233463, 0.77431906614786, 0.7821011673151751, 0.7665369649805448, 0.7762645914396887, 0.7723735408560312, 0.7801556420233463]",3,"[138, 61, 222]"
passive_random,185,630,2055,30.656934306569344,0.6839911061700946,0.7759866592551418,"[0.6809338521400778, 0.6964980544747081, 0.6828793774319066, 0.6809338521400778, 0.6789883268482491, 0.6926070038910506, 0.6750972762645915]","[0.7723735408560312, 0.7782101167315175, 0.7801556420233463, 0.77431906614786, 0.7723735408560312, 0.7762645914396887, 0.7782101167315175]",3,"[3, 233, 202]"
passive_random,186,633,2055,30.802919708029197,0.6831573096164537,0.7745969983324069,"[0.6828793774319066, 0.6848249027237354, 0.6770428015564203, 0.6906614785992218, 0.6789883268482491, 0.6848249027237354, 0.6828793774319066]","[0.7723735408560312, 0.77431906614786, 0.77431906614786, 0.7723735408560312, 0.7840466926070039, 0.7723735408560312, 0.7723735408560312]",3,"[245, 88, 39]"
passive_random,187,636,2055,30.94890510948905,0.6876042245692052,0.7748749305169539,"[0.6945525291828794, 0.688715953307393, 0.6828793774319066, 0.688715953307393, 0.6789883268482491, 0.6984435797665369, 0.6809338521400778]","[0.7782101167315175, 0.7782101167315175, 0.7782101167315175, 0.7723735408560312, 0.7704280155642024, 0.7762645914396887, 0.7704280155642024]",3,"[195, 88, 63]"
passive_random,188,639,2055,31.094890510948904,0.6826014452473598,0.7748749305169539,"[0.6789883268482491, 0.688715953307393, 0.6770428015564203, 0.6789883268482491, 0.6789883268482491, 0.6867704280155642, 0.688715953307393]","[0.7723735408560312, 0.77431906614786, 0.7762645914396887, 0.7801556420233463, 0.7684824902723736, 0.77431906614786, 0.7782101167315175]",3,"[154, 243, 20]"
passive_random,189,642,2055,31.240875912408757,0.6873262923846583,0.7768204558087827,"[0.6828793774319066, 0.6848249027237354, 0.6867704280155642, 0.6906614785992218, 0.6789883268482491, 0.6926070038910506, 0.6945525291828794]","[0.7840466926070039, 0.7782101167315175, 0.77431906614786, 0.7762645914396887, 0.7684824902723736, 0.7762645914396887, 0.7801556420233463]",3,"[2, 71, 124]"
passive_random,190,645,2055,31.386861313868614,0.6837131739855477,0.7754307948860478,"[0.6828793774319066, 0.6828793774319066, 0.6809338521400778, 0.6828793774319066, 0.6809338521400778, 0.6964980544747081, 0.6789883268482491]","[0.7704280155642024, 0.7723735408560312, 0.7801556420233463, 0.7723735408560312, 0.77431906614786, 0.7723735408560312, 0.7859922178988327]",3,"[20, 111, 36]"
passive_random,191,648,2055,31.532846715328468,0.6837131739855477,0.77431906614786,"[0.6828793774319066, 0.6848249027237354, 0.6750972762645915, 0.6848249027237354, 0.6828793774319066, 0.6926070038910506, 0.6828793774319066]","[0.7782101167315175, 0.77431906614786, 0.7704280155642024, 0.7723735408560312, 0.7723735408560312, 0.7762645914396887, 0.7762645914396887]",3,"[187, 68, 154]"
passive_random,192,651,2055,31.67883211678832,0.6814897165091718,0.7715397443023903,"[0.6945525291828794, 0.6906614785992218, 0.6731517509727627, 0.6809338521400778, 0.6712062256809338, 0.6789883268482491, 0.6809338521400778]","[0.7723735408560312, 0.7684824902723736, 0.7762645914396887, 0.7723735408560312, 0.7684824902723736, 0.77431906614786, 0.7684824902723736]",3,"[248, 124, 3]"
passive_random,193,654,2055,31.824817518248175,0.6787103946637022,0.77431906614786,"[0.6828793774319066, 0.6828793774319066, 0.6809338521400778, 0.6731517509727627, 0.6731517509727627, 0.6828793774319066, 0.6750972762645915]","[0.7704280155642024, 0.7704280155642024, 0.7762645914396887, 0.7723735408560312, 0.7782101167315175, 0.7723735408560312, 0.7801556420233463]",3,"[222, 249, 112]"
passive_random,194,657,2055,31.970802919708028,0.6812117843246249,0.7768204558087827,"[0.6828793774319066, 0.6770428015564203, 0.6809338521400778, 0.6770428015564203, 0.6789883268482491, 0.6906614785992218, 0.6809338521400778]","[0.7762645914396887, 0.77431906614786, 0.7704280155642024, 0.7821011673151751, 0.7821011673151751, 0.7704280155642024, 0.7821011673151751]",3,"[81, 5, 65]"
passive_random,195,660,2055,32.11678832116788,0.6845469705391886,0.7729294052251251,"[0.6906614785992218, 0.6809338521400778, 0.6809338521400778, 0.688715953307393, 0.6731517509727627, 0.6848249027237354, 0.6926070038910506]","[0.7723735408560312, 0.7684824902723736, 0.7684824902723736, 0.77431906614786, 0.7801556420233463, 0.77431906614786, 0.7723735408560312]",3,"[159, 246, 20]"
passive_random,196,663,2055,32.262773722627735,0.6781545302946083,0.7712618121178432,"[0.6731517509727627, 0.6789883268482491, 0.6673151750972762, 0.6828793774319066, 0.6809338521400778, 0.6828793774319066, 0.6809338521400778]","[0.77431906614786, 0.7704280155642024, 0.7723735408560312, 0.7704280155642024, 0.77431906614786, 0.7645914396887159, 0.7723735408560312]",3,"[61, 234, 231]"
passive_random,197,666,2055,32.40875912408759,0.6842690383546416,0.7754307948860478,"[0.6848249027237354, 0.6828793774319066, 0.6828793774319066, 0.6828793774319066, 0.6828793774319066, 0.6867704280155642, 0.6867704280155642]","[0.7782101167315175, 0.7762645914396887, 0.7723735408560312, 0.7723735408560312, 0.7723735408560312, 0.7704280155642024, 0.7859922178988327]",3,"[77, 123, 222]"
passive_random,198,669,2055,32.55474452554745,0.6839911061700946,0.7757087270705948,"[0.6926070038910506, 0.6867704280155642, 0.6750972762645915, 0.6828793774319066, 0.6770428015564203, 0.6828793774319066, 0.6906614785992218]","[0.7762645914396887, 0.77431906614786, 0.7801556420233463, 0.7762645914396887, 0.77431906614786, 0.7704280155642024, 0.7782101167315175]",3,"[20, 103, 45]"
passive_random,199,672,2055,32.7007299270073,0.689549749861034,0.773485269594219,"[0.6926070038910506, 0.6964980544747081, 0.6712062256809338, 0.6984435797665369, 0.6828793774319066, 0.6906614785992218, 0.6945525291828794]","[0.7723735408560312, 0.7704280155642024, 0.77431906614786, 0.7704280155642024, 0.7782101167315175, 0.77431906614786, 0.77431906614786]",3,"[191, 65, 111]"
passive_random,200,675,2055,32.846715328467155,0.6814897165091719,0.7759866592551418,"[0.688715953307393, 0.688715953307393, 0.669260700389105, 0.6828793774319066, 0.6731517509727627, 0.6848249027237354, 0.6828793774319066]","[0.77431906614786, 0.77431906614786, 0.7801556420233463, 0.7782101167315175, 0.7684824902723736, 0.7762645914396887, 0.7801556420233463]",3,"[249, 37, 3]"
passive_random,201,678,2055,32.99270072992701,0.6845469705391886,0.7757087270705948,"[0.6906614785992218, 0.6926070038910506, 0.6809338521400778, 0.6848249027237354, 0.6789883268482491, 0.6789883268482491, 0.6848249027237354]","[0.7723735408560312, 0.77431906614786, 0.7762645914396887, 0.7762645914396887, 0.7782101167315175, 0.7723735408560312, 0.7801556420233463]",3,"[88, 212, 3]"
passive_random,202,681,2055,33.13868613138686,0.6820455808782658,0.7748749305169539,"[0.6828793774319066, 0.6848249027237354, 0.6731517509727627, 0.6809338521400778, 0.6770428015564203, 0.6926070038910506, 0.6828793774319066]","[0.77431906614786, 0.7762645914396887, 0.77431906614786, 0.77431906614786, 0.7782101167315175, 0.7762645914396887, 0.7704280155642024]",3,"[51, 249, 248]"
passive_random,203,684,2055,33.284671532846716,0.6862145636464704,0.7745969983324069,"[0.688715953307393, 0.6906614785992218, 0.6712062256809338, 0.6945525291828794, 0.6789883268482491, 0.6926070038910506, 0.6867704280155642]","[0.77431906614786, 0.7762645914396887, 0.7723735408560312, 0.7762645914396887, 0.7723735408560312, 0.7723735408560312, 0.7782101167315175]",3,"[53, 3, 224]"
passive_random,204,687,2055,33.43065693430657,0.6812117843246249,0.7751528627015009,"[0.6848249027237354, 0.6828793774319066, 0.6770428015564203, 0.6809338521400778, 0.6789883268482491, 0.6731517509727627, 0.6906614785992218]","[0.7723735408560312, 0.77431906614786, 0.7723735408560312, 0.7782101167315175, 0.77431906614786, 0.7782101167315175, 0.7762645914396887]",3,"[231, 77, 231]"
passive_random,205,690,2055,33.57664233576642,0.6842690383546416,0.773485269594219,"[0.688715953307393, 0.6848249027237354, 0.6770428015564203, 0.688715953307393, 0.6809338521400778, 0.6828793774319066, 0.6867704280155642]","[0.77431906614786, 0.7723735408560312, 0.7684824902723736, 0.7782101167315175, 0.7723735408560312, 0.7684824902723736, 0.7801556420233463]",3,"[249, 3, 127]"
passive_random,206,693,2055,33.722627737226276,0.6817676486937189,0.7762645914396887,"[0.688715953307393, 0.6867704280155642, 0.6712062256809338, 0.6848249027237354, 0.6770428015564203, 0.6828793774319066, 0.6809338521400778]","[0.7782101167315175, 0.7723735408560312, 0.7782101167315175, 0.7762645914396887, 0.7782101167315175, 0.77431906614786, 0.7762645914396887]",3,"[77, 120, 161]"
passive_random,207,696,2055,33.86861313868613,0.680655919955531,0.7790439132851584,"[0.6926070038910506, 0.6867704280155642, 0.6789883268482491, 0.6789883268482491, 0.6731517509727627, 0.6750972762645915, 0.6789883268482491]","[0.7762645914396887, 0.7801556420233463, 0.7821011673151751, 0.7801556420233463, 0.7762645914396887, 0.7782101167315175, 0.7801556420233463]",3,"[231, 5, 176]"
passive_random,208,699,2055,34.01459854014598,0.6870483602001113,0.7729294052251251,"[0.6828793774319066, 0.688715953307393, 0.6731517509727627, 0.6926070038910506, 0.7003891050583657, 0.6809338521400778, 0.6906614785992218]","[0.7762645914396887, 0.7723735408560312, 0.7704280155642024, 0.7723735408560312, 0.7665369649805448, 0.7762645914396887, 0.7762645914396887]",3,"[231, 203, 36]"
passive_random,209,702,2055,34.160583941605836,0.6831573096164537,0.7757087270705948,"[0.6828793774319066, 0.6926070038910506, 0.6653696498054474, 0.6906614785992218, 0.6809338521400778, 0.6906614785992218, 0.6789883268482491]","[0.77431906614786, 0.7762645914396887, 0.7879377431906615, 0.7821011673151751, 0.77431906614786, 0.7665369649805448, 0.7684824902723736]",3,"[103, 245, 8]"
passive_random,210,705,2055,34.306569343065696,0.6876042245692052,0.7745969983324068,"[0.6867704280155642, 0.6906614785992218, 0.6750972762645915, 0.7003891050583657, 0.6867704280155642, 0.6809338521400778, 0.6926070038910506]","[0.7782101167315175, 0.7704280155642024, 0.7821011673151751, 0.7801556420233463, 0.77431906614786, 0.7645914396887159, 0.7723735408560312]",3,"[189, 61, 231]"
passive_random,211,708,2055,34.45255474452555,0.6856586992773764,0.7748749305169539,"[0.688715953307393, 0.688715953307393, 0.6750972762645915, 0.6926070038910506, 0.6750972762645915, 0.6906614785992218, 0.688715953307393]","[0.7665369649805448, 0.7801556420233463, 0.7723735408560312, 0.7801556420233463, 0.77431906614786, 0.7801556420233463, 0.7704280155642024]",3,"[93, 191, 202]"
passive_random,212,711,2055,34.5985401459854,0.6887159533073931,0.7765425236242357,"[0.688715953307393, 0.6906614785992218, 0.6867704280155642, 0.6867704280155642, 0.6848249027237354, 0.6906614785992218, 0.6926070038910506]","[0.7782101167315175, 0.7723735408560312, 0.7723735408560312, 0.7821011673151751, 0.7801556420233463, 0.77431906614786, 0.7762645914396887]",3,"[44, 61, 111]"
passive_random,213,714,2055,34.74452554744526,0.6887159533073931,0.7754307948860478,"[0.6926070038910506, 0.6828793774319066, 0.6809338521400778, 0.6906614785992218, 0.688715953307393, 0.688715953307393, 0.6964980544747081]","[0.7723735408560312, 0.7704280155642024, 0.7684824902723736, 0.77431906614786, 0.77431906614786, 0.7821011673151751, 0.7859922178988327]",3,"[97, 64, 61]"
passive_random,214,717,2055,34.89051094890511,0.6842690383546416,0.7762645914396887,"[0.6906614785992218, 0.6926070038910506, 0.669260700389105, 0.6926070038910506, 0.6750972762645915, 0.6828793774319066, 0.6867704280155642]","[0.7782101167315175, 0.77431906614786, 0.7723735408560312, 0.7801556420233463, 0.7704280155642024, 0.7801556420233463, 0.7782101167315175]",3,"[118, 237, 203]"
passive_random,215,720,2055,35.03649635036496,0.6867704280155643,0.7751528627015009,"[0.6906614785992218, 0.688715953307393, 0.6867704280155642, 0.6926070038910506, 0.6750972762645915, 0.6809338521400778, 0.6926070038910506]","[0.7684824902723736, 0.7801556420233463, 0.7782101167315175, 0.7704280155642024, 0.77431906614786, 0.7782101167315175, 0.7762645914396887]",3,"[211, 154, 102]"
passive_random,216,723,2055,35.18248175182482,0.6864924958310173,0.7770983879933296,"[0.6945525291828794, 0.6926070038910506, 0.6789883268482491, 0.6906614785992218, 0.6848249027237354, 0.6828793774319066, 0.6809338521400778]","[0.7762645914396887, 0.7840466926070039, 0.7762645914396887, 0.7723735408560312, 0.7723735408560312, 0.7782101167315175, 0.7801556420233463]",3,"[20, 172, 248]"
passive_random,217,726,2055,35.32846715328467,0.6862145636464704,0.7726514730405781,"[0.6906614785992218, 0.6926070038910506, 0.6770428015564203, 0.6945525291828794, 0.6770428015564203, 0.6828793774319066, 0.688715953307393]","[0.7665369649805448, 0.7704280155642024, 0.7723735408560312, 0.7762645914396887, 0.7723735408560312, 0.7762645914396887, 0.77431906614786]",3,"[114, 77, 246]"
passive_random,218,729,2055,35.47445255474452,0.6873262923846583,0.7765425236242357,"[0.6984435797665369, 0.6906614785992218, 0.6770428015564203, 0.6926070038910506, 0.6828793774319066, 0.6828793774319066, 0.6867704280155642]","[0.7782101167315175, 0.7762645914396887, 0.7801556420233463, 0.7762645914396887, 0.7723735408560312, 0.7723735408560312, 0.7801556420233463]",3,"[90, 249, 5]"
passive_random,219,732,2055,35.62043795620438,0.6848249027237355,0.7776542523624236,"[0.6906614785992218, 0.6848249027237354, 0.6828793774319066, 0.688715953307393, 0.6828793774319066, 0.6809338521400778, 0.6828793774319066]","[0.7782101167315175, 0.7801556420233463, 0.7782101167315175, 0.7723735408560312, 0.7840466926070039, 0.7762645914396887, 0.77431906614786]",3,"[3, 249, 92]"
passive_random,220,735,2055,35.76642335766423,0.689827682045581,0.7759866592551418,"[0.6964980544747081, 0.6926070038910506, 0.6673151750972762, 0.6984435797665369, 0.6945525291828794, 0.6926070038910506, 0.6867704280155642]","[0.7684824902723736, 0.7762645914396887, 0.7840466926070039, 0.77431906614786, 0.77431906614786, 0.7782101167315175, 0.7762645914396887]",3,"[246, 249, 105]"
passive_random,221,738,2055,35.91240875912409,0.689827682045581,0.7729294052251251,"[0.7003891050583657, 0.6906614785992218, 0.6750972762645915, 0.6926070038910506, 0.6828793774319066, 0.6906614785992218, 0.6964980544747081]","[0.77431906614786, 0.7723735408560312, 0.7723735408560312, 0.7782101167315175, 0.7704280155642024, 0.7684824902723736, 0.77431906614786]",3,"[10, 231, 187]"
passive_random,222,741,2055,36.058394160583944,0.6889938854919401,0.7748749305169539,"[0.6906614785992218, 0.6828793774319066, 0.688715953307393, 0.6926070038910506, 0.6867704280155642, 0.6964980544747081, 0.6848249027237354]","[0.7762645914396887, 0.7801556420233463, 0.77431906614786, 0.7762645914396887, 0.7723735408560312, 0.7704280155642024, 0.77431906614786]",3,"[249, 226, 246]"
passive_random,223,744,2055,36.2043795620438,0.6887159533073931,0.7762645914396887,"[0.6945525291828794, 0.6906614785992218, 0.6848249027237354, 0.688715953307393, 0.6926070038910506, 0.6867704280155642, 0.6828793774319066]","[0.7762645914396887, 0.7762645914396887, 0.7782101167315175, 0.77431906614786, 0.7782101167315175, 0.77431906614786, 0.7762645914396887]",3,"[187, 233, 239]"
passive_random,224,747,2055,36.35036496350365,0.689549749861034,0.7745969983324069,"[0.6945525291828794, 0.6906614785992218, 0.6789883268482491, 0.6867704280155642, 0.688715953307393, 0.6906614785992218, 0.6964980544747081]","[0.7723735408560312, 0.7684824902723736, 0.7821011673151751, 0.7723735408560312, 0.7762645914396887, 0.7684824902723736, 0.7821011673151751]",3,"[129, 212, 124]"
passive_random,225,750,2055,36.496350364963504,0.690105614230128,0.7754307948860478,"[0.6945525291828794, 0.6945525291828794, 0.6750972762645915, 0.6964980544747081, 0.6867704280155642, 0.6945525291828794, 0.688715953307393]","[0.7704280155642024, 0.7762645914396887, 0.7762645914396887, 0.7801556420233463, 0.7684824902723736, 0.7782101167315175, 0.7782101167315175]",3,"[3, 146, 3]"
passive_random,226,753,2055,36.64233576642336,0.6878821567537522,0.7759866592551418,"[0.688715953307393, 0.6926070038910506, 0.6848249027237354, 0.6926070038910506, 0.6789883268482491, 0.6867704280155642, 0.6906614785992218]","[0.7723735408560312, 0.77431906614786, 0.7762645914396887, 0.7801556420233463, 0.7821011673151751, 0.7723735408560312, 0.77431906614786]",3,"[158, 138, 20]"
passive_random,227,756,2055,36.78832116788321,0.6873262923846583,0.7759866592551418,"[0.6809338521400778, 0.6964980544747081, 0.6789883268482491, 0.6906614785992218, 0.6828793774319066, 0.6809338521400778, 0.7003891050583657]","[0.77431906614786, 0.77431906614786, 0.7782101167315175, 0.7762645914396887, 0.77431906614786, 0.7762645914396887, 0.7782101167315175]",3,"[243, 75, 172]"
passive_random,228,759,2055,36.934306569343065,0.6881600889382992,0.7790439132851584,"[0.6945525291828794, 0.6809338521400778, 0.688715953307393, 0.6906614785992218, 0.6828793774319066, 0.6926070038910506, 0.6867704280155642]","[0.7801556420233463, 0.7762645914396887, 0.7801556420233463, 0.77431906614786, 0.7782101167315175, 0.7801556420233463, 0.7840466926070039]",3,"[5, 162, 72]"
passive_random,229,762,2055,37.08029197080292,0.6914952751528628,0.7793218454697054,"[0.7062256809338522, 0.6945525291828794, 0.6809338521400778, 0.6945525291828794, 0.6848249027237354, 0.688715953307393, 0.6906614785992218]","[0.77431906614786, 0.7782101167315175, 0.7782101167315175, 0.7801556420233463, 0.7821011673151751, 0.77431906614786, 0.7879377431906615]",3,"[20, 179, 2]"
passive_random,230,765,2055,37.22627737226277,0.6917732073374098,0.7790439132851584,"[0.6964980544747081, 0.6945525291828794, 0.6906614785992218, 0.7023346303501945, 0.6867704280155642, 0.6750972762645915, 0.6964980544747081]","[0.7762645914396887, 0.7801556420233463, 0.7801556420233463, 0.7840466926070039, 0.77431906614786, 0.7762645914396887, 0.7821011673151751]",3,"[109, 4, 226]"
passive_random,231,768,2055,37.372262773722625,0.6945525291828795,0.7818232351306281,"[0.6964980544747081, 0.7003891050583657, 0.6867704280155642, 0.6945525291828794, 0.6926070038910506, 0.6945525291828794, 0.6964980544747081]","[0.7840466926070039, 0.7840466926070039, 0.7801556420233463, 0.7879377431906615, 0.77431906614786, 0.7821011673151751, 0.7801556420233463]",3,"[10, 11, 3]"
passive_random,232,771,2055,37.518248175182485,0.6945525291828795,0.7798777098387993,"[0.6964980544747081, 0.6964980544747081, 0.6926070038910506, 0.7023346303501945, 0.6828793774319066, 0.6945525291828794, 0.6964980544747081]","[0.77431906614786, 0.7782101167315175, 0.7723735408560312, 0.7801556420233463, 0.7762645914396887, 0.7859922178988327, 0.791828793774319]",3,"[3, 222, 203]"
passive_random,233,774,2055,37.66423357664234,0.6903835464146749,0.7787659811006115,"[0.6984435797665369, 0.688715953307393, 0.6828793774319066, 0.7003891050583657, 0.6828793774319066, 0.6906614785992218, 0.688715953307393]","[0.7762645914396887, 0.7782101167315175, 0.7723735408560312, 0.7821011673151751, 0.7801556420233463, 0.7762645914396887, 0.7859922178988327]",3,"[106, 2, 3]"
passive_random,234,777,2055,37.81021897810219,0.6923290717065037,0.7809894385769872,"[0.6984435797665369, 0.6906614785992218, 0.6848249027237354, 0.7062256809338522, 0.6906614785992218, 0.6906614785992218, 0.6848249027237354]","[0.7840466926070039, 0.7840466926070039, 0.7762645914396887, 0.77431906614786, 0.77431906614786, 0.7859922178988327, 0.7879377431906615]",3,"[226, 82, 190]"
passive_random,235,780,2055,37.956204379562045,0.689549749861034,0.7798777098387993,"[0.6945525291828794, 0.688715953307393, 0.6828793774319066, 0.688715953307393, 0.6926070038910506, 0.6848249027237354, 0.6945525291828794]","[0.7684824902723736, 0.7859922178988327, 0.7801556420233463, 0.7840466926070039, 0.7684824902723736, 0.7821011673151751, 0.7898832684824902]",3,"[5, 169, 154]"
passive_random,236,783,2055,38.1021897810219,0.6914952751528628,0.7773763201778766,"[0.6964980544747081, 0.6984435797665369, 0.6750972762645915, 0.6984435797665369, 0.6848249027237354, 0.688715953307393, 0.6984435797665369]","[0.77431906614786, 0.7762645914396887, 0.77431906614786, 0.7801556420233463, 0.7723735408560312, 0.7801556420233463, 0.7840466926070039]",3,"[9, 60, 61]"
passive_random,237,786,2055,38.24817518248175,0.690105614230128,0.7776542523624236,"[0.6984435797665369, 0.688715953307393, 0.688715953307393, 0.6945525291828794, 0.6848249027237354, 0.6848249027237354, 0.6906614785992218]","[0.7704280155642024, 0.7782101167315175, 0.7762645914396887, 0.7821011673151751, 0.77431906614786, 0.7840466926070039, 0.7782101167315175]",3,"[159, 249, 66]"
passive_random,238,789,2055,38.394160583941606,0.6945525291828795,0.7787659811006115,"[0.7003891050583657, 0.6926070038910506, 0.6848249027237354, 0.6906614785992218, 0.6964980544747081, 0.6964980544747081, 0.7003891050583657]","[0.7704280155642024, 0.7801556420233463, 0.7821011673151751, 0.7801556420233463, 0.7762645914396887, 0.7782101167315175, 0.7840466926070039]",3,"[75, 231, 124]"
passive_random,239,792,2055,38.54014598540146,0.6903835464146749,0.7770983879933296,"[0.6906614785992218, 0.6809338521400778, 0.6906614785992218, 0.6984435797665369, 0.6848249027237354, 0.6906614785992218, 0.6964980544747081]","[0.7801556420233463, 0.77431906614786, 0.7782101167315175, 0.7821011673151751, 0.77431906614786, 0.7723735408560312, 0.7782101167315175]",3,"[154, 11, 35]"
passive_random,240,795,2055,38.68613138686131,0.6926070038910507,0.7793218454697054,"[0.7023346303501945, 0.6906614785992218, 0.688715953307393, 0.6964980544747081, 0.6828793774319066, 0.6945525291828794, 0.6926070038910506]","[0.7704280155642024, 0.7859922178988327, 0.7782101167315175, 0.7782101167315175, 0.7762645914396887, 0.7821011673151751, 0.7840466926070039]",3,"[3, 111, 238]"
passive_random,241,798,2055,38.832116788321166,0.6962201222901613,0.7784880489160645,"[0.7003891050583657, 0.6945525291828794, 0.6848249027237354, 0.6984435797665369, 0.6926070038910506, 0.7023346303501945, 0.7003891050583657]","[0.7723735408560312, 0.7782101167315175, 0.77431906614786, 0.7782101167315175, 0.7782101167315175, 0.7821011673151751, 0.7859922178988327]",3,"[240, 3, 248]"
passive_random,242,801,2055,38.97810218978102,0.6928849360755976,0.7773763201778766,"[0.7062256809338522, 0.6789883268482491, 0.6945525291828794, 0.6906614785992218, 0.6945525291828794, 0.6984435797665369, 0.6867704280155642]","[0.77431906614786, 0.7704280155642024, 0.7859922178988327, 0.7723735408560312, 0.7782101167315175, 0.7723735408560312, 0.7879377431906615]",3,"[3, 240, 38]"
passive_random,243,804,2055,39.12408759124087,0.689827682045581,0.7795997776542524,"[0.6926070038910506, 0.6848249027237354, 0.6848249027237354, 0.6984435797665369, 0.6809338521400778, 0.6984435797665369, 0.688715953307393]","[0.7762645914396887, 0.7782101167315175, 0.7762645914396887, 0.7859922178988327, 0.7723735408560312, 0.7879377431906615, 0.7801556420233463]",3,"[246, 46, 80]"
passive_random,244,807,2055,39.27007299270073,0.6920511395219567,0.7793218454697054,"[0.6906614785992218, 0.6906614785992218, 0.6848249027237354, 0.6906614785992218, 0.6945525291828794, 0.6964980544747081, 0.6964980544747081]","[0.77431906614786, 0.7704280155642024, 0.7801556420233463, 0.7782101167315175, 0.7801556420233463, 0.7840466926070039, 0.7879377431906615]",3,"[20, 182, 211]"
passive_random,245,810,2055,39.416058394160586,0.6937187326292386,0.7782101167315175,"[0.6906614785992218, 0.6848249027237354, 0.6906614785992218, 0.7003891050583657, 0.6926070038910506, 0.708171206225681, 0.688715953307393]","[0.7665369649805448, 0.7762645914396887, 0.77431906614786, 0.7821011673151751, 0.7762645914396887, 0.7898832684824902, 0.7821011673151751]",3,"[5, 2, 61]"
passive_random,246,813,2055,39.56204379562044,0.6920511395219567,0.7776542523624236,"[0.6945525291828794, 0.6809338521400778, 0.688715953307393, 0.688715953307393, 0.688715953307393, 0.7003891050583657, 0.7023346303501945]","[0.7704280155642024, 0.7762645914396887, 0.7782101167315175, 0.7704280155642024, 0.7801556420233463, 0.7821011673151751, 0.7859922178988327]",3,"[102, 102, 36]"
passive_random,247,816,2055,39.70802919708029,0.6956642579210673,0.7821011673151751,"[0.7003891050583657, 0.688715953307393, 0.6828793774319066, 0.6984435797665369, 0.6984435797665369, 0.6984435797665369, 0.7023346303501945]","[0.7801556420233463, 0.7723735408560312, 0.7859922178988327, 0.7859922178988327, 0.7859922178988327, 0.7840466926070039, 0.7801556420233463]",3,"[3, 212, 128]"
passive_random,248,819,2055,39.85401459854015,0.6967759866592552,0.7812673707615342,"[0.6984435797665369, 0.6926070038910506, 0.6828793774319066, 0.7042801556420234, 0.6984435797665369, 0.7062256809338522, 0.6945525291828794]","[0.7762645914396887, 0.7821011673151751, 0.7840466926070039, 0.7859922178988327, 0.77431906614786, 0.7840466926070039, 0.7821011673151751]",3,"[198, 7, 249]"
passive_random,249,822,2055,40.0,0.7020566981656476,0.7821011673151751,"[0.7062256809338522, 0.6964980544747081, 0.7003891050583657, 0.7003891050583657, 0.7003891050583657, 0.7062256809338522, 0.7042801556420234]","[0.7821011673151751, 0.7859922178988327, 0.7801556420233463, 0.7840466926070039, 0.7782101167315175, 0.7840466926070039, 0.7801556420233463]",3,"[3, 39, 144]"
passive_random,250,825,2055,40.14598540145985,0.7001111728738189,0.7834908282379099,"[0.708171206225681, 0.6926070038910506, 0.7023346303501945, 0.6984435797665369, 0.7023346303501945, 0.7023346303501945, 0.6945525291828794]","[0.7859922178988327, 0.7762645914396887, 0.7840466926070039, 0.7859922178988327, 0.7801556420233463, 0.7840466926070039, 0.7879377431906615]",3,"[77, 140, 251]"
passive_random,251,828,2055,40.29197080291971,0.7001111728738189,0.7846025569760978,"[0.6945525291828794, 0.6964980544747081, 0.688715953307393, 0.7062256809338522, 0.7003891050583657, 0.708171206225681, 0.7062256809338522]","[0.77431906614786, 0.7859922178988327, 0.7879377431906615, 0.7821011673151751, 0.7801556420233463, 0.791828793774319, 0.7898832684824902]",3,"[5, 203, 5]"
passive_random,252,831,2055,40.43795620437956,0.7003891050583658,0.7862701500833796,"[0.6984435797665369, 0.7003891050583657, 0.6906614785992218, 0.6945525291828794, 0.7003891050583657, 0.7120622568093385, 0.7062256809338522]","[0.7801556420233463, 0.7821011673151751, 0.7879377431906615, 0.7859922178988327, 0.7879377431906615, 0.7840466926070039, 0.7957198443579766]",3,"[80, 90, 112]"
passive_random,253,834,2055,40.583941605839414,0.7003891050583658,0.7821011673151751,"[0.6984435797665369, 0.708171206225681, 0.6926070038910506, 0.7003891050583657, 0.7003891050583657, 0.7003891050583657, 0.7023346303501945]","[0.7723735408560312, 0.7821011673151751, 0.7859922178988327, 0.7859922178988327, 0.7801556420233463, 0.7859922178988327, 0.7821011673151751]",3,"[3, 6, 102]"
passive_random,254,837,2055,40.72992700729927,0.6998332406892719,0.7851584213451918,"[0.7042801556420234, 0.6984435797665369, 0.6964980544747081, 0.7023346303501945, 0.6945525291828794, 0.7003891050583657, 0.7023346303501945]","[0.77431906614786, 0.7859922178988327, 0.7840466926070039, 0.791828793774319, 0.7898832684824902, 0.7801556420233463, 0.7898832684824902]",3,"[70, 248, 5]"
passive_random,255,840,2055,40.87591240875913,0.7023346303501946,0.7834908282379099,"[0.6984435797665369, 0.7062256809338522, 0.7003891050583657, 0.6984435797665369, 0.6984435797665369, 0.7042801556420234, 0.7101167315175098]","[0.7704280155642024, 0.7821011673151751, 0.7840466926070039, 0.7859922178988327, 0.7859922178988327, 0.7937743190661478, 0.7821011673151751]",3,"[182, 51, 51]"
passive_random,256,843,2055,41.02189781021898,0.7003891050583658,0.7859922178988327,"[0.7101167315175098, 0.688715953307393, 0.6945525291828794, 0.6984435797665369, 0.7023346303501945, 0.7003891050583657, 0.708171206225681]","[0.7762645914396887, 0.7859922178988327, 0.7879377431906615, 0.7937743190661478, 0.791828793774319, 0.7801556420233463, 0.7859922178988327]",3,"[0, 3, 20]"
passive_random,257,846,2055,41.167883211678834,0.7028904947192885,0.7882156753752084,"[0.7101167315175098, 0.6926070038910506, 0.6926070038910506, 0.7042801556420234, 0.7023346303501945, 0.7120622568093385, 0.7062256809338522]","[0.7840466926070039, 0.7821011673151751, 0.7976653696498055, 0.7879377431906615, 0.7840466926070039, 0.7879377431906615, 0.7937743190661478]",3,"[51, 212, 25]"
passive_random,258,849,2055,41.31386861313869,0.7012229016120067,0.7898832684824902,"[0.7101167315175098, 0.6945525291828794, 0.7003891050583657, 0.7062256809338522, 0.6984435797665369, 0.7023346303501945, 0.6964980544747081]","[0.7859922178988327, 0.7879377431906615, 0.791828793774319, 0.7937743190661478, 0.7898832684824902, 0.7937743190661478, 0.7859922178988327]",3,"[65, 134, 72]"
passive_random,259,852,2055,41.45985401459854,0.7012229016120067,0.7896053362979433,"[0.7042801556420234, 0.7023346303501945, 0.6926070038910506, 0.7062256809338522, 0.7003891050583657, 0.6984435797665369, 0.7042801556420234]","[0.7859922178988327, 0.7821011673151751, 0.7937743190661478, 0.7937743190661478, 0.7840466926070039, 0.7898832684824902, 0.7976653696498055]",3,"[154, 3, 98]"
passive_random,260,855,2055,41.605839416058394,0.6995553085047249,0.7887715397443024,"[0.7042801556420234, 0.6964980544747081, 0.688715953307393, 0.7023346303501945, 0.6964980544747081, 0.708171206225681, 0.7003891050583657]","[0.7859922178988327, 0.7801556420233463, 0.7957198443579766, 0.7898832684824902, 0.791828793774319, 0.7840466926070039, 0.7937743190661478]",3,"[178, 88, 203]"
passive_random,261,858,2055,41.75182481751825,0.7023346303501946,0.7896053362979433,"[0.7023346303501945, 0.7023346303501945, 0.6945525291828794, 0.7101167315175098, 0.688715953307393, 0.7120622568093385, 0.7062256809338522]","[0.7898832684824902, 0.7840466926070039, 0.791828793774319, 0.7898832684824902, 0.7937743190661478, 0.7898832684824902, 0.7879377431906615]",3,"[2, 251, 249]"
passive_random,262,861,2055,41.8978102189781,0.6995553085047249,0.7904391328515842,"[0.708171206225681, 0.6906614785992218, 0.6926070038910506, 0.6945525291828794, 0.7042801556420234, 0.6984435797665369, 0.708171206225681]","[0.7898832684824902, 0.7898832684824902, 0.7859922178988327, 0.7937743190661478, 0.7879377431906615, 0.791828793774319, 0.7937743190661478]",3,"[101, 102, 6]"
passive_random,263,864,2055,42.043795620437955,0.7003891050583658,0.7912729294052251,"[0.7120622568093385, 0.6906614785992218, 0.6906614785992218, 0.7023346303501945, 0.6945525291828794, 0.7003891050583657, 0.7120622568093385]","[0.7898832684824902, 0.7859922178988327, 0.7957198443579766, 0.7937743190661478, 0.7937743190661478, 0.7859922178988327, 0.7937743190661478]",3,"[242, 246, 120]"
passive_random,264,867,2055,42.18978102189781,0.7015008337965537,0.7887715397443024,"[0.6984435797665369, 0.7042801556420234, 0.6945525291828794, 0.7003891050583657, 0.6964980544747081, 0.7120622568093385, 0.7042801556420234]","[0.7801556420233463, 0.7859922178988327, 0.7898832684824902, 0.7937743190661478, 0.7937743190661478, 0.7879377431906615, 0.7898832684824902]",3,"[124, 240, 3]"
passive_random,265,870,2055,42.33576642335766,0.7003891050583658,0.7896053362979433,"[0.7042801556420234, 0.6984435797665369, 0.6926070038910506, 0.7101167315175098, 0.6906614785992218, 0.7003891050583657, 0.7062256809338522]","[0.7782101167315175, 0.7898832684824902, 0.7937743190661478, 0.7879377431906615, 0.7976653696498055, 0.7879377431906615, 0.791828793774319]",3,"[15, 154, 45]"
passive_random,266,873,2055,42.481751824817515,0.7023346303501946,0.7876598110061145,"[0.6964980544747081, 0.7062256809338522, 0.7003891050583657, 0.7120622568093385, 0.7042801556420234, 0.6964980544747081, 0.7003891050583657]","[0.7821011673151751, 0.791828793774319, 0.7801556420233463, 0.791828793774319, 0.791828793774319, 0.7821011673151751, 0.7937743190661478]",3,"[40, 152, 99]"
passive_random,267,876,2055,42.627737226277375,0.7012229016120067,0.7884936075597554,"[0.708171206225681, 0.7003891050583657, 0.7042801556420234, 0.7003891050583657, 0.6926070038910506, 0.7062256809338522, 0.6964980544747081]","[0.7879377431906615, 0.7859922178988327, 0.7879377431906615, 0.7859922178988327, 0.7859922178988327, 0.7957198443579766, 0.7898832684824902]",3,"[246, 61, 75]"
passive_random,268,879,2055,42.77372262773723,0.7045580878265704,0.7943301834352418,"[0.7023346303501945, 0.7062256809338522, 0.7101167315175098, 0.6984435797665369, 0.6984435797665369, 0.7101167315175098, 0.7062256809338522]","[0.7898832684824902, 0.7957198443579766, 0.7976653696498055, 0.7976653696498055, 0.7937743190661478, 0.791828793774319, 0.7937743190661478]",3,"[103, 103, 125]"
passive_random,269,882,2055,42.91970802919708,0.707893274041134,0.7926625903279599,"[0.7062256809338522, 0.7023346303501945, 0.7062256809338522, 0.7101167315175098, 0.7042801556420234, 0.7120622568093385, 0.7140077821011673]","[0.7821011673151751, 0.791828793774319, 0.791828793774319, 0.7976653696498055, 0.7937743190661478, 0.7957198443579766, 0.7957198443579766]",3,"[165, 251, 248]"
passive_random,270,885,2055,43.065693430656935,0.7034463590883825,0.7934963868816008,"[0.7062256809338522, 0.6964980544747081, 0.7023346303501945, 0.7042801556420234, 0.7023346303501945, 0.7003891050583657, 0.7120622568093385]","[0.791828793774319, 0.7957198443579766, 0.7957198443579766, 0.7937743190661478, 0.7937743190661478, 0.7898832684824902, 0.7937743190661478]",3,"[49, 248, 90]"
passive_random,271,888,2055,43.21167883211679,0.707615341856587,0.7932184546970539,"[0.7062256809338522, 0.7101167315175098, 0.6984435797665369, 0.7042801556420234, 0.7120622568093385, 0.708171206225681, 0.7140077821011673]","[0.7937743190661478, 0.7859922178988327, 0.791828793774319, 0.7957198443579766, 0.7976653696498055, 0.7937743190661478, 0.7937743190661478]",3,"[127, 5, 109]"
passive_random,272,891,2055,43.35766423357664,0.7040022234574764,0.7940522512506948,"[0.7042801556420234, 0.6964980544747081, 0.708171206225681, 0.7023346303501945, 0.7003891050583657, 0.7042801556420234, 0.7120622568093385]","[0.7957198443579766, 0.791828793774319, 0.8015564202334631, 0.791828793774319, 0.7937743190661478, 0.7898832684824902, 0.7937743190661478]",3,"[66, 231, 107]"
passive_random,273,894,2055,43.503649635036496,0.7056698165647582,0.7957198443579766,"[0.7101167315175098, 0.6984435797665369, 0.7003891050583657, 0.7101167315175098, 0.7023346303501945, 0.7062256809338522, 0.7120622568093385]","[0.7937743190661478, 0.7996108949416343, 0.7937743190661478, 0.7976653696498055, 0.7976653696498055, 0.7898832684824902, 0.7976653696498055]",3,"[249, 11, 5]"
passive_random,274,897,2055,43.64963503649635,0.7092829349638688,0.7940522512506948,"[0.7159533073929961, 0.7042801556420234, 0.7023346303501945, 0.7042801556420234, 0.7062256809338522, 0.7120622568093385, 0.7198443579766537]","[0.7879377431906615, 0.7957198443579766, 0.7957198443579766, 0.7996108949416343, 0.7937743190661478, 0.7840466926070039, 0.8015564202334631]",3,"[25, 154, 43]"
passive_random,275,900,2055,43.7956204379562,0.7117843246247916,0.7937743190661478,"[0.7140077821011673, 0.7159533073929961, 0.7042801556420234, 0.7159533073929961, 0.7042801556420234, 0.7159533073929961, 0.7120622568093385]","[0.7898832684824902, 0.7957198443579766, 0.7937743190661478, 0.7976653696498055, 0.7879377431906615, 0.7957198443579766, 0.7957198443579766]",3,"[6, 90, 225]"
passive_random,276,903,2055,43.941605839416056,0.7062256809338522,0.7946081156197887,"[0.7140077821011673, 0.7042801556420234, 0.7003891050583657, 0.7003891050583657, 0.6945525291828794, 0.7140077821011673, 0.7159533073929961]","[0.7879377431906615, 0.7937743190661478, 0.7937743190661478, 0.7957198443579766, 0.7937743190661478, 0.7996108949416343, 0.7976653696498055]",3,"[226, 246, 248]"
passive_random,277,906,2055,44.08759124087591,0.7067815453029461,0.7971095052807115,"[0.7178988326848249, 0.7042801556420234, 0.7023346303501945, 0.7042801556420234, 0.7003891050583657, 0.7042801556420234, 0.7140077821011673]","[0.7937743190661478, 0.7898832684824902, 0.7957198443579766, 0.8015564202334631, 0.7957198443579766, 0.7957198443579766, 0.8073929961089494]",3,"[3, 249, 237]"
passive_random,278,909,2055,44.23357664233577,0.7048360200111173,0.7937743190661478,"[0.7003891050583657, 0.7120622568093385, 0.7003891050583657, 0.7101167315175098, 0.708171206225681, 0.7062256809338522, 0.6964980544747081]","[0.791828793774319, 0.7937743190661478, 0.7996108949416343, 0.7898832684824902, 0.7937743190661478, 0.7937743190661478, 0.7937743190661478]",3,"[154, 127, 150]"
passive_random,279,912,2055,44.37956204379562,0.7028904947192885,0.7951639799888827,"[0.7062256809338522, 0.708171206225681, 0.6964980544747081, 0.7042801556420234, 0.6964980544747081, 0.7042801556420234, 0.7042801556420234]","[0.7937743190661478, 0.7859922178988327, 0.7937743190661478, 0.7976653696498055, 0.7957198443579766, 0.7996108949416343, 0.7996108949416343]",3,"[51, 190, 249]"
passive_random,280,915,2055,44.52554744525548,0.7056698165647582,0.7951639799888827,"[0.7101167315175098, 0.7023346303501945, 0.7003891050583657, 0.708171206225681, 0.7062256809338522, 0.7003891050583657, 0.7120622568093385]","[0.7898832684824902, 0.7957198443579766, 0.7996108949416343, 0.7937743190661478, 0.791828793774319, 0.7996108949416343, 0.7957198443579766]",3,"[231, 246, 102]"
passive_random,281,918,2055,44.67153284671533,0.7040022234574764,0.7954419121734296,"[0.7003891050583657, 0.6984435797665369, 0.7003891050583657, 0.7120622568093385, 0.7120622568093385, 0.7023346303501945, 0.7023346303501945]","[0.7937743190661478, 0.7937743190661478, 0.791828793774319, 0.7957198443579766, 0.7957198443579766, 0.7976653696498055, 0.7996108949416343]",3,"[5, 146, 249]"
passive_random,282,921,2055,44.81751824817518,0.7062256809338522,0.7962757087270705,"[0.7062256809338522, 0.7003891050583657, 0.7023346303501945, 0.7062256809338522, 0.7003891050583657, 0.708171206225681, 0.7198443579766537]","[0.7859922178988327, 0.7996108949416343, 0.8015564202334631, 0.7976653696498055, 0.7957198443579766, 0.7898832684824902, 0.8035019455252919]",3,"[154, 114, 240]"
passive_random,283,924,2055,44.96350364963504,0.7037242912729295,0.7954419121734296,"[0.7140077821011673, 0.7003891050583657, 0.708171206225681, 0.6964980544747081, 0.7023346303501945, 0.6984435797665369, 0.7062256809338522]","[0.7937743190661478, 0.7976653696498055, 0.7976653696498055, 0.7937743190661478, 0.7976653696498055, 0.7937743190661478, 0.7937743190661478]",3,"[240, 20, 231]"
passive_random,284,927,2055,45.10948905109489,0.7059477487493052,0.7959977765425236,"[0.7120622568093385, 0.7101167315175098, 0.7120622568093385, 0.6964980544747081, 0.7003891050583657, 0.7023346303501945, 0.708171206225681]","[0.7937743190661478, 0.7859922178988327, 0.8035019455252919, 0.7957198443579766, 0.7957198443579766, 0.7957198443579766, 0.8015564202334631]",3,"[171, 61, 105]"
passive_random,285,930,2055,45.25547445255474,0.7073374096720401,0.7982212340188993,"[0.7062256809338522, 0.7101167315175098, 0.7042801556420234, 0.7042801556420234, 0.6984435797665369, 0.7120622568093385, 0.7159533073929961]","[0.7957198443579766, 0.7996108949416343, 0.7996108949416343, 0.7996108949416343, 0.7976653696498055, 0.7937743190661478, 0.8015564202334631]",3,"[51, 154, 77]"
passive_random,286,933,2055,45.4014598540146,0.7053918843802113,0.792384658143413,"[0.7042801556420234, 0.7023346303501945, 0.7023346303501945, 0.7120622568093385, 0.7003891050583657, 0.7062256809338522, 0.7101167315175098]","[0.7898832684824902, 0.7859922178988327, 0.7957198443579766, 0.7996108949416343, 0.7898832684824902, 0.7879377431906615, 0.7976653696498055]",3,"[160, 231, 237]"
passive_random,287,936,2055,45.54744525547445,0.7048360200111173,0.7943301834352418,"[0.7101167315175098, 0.7042801556420234, 0.7042801556420234, 0.6964980544747081, 0.7023346303501945, 0.7062256809338522, 0.7101167315175098]","[0.7976653696498055, 0.7976653696498055, 0.7976653696498055, 0.7957198443579766, 0.7937743190661478, 0.7879377431906615, 0.7898832684824902]",3,"[208, 154, 3]"
passive_random,288,939,2055,45.693430656934304,0.7109505280711507,0.7976653696498054,"[0.7101167315175098, 0.708171206225681, 0.7140077821011673, 0.7101167315175098, 0.7120622568093385, 0.7159533073929961, 0.7062256809338522]","[0.791828793774319, 0.8015564202334631, 0.7976653696498055, 0.8035019455252919, 0.7937743190661478, 0.7976653696498055, 0.7976653696498055]",3,"[160, 218, 66]"
passive_random,289,942,2055,45.839416058394164,0.708171206225681,0.7976653696498054,"[0.7101167315175098, 0.7120622568093385, 0.7101167315175098, 0.7023346303501945, 0.7042801556420234, 0.7062256809338522, 0.7120622568093385]","[0.7879377431906615, 0.7859922178988327, 0.8054474708171206, 0.7996108949416343, 0.8015564202334631, 0.7957198443579766, 0.8073929961089494]",3,"[154, 118, 231]"
passive_random,290,945,2055,45.98540145985402,0.7073374096720401,0.7951639799888827,"[0.7023346303501945, 0.7101167315175098, 0.7101167315175098, 0.708171206225681, 0.6964980544747081, 0.708171206225681, 0.7159533073929961]","[0.791828793774319, 0.7957198443579766, 0.7957198443579766, 0.7996108949416343, 0.7957198443579766, 0.7879377431906615, 0.7996108949416343]",3,"[231, 61, 3]"
passive_random,291,948,2055,46.13138686131387,0.7178988326848249,0.8054474708171205,"[0.72568093385214, 0.7178988326848249, 0.708171206225681, 0.7217898832684825, 0.7062256809338522, 0.7159533073929961, 0.7295719844357976]","[0.8054474708171206, 0.7996108949416343, 0.8151750972762646, 0.8035019455252919, 0.8035019455252919, 0.7996108949416343, 0.811284046692607]",3,"[90, 29, 131]"
passive_random,292,951,2055,46.277372262773724,0.7131739855475264,0.8093385214007781,"[0.7198443579766537, 0.7042801556420234, 0.7042801556420234, 0.7198443579766537, 0.7120622568093385, 0.7101167315175098, 0.7217898832684825]","[0.8093385214007782, 0.8054474708171206, 0.8132295719844358, 0.8132295719844358, 0.811284046692607, 0.7996108949416343, 0.8132295719844358]",3,"[65, 5, 213]"
passive_random,293,954,2055,46.42335766423358,0.7142857142857143,0.8065591995553084,"[0.7198443579766537, 0.7140077821011673, 0.7120622568093385, 0.7062256809338522, 0.7178988326848249, 0.7120622568093385, 0.7178988326848249]","[0.7976653696498055, 0.8073929961089494, 0.8073929961089494, 0.8132295719844358, 0.8054474708171206, 0.8015564202334631, 0.8132295719844358]",3,"[186, 101, 187]"
passive_random,294,957,2055,46.56934306569343,0.7109505280711507,0.8073929961089493,"[0.7178988326848249, 0.708171206225681, 0.6984435797665369, 0.7120622568093385, 0.708171206225681, 0.7120622568093385, 0.7198443579766537]","[0.8035019455252919, 0.8132295719844358, 0.8073929961089494, 0.8035019455252919, 0.8093385214007782, 0.8093385214007782, 0.8054474708171206]",3,"[224, 244, 3]"
passive_random,295,960,2055,46.715328467153284,0.7140077821011673,0.8082267926625902,"[0.7140077821011673, 0.7140077821011673, 0.7062256809338522, 0.7101167315175098, 0.7178988326848249, 0.7159533073929961, 0.7198443579766537]","[0.8015564202334631, 0.8054474708171206, 0.8093385214007782, 0.8151750972762646, 0.8073929961089494, 0.8015564202334631, 0.8171206225680934]",3,"[88, 6, 102]"
passive_random,296,963,2055,46.86131386861314,0.7098387993329628,0.8071150639244024,"[0.7178988326848249, 0.7062256809338522, 0.708171206225681, 0.7120622568093385, 0.7062256809338522, 0.7062256809338522, 0.7120622568093385]","[0.8054474708171206, 0.8015564202334631, 0.8035019455252919, 0.8054474708171206, 0.8093385214007782, 0.8093385214007782, 0.8151750972762646]",3,"[247, 158, 7]"
passive_random,297,966,2055,47.00729927007299,0.7151195108393552,0.8115619788771539,"[0.7178988326848249, 0.7140077821011673, 0.708171206225681, 0.7159533073929961, 0.7217898832684825, 0.708171206225681, 0.7198443579766537]","[0.811284046692607, 0.8073929961089494, 0.811284046692607, 0.8190661478599222, 0.8073929961089494, 0.8073929961089494, 0.8171206225680934]",3,"[5, 249, 205]"
passive_random,298,969,2055,47.153284671532845,0.7140077821011673,0.8076709282934963,"[0.7217898832684825, 0.708171206225681, 0.7140077821011673, 0.7101167315175098, 0.7120622568093385, 0.7023346303501945, 0.7295719844357976]","[0.7996108949416343, 0.8054474708171206, 0.8073929961089494, 0.811284046692607, 0.8190661478599222, 0.8015564202334631, 0.8093385214007782]",3,"[2, 82, 211]"
passive_random,299,972,2055,47.2992700729927,0.7156753752084491,0.8118399110617008,"[0.7237354085603113, 0.7198443579766537, 0.7042801556420234, 0.7140077821011673, 0.7120622568093385, 0.7140077821011673, 0.7217898832684825]","[0.8073929961089494, 0.811284046692607, 0.8210116731517509, 0.8132295719844358, 0.8093385214007782, 0.8151750972762646, 0.8054474708171206]",3,"[45, 82, 7]"
passive_random,300,975,2055,47.44525547445255,0.7184546970539188,0.8135075041689827,"[0.7276264591439688, 0.7140077821011673, 0.7003891050583657, 0.7198443579766537, 0.7159533073929961, 0.72568093385214, 0.72568093385214]","[0.8073929961089494, 0.811284046692607, 0.8171206225680934, 0.8171206225680934, 0.8151750972762646, 0.8093385214007782, 0.8171206225680934]",3,"[205, 251, 103]"
passive_random,301,978,2055,47.59124087591241,0.7195664257921067,0.8118399110617008,"[0.7237354085603113, 0.7159533073929961, 0.7217898832684825, 0.7101167315175098, 0.7237354085603113, 0.7198443579766537, 0.7217898832684825]","[0.8073929961089494, 0.8171206225680934, 0.8132295719844358, 0.8132295719844358, 0.8093385214007782, 0.811284046692607, 0.811284046692607]",3,"[248, 251, 103]"
passive_random,302,981,2055,47.737226277372265,0.7153974430239022,0.8093385214007781,"[0.7178988326848249, 0.7120622568093385, 0.7120622568093385, 0.708171206225681, 0.7178988326848249, 0.7217898832684825, 0.7178988326848249]","[0.8015564202334631, 0.811284046692607, 0.8171206225680934, 0.8132295719844358, 0.8073929961089494, 0.8035019455252919, 0.811284046692607]",3,"[49, 86, 182]"
passive_random,303,984,2055,47.88321167883212,0.7145636464702613,0.8115619788771539,"[0.7198443579766537, 0.7178988326848249, 0.7042801556420234, 0.7101167315175098, 0.7140077821011673, 0.7140077821011673, 0.7217898832684825]","[0.8054474708171206, 0.8035019455252919, 0.8190661478599222, 0.8132295719844358, 0.8151750972762646, 0.8093385214007782, 0.8151750972762646]",3,"[245, 204, 176]"
passive_random,304,987,2055,48.02919708029197,0.7178988326848249,0.8112840466926069,"[0.7217898832684825, 0.7159533073929961, 0.708171206225681, 0.7198443579766537, 0.7159533073929961, 0.7159533073929961, 0.7276264591439688]","[0.8132295719844358, 0.8035019455252919, 0.8151750972762646, 0.8132295719844358, 0.8035019455252919, 0.8151750972762646, 0.8151750972762646]",3,"[102, 245, 3]"
passive_random,305,990,2055,48.175182481751825,0.717065036131184,0.8112840466926069,"[0.7178988326848249, 0.7120622568093385, 0.7120622568093385, 0.7120622568093385, 0.72568093385214, 0.7140077821011673, 0.72568093385214]","[0.8093385214007782, 0.8035019455252919, 0.8093385214007782, 0.8093385214007782, 0.8132295719844358, 0.8151750972762646, 0.8190661478599222]",3,"[231, 53, 3]"
passive_random,306,993,2055,48.32116788321168,0.7165091717620901,0.8129516397998887,"[0.72568093385214, 0.7120622568093385, 0.7101167315175098, 0.7178988326848249, 0.7217898832684825, 0.708171206225681, 0.7198443579766537]","[0.8093385214007782, 0.811284046692607, 0.8073929961089494, 0.8171206225680934, 0.8132295719844358, 0.8171206225680934, 0.8151750972762646]",3,"[104, 240, 249]"
passive_random,307,996,2055,48.46715328467153,0.7145636464702613,0.8126737076153417,"[0.7198443579766537, 0.7140077821011673, 0.6906614785992218, 0.7159533073929961, 0.7198443579766537, 0.7120622568093385, 0.7295719844357976]","[0.8093385214007782, 0.8073929961089494, 0.8132295719844358, 0.8210116731517509, 0.8073929961089494, 0.8073929961089494, 0.8229571984435797]",3,"[3, 154, 240]"
passive_random,308,999,2055,48.613138686131386,0.7151195108393552,0.8115619788771539,"[0.7217898832684825, 0.7217898832684825, 0.7101167315175098, 0.7140077821011673, 0.7140077821011673, 0.708171206225681, 0.7159533073929961]","[0.8054474708171206, 0.8073929961089494, 0.8073929961089494, 0.8210116731517509, 0.8151750972762646, 0.8093385214007782, 0.8151750972762646]",3,"[9, 222, 173]"
passive_random,309,1002,2055,48.75912408759124,0.7151195108393552,0.8132295719844357,"[0.7237354085603113, 0.7159533073929961, 0.7178988326848249, 0.7062256809338522, 0.7159533073929961, 0.7101167315175098, 0.7159533073929961]","[0.811284046692607, 0.8093385214007782, 0.8171206225680934, 0.8151750972762646, 0.8151750972762646, 0.8132295719844358, 0.811284046692607]",3,"[88, 89, 232]"
passive_random,310,1005,2055,48.90510948905109,0.7137298499166204,0.810450250138966,"[0.7101167315175098, 0.7023346303501945, 0.7120622568093385, 0.7178988326848249, 0.7217898832684825, 0.708171206225681, 0.7237354085603113]","[0.8132295719844358, 0.8015564202334631, 0.8073929961089494, 0.8073929961089494, 0.8151750972762646, 0.8132295719844358, 0.8151750972762646]",3,"[102, 245, 248]"
passive_random,311,1008,2055,49.051094890510946,0.7176209005002779,0.8154530294608114,"[0.7217898832684825, 0.7159533073929961, 0.7159533073929961, 0.7120622568093385, 0.7237354085603113, 0.7120622568093385, 0.7217898832684825]","[0.8054474708171206, 0.8132295719844358, 0.8171206225680934, 0.8132295719844358, 0.8171206225680934, 0.8190661478599222, 0.8229571984435797]",3,"[64, 249, 202]"
passive_random,312,1011,2055,49.197080291970806,0.7198443579766537,0.8182323513062811,"[0.7198443579766537, 0.7178988326848249, 0.7198443579766537, 0.7101167315175098, 0.7276264591439688, 0.7159533073929961, 0.7276264591439688]","[0.8229571984435797, 0.8151750972762646, 0.8171206225680934, 0.8229571984435797, 0.8132295719844358, 0.8171206225680934, 0.8190661478599222]",3,"[249, 226, 153]"
passive_random,313,1014,2055,49.34306569343066,0.7156753752084491,0.8160088938299054,"[0.72568093385214, 0.7101167315175098, 0.708171206225681, 0.7178988326848249, 0.7062256809338522, 0.7237354085603113, 0.7178988326848249]","[0.8151750972762646, 0.8073929961089494, 0.8287937743190662, 0.8171206225680934, 0.8073929961089494, 0.8171206225680934, 0.8190661478599222]",3,"[90, 88, 130]"
passive_random,314,1017,2055,49.48905109489051,0.717065036131184,0.8198999444135631,"[0.7198443579766537, 0.7120622568093385, 0.7198443579766537, 0.7217898832684825, 0.7101167315175098, 0.7101167315175098, 0.72568093385214]","[0.8190661478599222, 0.8171206225680934, 0.8132295719844358, 0.830739299610895, 0.8210116731517509, 0.8171206225680934, 0.8210116731517509]",3,"[154, 211, 88]"
passive_random,315,1020,2055,49.63503649635037,0.7201222901612007,0.819344080044469,"[0.7237354085603113, 0.7159533073929961, 0.7198443579766537, 0.7178988326848249, 0.7140077821011673, 0.7237354085603113, 0.72568093385214]","[0.8093385214007782, 0.8229571984435797, 0.8268482490272373, 0.8171206225680934, 0.8171206225680934, 0.8210116731517509, 0.8210116731517509]",3,"[117, 117, 88]"
passive_random,316,1023,2055,49.78102189781022,0.7209560867148416,0.8182323513062811,"[0.7217898832684825, 0.7237354085603113, 0.7178988326848249, 0.7198443579766537, 0.7159533073929961, 0.7198443579766537, 0.7276264591439688]","[0.8210116731517509, 0.8132295719844358, 0.811284046692607, 0.8190661478599222, 0.8132295719844358, 0.8190661478599222, 0.830739299610895]",3,"[36, 205, 227]"
passive_random,317,1026,2055,49.92700729927007,0.6884380211228461,0.8118399110617008,"[0.6984435797665369, 0.6964980544747081, 0.7023346303501945, 0.6848249027237354, 0.6828793774319066, 0.6789883268482491, 0.6750972762645915]","[0.8093385214007782, 0.811284046692607, 0.8171206225680934, 0.8190661478599222, 0.811284046692607, 0.811284046692607, 0.8035019455252919]",3,"[226, 240, 112]"
passive_random,318,1029,2055,50.07299270072993,0.6520289049471929,0.7998888271261811,"[0.6147859922178989, 0.6459143968871596, 0.6848249027237354, 0.6848249027237354, 0.6459143968871596, 0.6245136186770428, 0.6634241245136187]","[0.7879377431906615, 0.7996108949416343, 0.8093385214007782, 0.8190661478599222, 0.7879377431906615, 0.791828793774319, 0.8035019455252919]",3,"[249, 125, 5]"
passive_random,319,1032,2055,50.21897810218978,0.6689827682045582,0.801556420233463,"[0.6964980544747081, 0.6595330739299611, 0.6712062256809338, 0.6809338521400778, 0.6595330739299611, 0.669260700389105, 0.6459143968871596]","[0.811284046692607, 0.8035019455252919, 0.7996108949416343, 0.791828793774319, 0.7996108949416343, 0.7996108949416343, 0.8054474708171206]",3,"[3, 125, 3]"
passive_random,320,1035,2055,50.36496350364963,0.6673151750972764,0.8087826570316842,"[0.6712062256809338, 0.6614785992217899, 0.6712062256809338, 0.6809338521400778, 0.6789883268482491, 0.642023346303502, 0.6653696498054474]","[0.8073929961089494, 0.8171206225680934, 0.8171206225680934, 0.8151750972762646, 0.8054474708171206, 0.7996108949416343, 0.7996108949416343]",3,"[88, 61, 3]"
passive_random,321,1038,2055,50.51094890510949,0.67982212340189,0.8043357420789327,"[0.7062256809338522, 0.6809338521400778, 0.6770428015564203, 0.6828793774319066, 0.6614785992217899, 0.6848249027237354, 0.6653696498054474]","[0.8035019455252919, 0.8229571984435797, 0.8015564202334631, 0.8035019455252919, 0.7976653696498055, 0.8093385214007782, 0.791828793774319]",3,"[204, 249, 87]"
passive_random,322,1041,2055,50.65693430656934,0.6698165647581991,0.8037798777098387,"[0.632295719844358, 0.6614785992217899, 0.6926070038910506, 0.6731517509727627, 0.6439688715953308, 0.6828793774319066, 0.7023346303501945]","[0.7996108949416343, 0.8073929961089494, 0.8054474708171206, 0.7937743190661478, 0.7937743190661478, 0.8093385214007782, 0.8171206225680934]",3,"[246, 88, 61]"
passive_random,323,1044,2055,50.802919708029194,0.6787103946637021,0.810728182323513,"[0.6731517509727627, 0.6770428015564203, 0.6964980544747081, 0.6634241245136187, 0.6731517509727627, 0.6964980544747081, 0.6712062256809338]","[0.7898832684824902, 0.8093385214007782, 0.8171206225680934, 0.8132295719844358, 0.8249027237354085, 0.8073929961089494, 0.8132295719844358]",3,"[130, 249, 12]"
passive_random,324,1047,2055,50.948905109489054,0.6826014452473597,0.8137854363535296,"[0.7042801556420234, 0.6964980544747081, 0.688715953307393, 0.6634241245136187, 0.6731517509727627, 0.6653696498054474, 0.6867704280155642]","[0.8151750972762646, 0.8151750972762646, 0.8132295719844358, 0.8151750972762646, 0.8093385214007782, 0.8151750972762646, 0.8132295719844358]",3,"[158, 245, 62]"
passive_random,325,1050,2055,51.09489051094891,0.6856586992773764,0.809894385769872,"[0.6926070038910506, 0.6595330739299611, 0.6750972762645915, 0.6926070038910506, 0.6848249027237354, 0.7042801556420234, 0.6906614785992218]","[0.8035019455252919, 0.8151750972762646, 0.8015564202334631, 0.8132295719844358, 0.8132295719844358, 0.8054474708171206, 0.8171206225680934]",3,"[133, 212, 3]"
passive_random,326,1053,2055,51.24087591240876,0.6939966648137855,0.8087826570316842,"[0.7023346303501945, 0.6867704280155642, 0.7062256809338522, 0.7140077821011673, 0.6848249027237354, 0.6809338521400778, 0.6828793774319066]","[0.8073929961089494, 0.8035019455252919, 0.811284046692607, 0.8073929961089494, 0.811284046692607, 0.8093385214007782, 0.811284046692607]",3,"[160, 64, 171]"
passive_random,327,1056,2055,51.386861313868614,0.6881600889382992,0.8154530294608114,"[0.6964980544747081, 0.6809338521400778, 0.6945525291828794, 0.6945525291828794, 0.6731517509727627, 0.6731517509727627, 0.7042801556420234]","[0.8132295719844358, 0.8229571984435797, 0.8151750972762646, 0.8190661478599222, 0.7996108949416343, 0.8190661478599222, 0.8190661478599222]",3,"[245, 186, 3]"
passive_random,328,1059,2055,51.53284671532847,0.6967759866592552,0.810728182323513,"[0.6984435797665369, 0.7042801556420234, 0.6926070038910506, 0.6926070038910506, 0.6906614785992218, 0.6945525291828794, 0.7042801556420234]","[0.8151750972762646, 0.8151750972762646, 0.8210116731517509, 0.7996108949416343, 0.8151750972762646, 0.8035019455252919, 0.8054474708171206]",3,"[88, 7, 45]"
passive_random,329,1062,2055,51.67883211678832,0.698721511951084,0.8160088938299054,"[0.7003891050583657, 0.7003891050583657, 0.688715953307393, 0.7023346303501945, 0.6770428015564203, 0.7101167315175098, 0.7120622568093385]","[0.7996108949416343, 0.8171206225680934, 0.8229571984435797, 0.8151750972762646, 0.8151750972762646, 0.8229571984435797, 0.8190661478599222]",3,"[3, 246, 65]"
passive_random,330,1065,2055,51.824817518248175,0.6981656475819901,0.8176764869371872,"[0.7062256809338522, 0.6984435797665369, 0.6945525291828794, 0.6926070038910506, 0.688715953307393, 0.7023346303501945, 0.7042801556420234]","[0.8171206225680934, 0.8287937743190662, 0.8249027237354085, 0.8054474708171206, 0.8093385214007782, 0.8190661478599222, 0.8190661478599222]",3,"[3, 176, 120]"
passive_random,331,1068,2055,51.97080291970803,0.7017787659811007,0.8193440800444691,"[0.7217898832684825, 0.688715953307393, 0.7023346303501945, 0.7042801556420234, 0.6945525291828794, 0.7003891050583657, 0.7003891050583657]","[0.8093385214007782, 0.8171206225680934, 0.811284046692607, 0.8287937743190662, 0.8171206225680934, 0.8268482490272373, 0.8249027237354085]",3,"[142, 187, 77]"
passive_random,332,1071,2055,52.11678832116788,0.7109505280711507,0.8218454697053917,"[0.7120622568093385, 0.708171206225681, 0.7120622568093385, 0.7003891050583657, 0.7159533073929961, 0.7140077821011673, 0.7140077821011673]","[0.8190661478599222, 0.8326848249027238, 0.8210116731517509, 0.8210116731517509, 0.8132295719844358, 0.8268482490272373, 0.8190661478599222]",3,"[80, 72, 187]"
passive_random,333,1074,2055,52.262773722627735,0.7101167315175098,0.8226792662590328,"[0.7140077821011673, 0.6984435797665369, 0.7159533073929961, 0.6964980544747081, 0.7120622568093385, 0.7237354085603113, 0.7101167315175098]","[0.8151750972762646, 0.8171206225680934, 0.8229571984435797, 0.830739299610895, 0.8210116731517509, 0.8249027237354085, 0.8268482490272373]",3,"[139, 45, 3]"
passive_random,334,1077,2055,52.40875912408759,0.7106725958866037,0.819899944413563,"[0.7120622568093385, 0.7042801556420234, 0.7198443579766537, 0.7217898832684825, 0.7062256809338522, 0.7120622568093385, 0.6984435797665369]","[0.8132295719844358, 0.8210116731517509, 0.8249027237354085, 0.8210116731517509, 0.8171206225680934, 0.8190661478599222, 0.8229571984435797]",3,"[20, 23, 240]"
passive_random,335,1080,2055,52.55474452554745,0.7092829349638688,0.819622012229016,"[0.7101167315175098, 0.708171206225681, 0.708171206225681, 0.7003891050583657, 0.7042801556420234, 0.7101167315175098, 0.7237354085603113]","[0.8190661478599222, 0.8210116731517509, 0.8210116731517509, 0.8249027237354085, 0.8151750972762646, 0.8210116731517509, 0.8151750972762646]",3,"[176, 154, 66]"
passive_random,336,1083,2055,52.7007299270073,0.717065036131184,0.8249027237354084,"[0.7120622568093385, 0.7003891050583657, 0.7295719844357976, 0.7276264591439688, 0.7140077821011673, 0.7159533073929961, 0.7198443579766537]","[0.8151750972762646, 0.8268482490272373, 0.830739299610895, 0.8229571984435797, 0.8229571984435797, 0.8326848249027238, 0.8229571984435797]",3,"[3, 88, 118]"
passive_random,337,1086,2055,52.846715328467155,0.7178988326848249,0.8265703168426902,"[0.7276264591439688, 0.7140077821011673, 0.7159533073929961, 0.7315175097276264, 0.7276264591439688, 0.7101167315175098, 0.6984435797665369]","[0.830739299610895, 0.8268482490272373, 0.8365758754863813, 0.8132295719844358, 0.830739299610895, 0.8210116731517509, 0.8268482490272373]",3,"[29, 245, 247]"
passive_random,338,1089,2055,52.99270072992701,0.7140077821011673,0.8237909949972205,"[0.7198443579766537, 0.7159533073929961, 0.7101167315175098, 0.7101167315175098, 0.7042801556420234, 0.7217898832684825, 0.7159533073929961]","[0.8268482490272373, 0.8210116731517509, 0.8229571984435797, 0.8190661478599222, 0.8287937743190662, 0.8249027237354085, 0.8229571984435797]",3,"[88, 3, 77]"
passive_random,339,1092,2055,53.13868613138686,0.717342968315731,0.8221234018899387,"[0.72568093385214, 0.708171206225681, 0.7120622568093385, 0.7159533073929961, 0.7354085603112841, 0.7120622568093385, 0.7120622568093385]","[0.8151750972762646, 0.8249027237354085, 0.8229571984435797, 0.8268482490272373, 0.8229571984435797, 0.8171206225680934, 0.8249027237354085]",3,"[222, 237, 211]"
passive_random,340,1095,2055,53.284671532846716,0.7190105614230128,0.8254585881045023,"[0.7042801556420234, 0.7237354085603113, 0.7178988326848249, 0.7159533073929961, 0.7295719844357976, 0.7198443579766537, 0.7217898832684825]","[0.8326848249027238, 0.8151750972762646, 0.8268482490272373, 0.8229571984435797, 0.8287937743190662, 0.8229571984435797, 0.8287937743190662]",3,"[3, 7, 103]"
passive_random,341,1098,2055,53.43065693430657,0.7178988326848249,0.8243468593663145,"[0.7198443579766537, 0.7217898832684825, 0.7062256809338522, 0.7101167315175098, 0.7198443579766537, 0.7315175097276264, 0.7159533073929961]","[0.8151750972762646, 0.830739299610895, 0.8268482490272373, 0.8268482490272373, 0.830739299610895, 0.8151750972762646, 0.8249027237354085]",3,"[120, 246, 186]"
passive_random,342,1101,2055,53.57664233576642,0.7137298499166204,0.8274041133963311,"[0.7120622568093385, 0.7120622568093385, 0.6926070038910506, 0.7237354085603113, 0.7159533073929961, 0.7198443579766537, 0.7198443579766537]","[0.8151750972762646, 0.8443579766536965, 0.8249027237354085, 0.8229571984435797, 0.8249027237354085, 0.8229571984435797, 0.8365758754863813]",3,"[20, 3, 5]"
passive_random,343,1104,2055,53.722627737226276,0.7159533073929961,0.8268482490272373,"[0.7120622568093385, 0.7178988326848249, 0.7101167315175098, 0.7140077821011673, 0.72568093385214, 0.7159533073929961, 0.7159533073929961]","[0.8249027237354085, 0.8210116731517509, 0.8268482490272373, 0.8287937743190662, 0.830739299610895, 0.8210116731517509, 0.8346303501945526]",3,"[212, 5, 3]"
passive_random,344,1107,2055,53.86861313868613,0.7195664257921067,0.8274041133963312,"[0.7062256809338522, 0.7062256809338522, 0.7295719844357976, 0.7237354085603113, 0.7237354085603113, 0.7217898832684825, 0.72568093385214]","[0.8210116731517509, 0.8171206225680934, 0.8326848249027238, 0.830739299610895, 0.8268482490272373, 0.8287937743190662, 0.8346303501945526]",3,"[231, 181, 29]"
passive_random,345,1110,2055,54.01459854014598,0.7198443579766538,0.8290717065036131,"[0.7062256809338522, 0.708171206225681, 0.7295719844357976, 0.7120622568093385, 0.7334630350194552, 0.7354085603112841, 0.7140077821011673]","[0.8229571984435797, 0.8171206225680934, 0.8229571984435797, 0.8287937743190662, 0.830739299610895, 0.8385214007782101, 0.8424124513618677]",3,"[11, 245, 203]"
passive_random,346,1113,2055,54.160583941605836,0.7201222901612007,0.82934963868816,"[0.708171206225681, 0.7120622568093385, 0.7237354085603113, 0.72568093385214, 0.7217898832684825, 0.7237354085603113, 0.72568093385214]","[0.830739299610895, 0.830739299610895, 0.8210116731517509, 0.830739299610895, 0.8365758754863813, 0.830739299610895, 0.8249027237354085]",3,"[2, 104, 144]"
passive_random,347,1116,2055,54.306569343065696,0.7251250694830461,0.8268482490272373,"[0.7198443579766537, 0.7198443579766537, 0.7276264591439688, 0.7237354085603113, 0.72568093385214, 0.7237354085603113, 0.7354085603112841]","[0.8229571984435797, 0.8424124513618677, 0.8229571984435797, 0.8346303501945526, 0.811284046692607, 0.8229571984435797, 0.830739299610895]",3,"[125, 131, 205]"
passive_random,348,1119,2055,54.45255474452555,0.7206781545302946,0.829071706503613,"[0.7198443579766537, 0.7101167315175098, 0.7217898832684825, 0.7178988326848249, 0.7276264591439688, 0.7237354085603113, 0.7237354085603113]","[0.830739299610895, 0.8268482490272373, 0.8346303501945526, 0.8249027237354085, 0.830739299610895, 0.8229571984435797, 0.8326848249027238]",3,"[146, 5, 158]"
passive_random,349,1122,2055,54.5985401459854,0.7248471372984991,0.828793774319066,"[0.7237354085603113, 0.72568093385214, 0.7178988326848249, 0.7159533073929961, 0.7159533073929961, 0.7315175097276264, 0.7431906614785992]","[0.8249027237354085, 0.8249027237354085, 0.8346303501945526, 0.8249027237354085, 0.8326848249027238, 0.8287937743190662, 0.830739299610895]",3,"[247, 248, 151]"
passive_random,350,1125,2055,54.74452554744526,0.7226236798221234,0.8265703168426903,"[0.7276264591439688, 0.7198443579766537, 0.7334630350194552, 0.7101167315175098, 0.72568093385214, 0.7217898832684825, 0.7198443579766537]","[0.830739299610895, 0.8249027237354085, 0.830739299610895, 0.830739299610895, 0.8190661478599222, 0.8171206225680934, 0.8326848249027238]",3,"[5, 159, 245]"
passive_ordered,1,77,2055,3.7469586374695862,0.2762645914396887,0.367982212340189,"[0.2587548638132296, 0.2704280155642023, 0.29571984435797666, 0.27626459143968873, 0.2801556420233463, 0.26848249027237353, 0.2840466926070039]","[0.36770428015564205, 0.3657587548638132, 0.3754863813229572, 0.3657587548638132, 0.36186770428015563, 0.36770428015564205, 0.3715953307392996]",3,[]
passive_ordered,2,80,2055,3.8929440389294405,0.2740411339633129,0.3699277376320178,"[0.2723735408560311, 0.27626459143968873, 0.27431906614785995, 0.27431906614785995, 0.27431906614785995, 0.2723735408560311, 0.27431906614785995]","[0.3638132295719844, 0.3638132295719844, 0.377431906614786, 0.36964980544747084, 0.3754863813229572, 0.36964980544747084, 0.36964980544747084]",3,"[129, 191, 2]"
passive_ordered,3,83,2055,4.038929440389294,0.28627015008337964,0.37882156753752083,"[0.27626459143968873, 0.28599221789883267, 0.29377431906614787, 0.29377431906614787, 0.29377431906614787, 0.2723735408560311, 0.28793774319066145]","[0.377431906614786, 0.37937743190661477, 0.39299610894941633, 0.3754863813229572, 0.37937743190661477, 0.3754863813229572, 0.3715953307392996]",3,"[88, 88, 44]"
passive_ordered,4,86,2055,4.184914841849149,0.28210116731517504,0.377431906614786,"[0.28599221789883267, 0.28793774319066145, 0.2801556420233463, 0.2801556420233463, 0.2840466926070039, 0.27626459143968873, 0.2801556420233463]","[0.38132295719844356, 0.3754863813229572, 0.38910505836575876, 0.3735408560311284, 0.3754863813229572, 0.3715953307392996, 0.3754863813229572]",3,"[13, 167, 164]"
passive_ordered,5,89,2055,4.330900243309002,0.2882156753752084,0.377153974430239,"[0.2821011673151751, 0.2918287937743191, 0.29961089494163423, 0.2840466926070039, 0.29766536964980544, 0.2801556420233463, 0.2821011673151751]","[0.377431906614786, 0.377431906614786, 0.37937743190661477, 0.36964980544747084, 0.3832684824902724, 0.38132295719844356, 0.3715953307392996]",3,"[176, 46, 88]"
passive_ordered,6,92,2055,4.476885644768856,0.30127848804891605,0.3943857698721512,"[0.29571984435797666, 0.301556420233463, 0.3035019455252918, 0.29766536964980544, 0.30544747081712065, 0.29961089494163423, 0.30544747081712065]","[0.38715953307393, 0.4066147859922179, 0.39105058365758755, 0.39105058365758755, 0.38715953307393, 0.4027237354085603, 0.3949416342412451]",3,"[6, 234, 231]"
passive_ordered,7,95,2055,4.622871046228711,0.2937743190661478,0.3913285158421345,"[0.2898832684824903, 0.29766536964980544, 0.29571984435797666, 0.28793774319066145, 0.3035019455252918, 0.29766536964980544, 0.2840466926070039]","[0.39299610894941633, 0.3852140077821012, 0.39883268482490275, 0.38715953307393, 0.3949416342412451, 0.38715953307393, 0.39299610894941633]",3,"[190, 2, 176]"
passive_ordered,8,98,2055,4.768856447688565,0.2982212340188994,0.3985547526403557,"[0.2918287937743191, 0.311284046692607, 0.29961089494163423, 0.29571984435797666, 0.29571984435797666, 0.29571984435797666, 0.29766536964980544]","[0.39299610894941633, 0.3968871595330739, 0.41245136186770426, 0.3949416342412451, 0.39299610894941633, 0.4046692607003891, 0.3949416342412451]",3,"[75, 91, 135]"
passive_ordered,9,101,2055,4.914841849148418,0.3010005558643691,0.39633129516397997,"[0.29377431906614787, 0.29571984435797666, 0.30739299610894943, 0.301556420233463, 0.30544747081712065, 0.2918287937743191, 0.311284046692607]","[0.39883268482490275, 0.40077821011673154, 0.4066147859922179, 0.39105058365758755, 0.39105058365758755, 0.38910505836575876, 0.3968871595330739]",3,"[74, 78, 202]"
passive_ordered,10,104,2055,5.0608272506082725,0.2973874374652584,0.3968871595330739,"[0.29377431906614787, 0.29571984435797666, 0.29766536964980544, 0.28793774319066145, 0.30544747081712065, 0.3035019455252918, 0.29766536964980544]","[0.3949416342412451, 0.39883268482490275, 0.4046692607003891, 0.3949416342412451, 0.38715953307393, 0.4046692607003891, 0.39299610894941633]",3,"[25, 103, 11]"
passive_ordered,11,107,2055,5.206812652068127,0.30044469149527514,0.4013340744858254,"[0.28599221789883267, 0.3035019455252918, 0.3229571984435798, 0.29766536964980544, 0.29961089494163423, 0.29766536964980544, 0.29571984435797666]","[0.39883268482490275, 0.40077821011673154, 0.4163424124513619, 0.39105058365758755, 0.4085603112840467, 0.3968871595330739, 0.3968871595330739]",3,"[212, 194, 187]"
passive_ordered,12,110,2055,5.35279805352798,0.3037798777098388,0.4016120066703724,"[0.29961089494163423, 0.301556420233463, 0.31712062256809337, 0.30544747081712065, 0.301556420233463, 0.29766536964980544, 0.3035019455252918]","[0.4027237354085603, 0.4027237354085603, 0.4085603112840467, 0.40077821011673154, 0.39883268482490275, 0.40077821011673154, 0.3968871595330739]",3,"[61, 203, 203]"
passive_ordered,13,113,2055,5.4987834549878345,0.29683157309616454,0.40105614230127845,"[0.2840466926070039, 0.29766536964980544, 0.29766536964980544, 0.3093385214007782, 0.29571984435797666, 0.301556420233463, 0.2918287937743191]","[0.3968871595330739, 0.41245136186770426, 0.3949416342412451, 0.3949416342412451, 0.40077821011673154, 0.4066147859922179, 0.40077821011673154]",3,"[103, 103, 113]"
passive_ordered,14,116,2055,5.644768856447689,0.30211228460255696,0.40466926070038906,"[0.29377431906614787, 0.3132295719844358, 0.30739299610894943, 0.30544747081712065, 0.3132295719844358, 0.28793774319066145, 0.29377431906614787]","[0.4066147859922179, 0.4066147859922179, 0.4046692607003891, 0.39883268482490275, 0.4066147859922179, 0.4085603112840467, 0.40077821011673154]",3,"[212, 195, 120]"
passive_ordered,15,119,2055,5.790754257907542,0.2996108949416342,0.40661478599221784,"[0.29571984435797666, 0.301556420233463, 0.301556420233463, 0.28793774319066145, 0.311284046692607, 0.301556420233463, 0.29766536964980544]","[0.4163424124513619, 0.4066147859922179, 0.4066147859922179, 0.40077821011673154, 0.4066147859922179, 0.4027237354085603, 0.4066147859922179]",3,"[211, 108, 212]"
passive_ordered,16,122,2055,5.9367396593673964,0.3137854363535298,0.4174541411895497,"[0.29766536964980544, 0.30739299610894943, 0.32684824902723736, 0.311284046692607, 0.311284046692607, 0.32684824902723736, 0.3151750972762646]","[0.4182879377431907, 0.42023346303501946, 0.4143968871595331, 0.4163424124513619, 0.4163424124513619, 0.42023346303501946, 0.4163424124513619]",3,"[13, 249, 2]"
passive_ordered,17,125,2055,6.082725060827251,0.3093385214007783,0.4196775986659254,"[0.29961089494163423, 0.3035019455252918, 0.321011673151751, 0.3035019455252918, 0.3132295719844358, 0.311284046692607, 0.3132295719844358]","[0.42217898832684825, 0.4066147859922179, 0.42412451361867703, 0.41245136186770426, 0.4280155642023346, 0.42023346303501946, 0.42412451361867703]",3,"[92, 138, 103]"
passive_ordered,18,128,2055,6.228710462287105,0.30489160644802676,0.4177320733740967,"[0.29571984435797666, 0.30739299610894943, 0.30739299610894943, 0.29766536964980544, 0.3093385214007782, 0.30739299610894943, 0.3093385214007782]","[0.42023346303501946, 0.41050583657587547, 0.4260700389105058, 0.4143968871595331, 0.41245136186770426, 0.42023346303501946, 0.42023346303501946]",3,"[12, 2, 154]"
passive_ordered,19,131,2055,6.374695863746958,0.30600333518621453,0.41662034463590875,"[0.29766536964980544, 0.31906614785992216, 0.31906614785992216, 0.29961089494163423, 0.30739299610894943, 0.29571984435797666, 0.3035019455252918]","[0.4182879377431907, 0.41245136186770426, 0.4260700389105058, 0.4085603112840467, 0.42023346303501946, 0.4163424124513619, 0.4143968871595331]",3,"[143, 182, 53]"
passive_ordered,20,134,2055,6.520681265206813,0.30294608115619787,0.42023346303501935,"[0.301556420233463, 0.3035019455252918, 0.3151750972762646, 0.2918287937743191, 0.3035019455252918, 0.3035019455252918, 0.301556420233463]","[0.42412451361867703, 0.41050583657587547, 0.43190661478599224, 0.41050583657587547, 0.42217898832684825, 0.42412451361867703, 0.4182879377431907]",3,"[27, 205, 71]"
passive_ordered,21,137,2055,6.666666666666667,0.2998888271261812,0.4205113952195664,"[0.28793774319066145, 0.3151750972762646, 0.321011673151751, 0.2801556420233463, 0.29766536964980544, 0.29377431906614787, 0.3035019455252918]","[0.42023346303501946, 0.4085603112840467, 0.4260700389105058, 0.4182879377431907, 0.4163424124513619, 0.4280155642023346, 0.4260700389105058]",3,"[208, 15, 17]"
passive_ordered,22,140,2055,6.81265206812652,0.30489160644802665,0.42940522512506946,"[0.3151750972762646, 0.321011673151751, 0.3035019455252918, 0.311284046692607, 0.29377431906614787, 0.29377431906614787, 0.29571984435797666]","[0.4280155642023346, 0.42996108949416345, 0.4357976653696498, 0.42412451361867703, 0.43190661478599224, 0.4260700389105058, 0.42996108949416345]",3,"[187, 100, 65]"
passive_ordered,23,143,2055,6.958637469586375,0.31600889382990555,0.43051695386325745,"[0.3132295719844358, 0.3132295719844358, 0.31712062256809337, 0.30739299610894943, 0.32490272373540857, 0.31712062256809337, 0.31906614785992216]","[0.42996108949416345, 0.42996108949416345, 0.4377431906614786, 0.4260700389105058, 0.42996108949416345, 0.433852140077821, 0.4260700389105058]",3,"[9, 181, 59]"
passive_ordered,24,146,2055,7.104622871046229,0.3126737076153418,0.4274596998332406,"[0.3093385214007782, 0.321011673151751, 0.321011673151751, 0.3093385214007782, 0.32490272373540857, 0.3151750972762646, 0.28793774319066145]","[0.4260700389105058, 0.433852140077821, 0.4377431906614786, 0.4163424124513619, 0.4260700389105058, 0.4357976653696498, 0.4163424124513619]",3,"[45, 75, 154]"
passive_ordered,25,149,2055,7.250608272506082,0.3171206225680934,0.43218454697053926,"[0.31712062256809337, 0.32879377431906615, 0.32879377431906615, 0.30739299610894943, 0.31712062256809337, 0.30739299610894943, 0.3132295719844358]","[0.4357976653696498, 0.433852140077821, 0.4377431906614786, 0.4280155642023346, 0.42996108949416345, 0.4396887159533074, 0.42023346303501946]",3,"[103, 25, 1]"
passive_ordered,26,152,2055,7.396593673965937,0.31434130072262373,0.43246247915508623,"[0.311284046692607, 0.32490272373540857, 0.32490272373540857, 0.321011673151751, 0.3132295719844358, 0.29377431906614787, 0.311284046692607]","[0.4260700389105058, 0.4357976653696498, 0.433852140077821, 0.42996108949416345, 0.4357976653696498, 0.44163424124513617, 0.42412451361867703]",3,"[101, 82, 154]"
passive_ordered,27,155,2055,7.542579075425791,0.3129516397998889,0.4324624791550863,"[0.30544747081712065, 0.31712062256809337, 0.32684824902723736, 0.31712062256809337, 0.29571984435797666, 0.31906614785992216, 0.3093385214007782]","[0.433852140077821, 0.42023346303501946, 0.42996108949416345, 0.43190661478599224, 0.44163424124513617, 0.4377431906614786, 0.43190661478599224]",3,"[50, 189, 103]"
passive_ordered,28,158,2055,7.688564476885645,0.3237909949972207,0.4330183435241802,"[0.30544747081712065, 0.30544747081712065, 0.3346303501945525, 0.3326848249027237, 0.33657587548638135, 0.32879377431906615, 0.3229571984435798]","[0.42996108949416345, 0.42412451361867703, 0.4396887159533074, 0.4280155642023346, 0.44163424124513617, 0.4357976653696498, 0.43190661478599224]",3,"[86, 150, 32]"
passive_ordered,29,161,2055,7.8345498783454985,0.3262923846581434,0.4302390216787103,"[0.32684824902723736, 0.32684824902723736, 0.31712062256809337, 0.3229571984435798, 0.33073929961089493, 0.3326848249027237, 0.32684824902723736]","[0.4280155642023346, 0.42996108949416345, 0.433852140077821, 0.4357976653696498, 0.4280155642023346, 0.4377431906614786, 0.4182879377431907]",3,"[1, 3, 65]"
passive_ordered,30,164,2055,7.980535279805353,0.330461367426348,0.434963868816009,"[0.321011673151751, 0.33073929961089493, 0.32490272373540857, 0.321011673151751, 0.3404669260700389, 0.33852140077821014, 0.33657587548638135]","[0.4280155642023346, 0.44357976653696496, 0.44163424124513617, 0.4182879377431907, 0.4455252918287938, 0.4357976653696498, 0.43190661478599224]",3,"[111, 81, 2]"
passive_ordered,31,167,2055,8.126520681265207,0.3235130628126737,0.434963868816009,"[0.311284046692607, 0.33657587548638135, 0.32684824902723736, 0.3229571984435798, 0.3229571984435798, 0.321011673151751, 0.3229571984435798]","[0.4260700389105058, 0.43190661478599224, 0.4396887159533074, 0.433852140077821, 0.44163424124513617, 0.4377431906614786, 0.433852140077821]",3,"[2, 108, 112]"
passive_ordered,32,170,2055,8.27250608272506,0.3282379099499722,0.43718732629238477,"[0.321011673151751, 0.3346303501945525, 0.33852140077821014, 0.31712062256809337, 0.32684824902723736, 0.3404669260700389, 0.31906614785992216]","[0.43190661478599224, 0.44163424124513617, 0.4396887159533074, 0.43190661478599224, 0.433852140077821, 0.44357976653696496, 0.4377431906614786]",3,"[211, 182, 75]"
passive_ordered,33,173,2055,8.418491484184916,0.32518065591995554,0.43663146192329083,"[0.3093385214007782, 0.33073929961089493, 0.3346303501945525, 0.31712062256809337, 0.3229571984435798, 0.3404669260700389, 0.321011673151751]","[0.43190661478599224, 0.42996108949416345, 0.4396887159533074, 0.4396887159533074, 0.4357976653696498, 0.4396887159533074, 0.4396887159533074]",3,"[226, 103, 2]"
passive_ordered,34,176,2055,8.564476885644769,0.3282379099499722,0.4377431906614787,"[0.32684824902723736, 0.32684824902723736, 0.3346303501945525, 0.31712062256809337, 0.33852140077821014, 0.3229571984435798, 0.33073929961089493]","[0.43190661478599224, 0.4357976653696498, 0.4377431906614786, 0.433852140077821, 0.44163424124513617, 0.44163424124513617, 0.44163424124513617]",3,"[16, 79, 161]"
passive_ordered,35,179,2055,8.710462287104622,0.32879377431906615,0.44274596998332416,"[0.321011673151751, 0.33073929961089493, 0.31906614785992216, 0.33657587548638135, 0.33073929961089493, 0.33073929961089493, 0.3326848249027237]","[0.44357976653696496, 0.4377431906614786, 0.4396887159533074, 0.4377431906614786, 0.44357976653696496, 0.45136186770428016, 0.4455252918287938]",3,"[64, 9, 207]"
passive_ordered,36,182,2055,8.856447688564478,0.3296275708727071,0.44469149527515295,"[0.3229571984435798, 0.33852140077821014, 0.33657587548638135, 0.31712062256809337, 0.3326848249027237, 0.32490272373540857, 0.3346303501945525]","[0.44163424124513617, 0.44357976653696496, 0.4474708171206226, 0.4357976653696498, 0.4455252918287938, 0.45136186770428016, 0.4474708171206226]",3,"[89, 43, 94]"
passive_ordered,37,185,2055,9.002433090024331,0.3351862145636465,0.44469149527515295,"[0.3326848249027237, 0.34824902723735407, 0.3346303501945525, 0.33073929961089493, 0.33657587548638135, 0.3326848249027237, 0.33073929961089493]","[0.44163424124513617, 0.4455252918287938, 0.44163424124513617, 0.44357976653696496, 0.4494163424124514, 0.4474708171206226, 0.44357976653696496]",3,"[203, 212, 212]"
passive_ordered,38,188,2055,9.148418491484184,0.3310172317954419,0.44357976653696507,"[0.32684824902723736, 0.34824902723735407, 0.32490272373540857, 0.3346303501945525, 0.32684824902723736, 0.3326848249027237, 0.3229571984435798]","[0.4474708171206226, 0.4357976653696498, 0.4455252918287938, 0.4396887159533074, 0.44163424124513617, 0.45136186770428016, 0.44357976653696496]",3,"[188, 88, 93]"
passive_ordered,39,191,2055,9.29440389294404,0.3343524180100056,0.4424680377987772,"[0.321011673151751, 0.33657587548638135, 0.32879377431906615, 0.33852140077821014, 0.3326848249027237, 0.33852140077821014, 0.3443579766536965]","[0.43190661478599224, 0.4396887159533074, 0.4455252918287938, 0.4396887159533074, 0.4455252918287938, 0.4474708171206226, 0.4474708171206226]",3,"[131, 93, 53]"
passive_ordered,40,194,2055,9.440389294403893,0.3360200111172874,0.44747081712062264,"[0.33657587548638135, 0.3443579766536965, 0.3424124513618677, 0.3346303501945525, 0.32684824902723736, 0.33657587548638135, 0.33073929961089493]","[0.44357976653696496, 0.44357976653696496, 0.45330739299610895, 0.4494163424124514, 0.44357976653696496, 0.45136186770428016, 0.4474708171206226]",3,"[39, 75, 90]"
passive_ordered,41,197,2055,9.586374695863746,0.33796553640911625,0.4471928849360757,"[0.32879377431906615, 0.3346303501945525, 0.3463035019455253, 0.33852140077821014, 0.3404669260700389, 0.3346303501945525, 0.3424124513618677]","[0.4357976653696498, 0.4396887159533074, 0.45525291828793774, 0.45525291828793774, 0.45136186770428016, 0.4455252918287938, 0.4474708171206226]",3,"[97, 127, 5]"
passive_ordered,42,200,2055,9.732360097323602,0.34435797665369655,0.45469705391884385,"[0.3326848249027237, 0.3463035019455253, 0.3560311284046693, 0.33657587548638135, 0.35797665369649806, 0.3443579766536965, 0.33657587548638135]","[0.4455252918287938, 0.46108949416342415, 0.45525291828793774, 0.4494163424124514, 0.4669260700389105, 0.4591439688715953, 0.4455252918287938]",3,"[66, 144, 81]"
passive_ordered,43,203,2055,9.878345498783455,0.3376876042245692,0.4619232907170651,"[0.33657587548638135, 0.32879377431906615, 0.33073929961089493, 0.32490272373540857, 0.36186770428015563, 0.33657587548638135, 0.3443579766536965]","[0.4571984435797665, 0.45525291828793774, 0.46303501945525294, 0.46108949416342415, 0.4688715953307393, 0.4688715953307393, 0.4591439688715953]",3,"[117, 146, 31]"
passive_ordered,44,206,2055,10.024330900243308,0.349360755975542,0.4749861033907727,"[0.35797665369649806, 0.3404669260700389, 0.35019455252918286, 0.35992217898832685, 0.3443579766536965, 0.34824902723735407, 0.3443579766536965]","[0.4766536964980545, 0.4766536964980545, 0.4708171206225681, 0.4727626459143969, 0.4766536964980545, 0.4766536964980545, 0.47470817120622566]",3,"[160, 72, 236]"
passive_ordered,45,209,2055,10.170316301703163,0.35547526403557533,0.47720956086714844,"[0.3540856031128405, 0.3424124513618677, 0.36964980544747084, 0.35797665369649806, 0.35992217898832685, 0.3540856031128405, 0.35019455252918286]","[0.4766536964980545, 0.4766536964980545, 0.4708171206225681, 0.4766536964980545, 0.4785992217898833, 0.48638132295719844, 0.47470817120622566]",3,"[122, 114, 189]"
passive_ordered,46,212,2055,10.316301703163017,0.35547526403557533,0.4861033907726515,"[0.36186770428015563, 0.3463035019455253, 0.36964980544747084, 0.3521400778210117, 0.3540856031128405, 0.3463035019455253, 0.35797665369649806]","[0.4649805447470817, 0.5077821011673151, 0.5019455252918288, 0.4766536964980545, 0.4766536964980545, 0.48638132295719844, 0.4883268482490272]",3,"[5, 8, 52]"
passive_ordered,47,215,2055,10.46228710462287,0.34991662034463594,0.48693718732629243,"[0.3521400778210117, 0.3424124513618677, 0.35797665369649806, 0.35992217898832685, 0.3463035019455253, 0.3443579766536965, 0.3463035019455253]","[0.4785992217898833, 0.49416342412451364, 0.5019455252918288, 0.4883268482490272, 0.4766536964980545, 0.4785992217898833, 0.490272373540856]",3,"[207, 47, 25]"
passive_ordered,48,218,2055,10.608272506082725,0.35352973874374655,0.4916620344635909,"[0.33657587548638135, 0.3638132295719844, 0.3657587548638132, 0.33852140077821014, 0.3657587548638132, 0.3657587548638132, 0.33852140077821014]","[0.4727626459143969, 0.5038910505836576, 0.49416342412451364, 0.5, 0.4766536964980545, 0.5116731517509727, 0.48249027237354086]",3,"[101, 93, 15]"
passive_ordered,49,221,2055,10.754257907542579,0.3546414674819344,0.49055030572540304,"[0.35992217898832685, 0.35019455252918286, 0.3560311284046693, 0.3443579766536965, 0.3638132295719844, 0.3560311284046693, 0.3521400778210117]","[0.4766536964980545, 0.4805447470817121, 0.5097276264591439, 0.5116731517509727, 0.4785992217898833, 0.4961089494163424, 0.4805447470817121]",3,"[102, 3, 103]"
passive_ordered,50,224,2055,10.900243309002432,0.35769872151195115,0.48943857698721516,"[0.3540856031128405, 0.36964980544747084, 0.3715953307392996, 0.35797665369649806, 0.3560311284046693, 0.3424124513618677, 0.3521400778210117]","[0.4883268482490272, 0.4766536964980545, 0.5116731517509727, 0.48638132295719844, 0.48443579766536965, 0.49416342412451364, 0.48443579766536965]",3,"[61, 202, 51]"
passive_ordered,51,227,2055,11.046228710462287,0.3674263479710951,0.49694274596998333,"[0.377431906614786, 0.3560311284046693, 0.3657587548638132, 0.38715953307393, 0.36186770428015563, 0.36186770428015563, 0.36186770428015563]","[0.4805447470817121, 0.5019455252918288, 0.5136186770428015, 0.5, 0.48443579766536965, 0.4961089494163424, 0.5019455252918288]",3,"[155, 3, 29]"
passive_ordered,52,230,2055,11.19221411192214,0.38410227904391325,0.4983324068927182,"[0.38910505836575876, 0.36964980544747084, 0.38910505836575876, 0.40077821011673154, 0.3754863813229572, 0.38715953307393, 0.377431906614786]","[0.490272373540856, 0.49416342412451364, 0.4961089494163424, 0.5038910505836576, 0.4961089494163424, 0.5116731517509727, 0.4961089494163424]",3,"[161, 240, 104]"
passive_ordered,53,233,2055,11.338199513381996,0.3996664813785436,0.5036131183991106,"[0.4027237354085603, 0.3949416342412451, 0.4027237354085603, 0.4046692607003891, 0.39105058365758755, 0.4066147859922179, 0.3949416342412451]","[0.490272373540856, 0.4980544747081712, 0.5155642023346303, 0.5369649805447471, 0.4980544747081712, 0.49416342412451364, 0.49221789883268485]",3,"[3, 212, 160]"
passive_ordered,54,236,2055,11.48418491484185,0.41606448026681486,0.5236242356864924,"[0.42412451361867703, 0.41245136186770426, 0.41245136186770426, 0.42023346303501946, 0.42023346303501946, 0.41245136186770426, 0.41050583657587547]","[0.5136186770428015, 0.5097276264591439, 0.5252918287937743, 0.5583657587548638, 0.5175097276264592, 0.5214007782101168, 0.519455252918288]",3,"[248, 207, 78]"
passive_ordered,55,239,2055,11.630170316301703,0.42801556420233455,0.5219566425792106,"[0.42217898832684825, 0.42412451361867703, 0.4357976653696498, 0.42412451361867703, 0.4396887159533074, 0.43190661478599224, 0.4182879377431907]","[0.5116731517509727, 0.5233463035019456, 0.5233463035019456, 0.5486381322957199, 0.5097276264591439, 0.5252918287937743, 0.5116731517509727]",3,"[102, 131, 207]"
passive_ordered,56,242,2055,11.776155717761558,0.4291272929405226,0.5239021678710395,"[0.4357976653696498, 0.433852140077821, 0.4260700389105058, 0.42217898832684825, 0.42996108949416345, 0.43190661478599224, 0.42412451361867703]","[0.519455252918288, 0.5214007782101168, 0.5447470817120622, 0.5330739299610895, 0.5136186770428015, 0.5214007782101168, 0.5136186770428015]",3,"[66, 63, 14]"
passive_ordered,57,245,2055,11.922141119221411,0.4302390216787105,0.5261256253474152,"[0.4280155642023346, 0.433852140077821, 0.43190661478599224, 0.42412451361867703, 0.4377431906614786, 0.42996108949416345, 0.4260700389105058]","[0.5155642023346303, 0.5155642023346303, 0.5486381322957199, 0.5311284046692607, 0.5272373540856031, 0.5233463035019456, 0.5214007782101168]",3,"[117, 103, 250]"
passive_ordered,58,248,2055,12.068126520681265,0.43413007226236805,0.5289049471928849,"[0.4377431906614786, 0.43190661478599224, 0.4357976653696498, 0.4280155642023346, 0.44163424124513617, 0.4377431906614786, 0.4260700389105058]","[0.5214007782101168, 0.5214007782101168, 0.5428015564202334, 0.556420233463035, 0.5136186770428015, 0.5233463035019456, 0.5233463035019456]",3,"[29, 240, 79]"
passive_ordered,59,251,2055,12.21411192214112,0.4310728182323513,0.5272373540856031,"[0.4396887159533074, 0.4260700389105058, 0.4377431906614786, 0.42412451361867703, 0.42217898832684825, 0.4357976653696498, 0.43190661478599224]","[0.5214007782101168, 0.5175097276264592, 0.546692607003891, 0.5330739299610895, 0.5136186770428015, 0.5272373540856031, 0.5311284046692607]",3,"[139, 160, 65]"
passive_ordered,60,254,2055,12.360097323600973,0.4341300722623681,0.5397443023902168,"[0.433852140077821, 0.42412451361867703, 0.4377431906614786, 0.43190661478599224, 0.4377431906614786, 0.4377431906614786, 0.4357976653696498]","[0.5291828793774319, 0.5311284046692607, 0.5603112840466926, 0.5447470817120622, 0.5311284046692607, 0.5350194552529183, 0.546692607003891]",3,"[117, 53, 124]"
passive_ordered,61,257,2055,12.506082725060827,0.43274041133963326,0.5361311839911062,"[0.4396887159533074, 0.42996108949416345, 0.42996108949416345, 0.4377431906614786, 0.42996108949416345, 0.42996108949416345, 0.43190661478599224]","[0.5291828793774319, 0.5291828793774319, 0.5583657587548638, 0.546692607003891, 0.5369649805447471, 0.5272373540856031, 0.5252918287937743]",3,"[2, 66, 101]"
passive_ordered,62,260,2055,12.652068126520682,0.43663146192329066,0.5358532518065592,"[0.44163424124513617, 0.4494163424124514, 0.4455252918287938, 0.4260700389105058, 0.43190661478599224, 0.4280155642023346, 0.433852140077821]","[0.5252918287937743, 0.5330739299610895, 0.5622568093385214, 0.5350194552529183, 0.5369649805447471, 0.5350194552529183, 0.5233463035019456]",3,"[249, 133, 234]"
passive_ordered,63,263,2055,12.798053527980535,0.4332962757087272,0.5366870483602001,"[0.4396887159533074, 0.42996108949416345, 0.43190661478599224, 0.43190661478599224, 0.43190661478599224, 0.433852140077821, 0.433852140077821]","[0.5330739299610895, 0.5389105058365758, 0.5330739299610895, 0.5389105058365758, 0.5311284046692607, 0.5447470817120622, 0.5369649805447471]",3,"[187, 142, 207]"
passive_ordered,64,266,2055,12.944038929440389,0.4360755975541969,0.5397443023902168,"[0.4377431906614786, 0.42996108949416345, 0.4377431906614786, 0.4260700389105058, 0.4377431906614786, 0.4474708171206226, 0.4357976653696498]","[0.519455252918288, 0.5291828793774319, 0.5544747081712063, 0.5525291828793775, 0.5408560311284046, 0.5428015564202334, 0.5389105058365758]",3,"[103, 42, 1]"
passive_ordered,65,269,2055,13.090024330900244,0.43746525847693174,0.585047248471373,"[0.4396887159533074, 0.43190661478599224, 0.433852140077821, 0.4357976653696498, 0.4455252918287938, 0.4396887159533074, 0.4357976653696498]","[0.585603112840467, 0.5836575875486382, 0.5778210116731517, 0.5933852140077821, 0.5836575875486382, 0.585603112840467, 0.585603112840467]",3,"[101, 2, 5]"
passive_ordered,66,272,2055,13.236009732360097,0.4413563090605893,0.5869927737632018,"[0.45136186770428016, 0.4357976653696498, 0.44357976653696496, 0.4357976653696498, 0.4474708171206226, 0.44163424124513617, 0.433852140077821]","[0.5797665369649806, 0.585603112840467, 0.5914396887159533, 0.585603112840467, 0.5875486381322957, 0.5875486381322957, 0.5914396887159533]",3,"[213, 49, 2]"
passive_ordered,67,275,2055,13.38199513381995,0.4416342412451363,0.5889382990550306,"[0.4396887159533074, 0.4396887159533074, 0.45136186770428016, 0.4396887159533074, 0.4474708171206226, 0.4357976653696498, 0.4377431906614786]","[0.5778210116731517, 0.5875486381322957, 0.5953307392996109, 0.5914396887159533, 0.5894941634241245, 0.5914396887159533, 0.5894941634241245]",3,"[8, 180, 66]"
passive_ordered,68,278,2055,13.527980535279806,0.44191217342968325,0.5864369093941079,"[0.4494163424124514, 0.44163424124513617, 0.4474708171206226, 0.4396887159533074, 0.433852140077821, 0.4377431906614786, 0.44357976653696496]","[0.5836575875486382, 0.5836575875486382, 0.5914396887159533, 0.5836575875486382, 0.5914396887159533, 0.5914396887159533, 0.5797665369649806]",3,"[235, 134, 90]"
passive_ordered,69,281,2055,13.673965936739659,0.44830461367426355,0.5892162312395776,"[0.4571984435797665, 0.44357976653696496, 0.4455252918287938, 0.4396887159533074, 0.45136186770428016, 0.45136186770428016, 0.4494163424124514]","[0.585603112840467, 0.585603112840467, 0.5953307392996109, 0.5914396887159533, 0.5836575875486382, 0.5953307392996109, 0.5875486381322957]",3,"[40, 161, 211]"
passive_ordered,70,284,2055,13.819951338199514,0.4449694274596999,0.59449694274597,"[0.4474708171206226, 0.4357976653696498, 0.4571984435797665, 0.433852140077821, 0.45525291828793774, 0.4455252918287938, 0.4396887159533074]","[0.5894941634241245, 0.5914396887159533, 0.5972762645914397, 0.5894941634241245, 0.5992217898832685, 0.5953307392996109, 0.5992217898832685]",3,"[240, 75, 226]"
passive_ordered,71,287,2055,13.965936739659368,0.4408004446914954,0.5919955530850473,"[0.45525291828793774, 0.43190661478599224, 0.44163424124513617, 0.4377431906614786, 0.4377431906614786, 0.4455252918287938, 0.4357976653696498]","[0.5894941634241245, 0.585603112840467, 0.5972762645914397, 0.5914396887159533, 0.5953307392996109, 0.5953307392996109, 0.5894941634241245]",3,"[3, 5, 46]"
passive_ordered,72,290,2055,14.111922141119221,0.44635908838243477,0.5917176209005003,"[0.46108949416342415, 0.44357976653696496, 0.4474708171206226, 0.4455252918287938, 0.4455252918287938, 0.4396887159533074, 0.44163424124513617]","[0.585603112840467, 0.5875486381322957, 0.5894941634241245, 0.5953307392996109, 0.5992217898832685, 0.5933852140077821, 0.5914396887159533]",3,"[131, 180, 37]"
passive_ordered,73,293,2055,14.257907542579076,0.444413563090606,0.5897720956086715,"[0.4571984435797665, 0.44163424124513617, 0.45136186770428016, 0.4396887159533074, 0.44357976653696496, 0.44357976653696496, 0.433852140077821]","[0.5817120622568094, 0.5894941634241245, 0.6011673151750972, 0.5972762645914397, 0.5797665369649806, 0.5953307392996109, 0.5836575875486382]",3,"[41, 9, 117]"
passive_ordered,74,296,2055,14.40389294403893,0.45108393551973325,0.5992217898832685,"[0.4494163424124514, 0.4494163424124514, 0.46108949416342415, 0.4494163424124514, 0.45136186770428016, 0.45330739299610895, 0.44357976653696496]","[0.5972762645914397, 0.5953307392996109, 0.603112840466926, 0.603112840466926, 0.5972762645914397, 0.6089494163424124, 0.5894941634241245]",3,"[146, 246, 136]"
passive_ordered,75,299,2055,14.549878345498783,0.4496942745969984,0.5961645358532518,"[0.46108949416342415, 0.44163424124513617, 0.4455252918287938, 0.44357976653696496, 0.45330739299610895, 0.45330739299610895, 0.4494163424124514]","[0.5914396887159533, 0.5914396887159533, 0.5972762645914397, 0.6011673151750972, 0.5953307392996109, 0.6070038910505836, 0.5894941634241245]",3,"[24, 134, 226]"
passive_ordered,76,302,2055,14.695863746958638,0.45191773207337416,0.6014452473596442,"[0.45136186770428016, 0.4455252918287938, 0.45330739299610895, 0.4455252918287938, 0.4571984435797665, 0.4571984435797665, 0.45330739299610895]","[0.603112840466926, 0.5914396887159533, 0.5972762645914397, 0.6070038910505836, 0.5992217898832685, 0.6147859922178989, 0.5972762645914397]",3,"[222, 109, 113]"
passive_ordered,77,305,2055,14.841849148418492,0.4496942745969984,0.5989438576987215,"[0.4649805447470817, 0.45136186770428016, 0.4571984435797665, 0.44163424124513617, 0.44163424124513617, 0.44163424124513617, 0.4494163424124514]","[0.6011673151750972, 0.5914396887159533, 0.5972762645914397, 0.5894941634241245, 0.6070038910505836, 0.6070038910505836, 0.5992217898832685]",3,"[189, 22, 147]"
passive_ordered,78,308,2055,14.987834549878345,0.4552529182879378,0.5989438576987215,"[0.4669260700389105, 0.4494163424124514, 0.4494163424124514, 0.4494163424124514, 0.45525291828793774, 0.46303501945525294, 0.45330739299610895]","[0.5914396887159533, 0.5953307392996109, 0.5933852140077821, 0.6011673151750972, 0.5992217898832685, 0.6108949416342413, 0.6011673151750972]",3,"[86, 6, 2]"
passive_ordered,79,311,2055,15.1338199513382,0.4552529182879378,0.594774874930517,"[0.46108949416342415, 0.4571984435797665, 0.45330739299610895, 0.4474708171206226, 0.46108949416342415, 0.45525291828793774, 0.45136186770428016]","[0.5817120622568094, 0.5933852140077821, 0.5875486381322957, 0.6011673151750972, 0.603112840466926, 0.6011673151750972, 0.5953307392996109]",3,"[57, 15, 5]"
passive_ordered,80,314,2055,15.279805352798054,0.4552529182879378,0.5994997220678154,"[0.46108949416342415, 0.45330739299610895, 0.4649805447470817, 0.4455252918287938, 0.45330739299610895, 0.4494163424124514, 0.4591439688715953]","[0.5953307392996109, 0.5992217898832685, 0.6011673151750972, 0.603112840466926, 0.5972762645914397, 0.6011673151750972, 0.5992217898832685]",3,"[46, 45, 205]"
passive_ordered,81,317,2055,15.425790754257907,0.4552529182879378,0.6133963312951639,"[0.46303501945525294, 0.45525291828793774, 0.45525291828793774, 0.4396887159533074, 0.4571984435797665, 0.4649805447470817, 0.45136186770428016]","[0.6089494163424124, 0.6070038910505836, 0.6147859922178989, 0.6206225680933852, 0.6167315175097277, 0.622568093385214, 0.603112840466926]",3,"[77, 88, 11]"
passive_ordered,82,320,2055,15.571776155717762,0.45386325736520294,0.6103390772651475,"[0.4649805447470817, 0.4494163424124514, 0.45525291828793774, 0.45525291828793774, 0.4494163424124514, 0.45525291828793774, 0.4474708171206226]","[0.6050583657587548, 0.6108949416342413, 0.6167315175097277, 0.6108949416342413, 0.6128404669260701, 0.603112840466926, 0.6128404669260701]",3,"[3, 27, 88]"
passive_ordered,83,323,2055,15.717761557177615,0.4552529182879378,0.6103390772651472,"[0.45330739299610895, 0.4474708171206226, 0.45525291828793774, 0.4474708171206226, 0.46108949416342415, 0.46108949416342415, 0.46108949416342415]","[0.6070038910505836, 0.6070038910505836, 0.6128404669260701, 0.6070038910505836, 0.6128404669260701, 0.6108949416342413, 0.6147859922178989]",3,"[2, 38, 191]"
passive_ordered,84,326,2055,15.863746958637469,0.45803224013340754,0.612284602556976,"[0.4669260700389105, 0.4396887159533074, 0.46303501945525294, 0.4649805447470817, 0.45525291828793774, 0.45525291828793774, 0.46108949416342415]","[0.6050583657587548, 0.6089494163424124, 0.6128404669260701, 0.6264591439688716, 0.6089494163424124, 0.6147859922178989, 0.6089494163424124]",3,"[6, 212, 194]"
passive_ordered,85,329,2055,16.009732360097324,0.45914396887159536,0.6139521956642581,"[0.46303501945525294, 0.45525291828793774, 0.4571984435797665, 0.45330739299610895, 0.45330739299610895, 0.4669260700389105, 0.4649805447470817]","[0.6108949416342413, 0.6128404669260701, 0.6128404669260701, 0.6128404669260701, 0.6147859922178989, 0.6206225680933852, 0.6128404669260701]",3,"[34, 106, 103]"
passive_ordered,86,332,2055,16.155717761557177,0.4616453585325181,0.6114508060033353,"[0.4727626459143969, 0.45136186770428016, 0.46108949416342415, 0.45136186770428016, 0.4708171206225681, 0.46108949416342415, 0.46303501945525294]","[0.6128404669260701, 0.6070038910505836, 0.6089494163424124, 0.6050583657587548, 0.6167315175097277, 0.6147859922178989, 0.6147859922178989]",3,"[131, 110, 87]"
passive_ordered,87,335,2055,16.30170316301703,0.4571984435797666,0.6158977209560869,"[0.46303501945525294, 0.4591439688715953, 0.45525291828793774, 0.4494163424124514, 0.45525291828793774, 0.4669260700389105, 0.45136186770428016]","[0.6167315175097277, 0.6206225680933852, 0.6147859922178989, 0.6167315175097277, 0.6128404669260701, 0.6128404669260701, 0.6167315175097277]",3,"[25, 176, 117]"
passive_ordered,88,338,2055,16.447688564476884,0.4613674263479712,0.6158977209560869,"[0.46108949416342415, 0.45330739299610895, 0.4571984435797665, 0.46303501945525294, 0.47470817120622566, 0.4649805447470817, 0.45525291828793774]","[0.6089494163424124, 0.6284046692607004, 0.6089494163424124, 0.6108949416342413, 0.6128404669260701, 0.6245136186770428, 0.6167315175097277]",3,"[159, 240, 75]"
passive_ordered,89,341,2055,16.59367396593674,0.46803779877709845,0.6108949416342412,"[0.47470817120622566, 0.46303501945525294, 0.47470817120622566, 0.46108949416342415, 0.46303501945525294, 0.4727626459143969, 0.4669260700389105]","[0.5953307392996109, 0.6147859922178989, 0.622568093385214, 0.6070038910505836, 0.6128404669260701, 0.6167315175097277, 0.6070038910505836]",3,"[3, 83, 140]"
passive_ordered,90,344,2055,16.739659367396595,0.4644246803779878,0.6133963312951641,"[0.46303501945525294, 0.4688715953307393, 0.46303501945525294, 0.45136186770428016, 0.4688715953307393, 0.4766536964980545, 0.4591439688715953]","[0.6011673151750972, 0.6128404669260701, 0.6186770428015564, 0.6089494163424124, 0.6186770428015564, 0.6186770428015564, 0.6147859922178989]",3,"[101, 96, 56]"
passive_ordered,91,347,2055,16.885644768856448,0.4669260700389105,0.6153418565869929,"[0.4727626459143969, 0.4708171206225681, 0.47470817120622566, 0.45136186770428016, 0.4571984435797665, 0.47470817120622566, 0.4669260700389105]","[0.6108949416342413, 0.6206225680933852, 0.6167315175097277, 0.6206225680933852, 0.6128404669260701, 0.6108949416342413, 0.6147859922178989]",3,"[3, 131, 88]"
passive_ordered,92,350,2055,17.0316301703163,0.4647026125625348,0.6192329071706505,"[0.4688715953307393, 0.46108949416342415, 0.46303501945525294, 0.4669260700389105, 0.4649805447470817, 0.4727626459143969, 0.45525291828793774]","[0.6089494163424124, 0.6264591439688716, 0.6206225680933852, 0.6284046692607004, 0.6206225680933852, 0.6186770428015564, 0.6108949416342413]",3,"[34, 127, 191]"
passive_ordered,93,353,2055,17.177615571776155,0.462479155086159,0.6186770428015566,"[0.46303501945525294, 0.4591439688715953, 0.4669260700389105, 0.4571984435797665, 0.4649805447470817, 0.4688715953307393, 0.4571984435797665]","[0.6108949416342413, 0.6206225680933852, 0.622568093385214, 0.6206225680933852, 0.6167315175097277, 0.6245136186770428, 0.6147859922178989]",3,"[10, 79, 59]"
passive_ordered,94,356,2055,17.323600973236008,0.46692607003891057,0.6183991106170096,"[0.4785992217898833, 0.4571984435797665, 0.4785992217898833, 0.4708171206225681, 0.4669260700389105, 0.4591439688715953, 0.4571984435797665]","[0.6186770428015564, 0.6108949416342413, 0.6206225680933852, 0.6245136186770428, 0.6167315175097277, 0.622568093385214, 0.6147859922178989]",3,"[2, 23, 158]"
passive_ordered,95,359,2055,17.469586374695865,0.46664813785436354,0.6172873818788217,"[0.4766536964980545, 0.4571984435797665, 0.4591439688715953, 0.4591439688715953, 0.4766536964980545, 0.4688715953307393, 0.4688715953307393]","[0.603112840466926, 0.6128404669260701, 0.6245136186770428, 0.6206225680933852, 0.6245136186770428, 0.6167315175097277, 0.6186770428015564]",3,"[166, 117, 128]"
passive_ordered,96,362,2055,17.61557177615572,0.46553640911617566,0.6222901612006672,"[0.4766536964980545, 0.4649805447470817, 0.4669260700389105, 0.4571984435797665, 0.4669260700389105, 0.4708171206225681, 0.45525291828793774]","[0.6108949416342413, 0.622568093385214, 0.6245136186770428, 0.6245136186770428, 0.6186770428015564, 0.6245136186770428, 0.6303501945525292]",3,"[226, 3, 77]"
passive_ordered,97,365,2055,17.761557177615572,0.4691495275152863,0.6256253474152308,"[0.4785992217898833, 0.4708171206225681, 0.4708171206225681, 0.46303501945525294, 0.4669260700389105, 0.4669260700389105, 0.4669260700389105]","[0.6186770428015564, 0.6284046692607004, 0.6303501945525292, 0.6264591439688716, 0.6284046692607004, 0.6264591439688716, 0.6206225680933852]",3,"[72, 123, 61]"
passive_ordered,98,368,2055,17.907542579075425,0.47276264591439693,0.623957754307949,"[0.48249027237354086, 0.4649805447470817, 0.4805447470817121, 0.46303501945525294, 0.4766536964980545, 0.4727626459143969, 0.4688715953307393]","[0.6128404669260701, 0.6284046692607004, 0.6303501945525292, 0.6206225680933852, 0.6284046692607004, 0.6264591439688716, 0.6206225680933852]",3,"[39, 213, 3]"
passive_ordered,99,371,2055,18.05352798053528,0.47887715397443026,0.6292384658143414,"[0.48638132295719844, 0.4708171206225681, 0.4785992217898833, 0.4727626459143969, 0.4805447470817121, 0.4883268482490272, 0.47470817120622566]","[0.622568093385214, 0.6264591439688716, 0.632295719844358, 0.6245136186770428, 0.632295719844358, 0.6284046692607004, 0.6381322957198443]",3,"[134, 2, 244]"
passive_ordered,100,374,2055,18.199513381995136,0.4758198999444136,0.6317398554752641,"[0.49221789883268485, 0.47470817120622566, 0.4727626459143969, 0.4571984435797665, 0.4785992217898833, 0.4805447470817121, 0.47470817120622566]","[0.6264591439688716, 0.6361867704280155, 0.6400778210116731, 0.6303501945525292, 0.6284046692607004, 0.6303501945525292, 0.6303501945525292]",3,"[201, 1, 38]"
passive_ordered,101,377,2055,18.34549878345499,0.4755419677598666,0.6289605336297944,"[0.4785992217898833, 0.4805447470817121, 0.47470817120622566, 0.4708171206225681, 0.4669260700389105, 0.48249027237354086, 0.47470817120622566]","[0.622568093385214, 0.6284046692607004, 0.632295719844358, 0.6284046692607004, 0.6284046692607004, 0.6361867704280155, 0.6264591439688716]",3,"[114, 81, 86]"
passive_ordered,102,380,2055,18.491484184914842,0.47443023902167875,0.6292384658143414,"[0.4785992217898833, 0.47470817120622566, 0.4805447470817121, 0.4805447470817121, 0.4649805447470817, 0.4727626459143969, 0.4688715953307393]","[0.6108949416342413, 0.6303501945525292, 0.6303501945525292, 0.6400778210116731, 0.6303501945525292, 0.632295719844358, 0.6303501945525292]",3,"[46, 123, 66]"
passive_ordered,103,383,2055,18.637469586374696,0.4769316286826015,0.6297943301834353,"[0.49221789883268485, 0.4785992217898833, 0.4669260700389105, 0.4669260700389105, 0.4883268482490272, 0.47470817120622566, 0.4708171206225681]","[0.6245136186770428, 0.622568093385214, 0.6342412451361867, 0.6245136186770428, 0.6303501945525292, 0.6361867704280155, 0.6361867704280155]",3,"[211, 236, 129]"
passive_ordered,104,386,2055,18.78345498783455,0.47693162868260147,0.6292384658143414,"[0.4766536964980545, 0.4688715953307393, 0.48249027237354086, 0.4688715953307393, 0.4785992217898833, 0.4805447470817121, 0.48249027237354086]","[0.6206225680933852, 0.6284046692607004, 0.632295719844358, 0.6264591439688716, 0.6264591439688716, 0.6342412451361867, 0.6361867704280155]",3,"[72, 103, 138]"
passive_ordered,105,389,2055,18.929440389294403,0.47693162868260147,0.6275708727070596,"[0.48638132295719844, 0.47470817120622566, 0.47470817120622566, 0.47470817120622566, 0.4805447470817121, 0.47470817120622566, 0.4727626459143969]","[0.622568093385214, 0.6147859922178989, 0.6342412451361867, 0.6303501945525292, 0.6303501945525292, 0.6284046692607004, 0.632295719844358]",3,"[133, 187, 117]"
passive_ordered,106,392,2055,19.07542579075426,0.47804335742078935,0.6297943301834353,"[0.4883268482490272, 0.47470817120622566, 0.4727626459143969, 0.47470817120622566, 0.4805447470817121, 0.47470817120622566, 0.4805447470817121]","[0.6245136186770428, 0.6342412451361867, 0.6264591439688716, 0.6381322957198443, 0.6264591439688716, 0.6303501945525292, 0.6284046692607004]",3,"[194, 211, 246]"
passive_ordered,107,395,2055,19.221411192214113,0.47609783212896056,0.6322957198443581,"[0.4766536964980545, 0.4785992217898833, 0.4727626459143969, 0.4708171206225681, 0.47470817120622566, 0.48249027237354086, 0.4766536964980545]","[0.6245136186770428, 0.6342412451361867, 0.6381322957198443, 0.6381322957198443, 0.6284046692607004, 0.6361867704280155, 0.6264591439688716]",3,"[102, 25, 119]"
passive_ordered,108,398,2055,19.367396593673966,0.4747081712062257,0.6286826014452475,"[0.4708171206225681, 0.4727626459143969, 0.4766536964980545, 0.4708171206225681, 0.4708171206225681, 0.4883268482490272, 0.4727626459143969]","[0.6128404669260701, 0.632295719844358, 0.6245136186770428, 0.632295719844358, 0.632295719844358, 0.6361867704280155, 0.6303501945525292]",3,"[88, 0, 98]"
passive_ordered,109,401,2055,19.51338199513382,0.47526403557531965,0.6322957198443581,"[0.4688715953307393, 0.4708171206225681, 0.4805447470817121, 0.4688715953307393, 0.4727626459143969, 0.48443579766536965, 0.4805447470817121]","[0.6264591439688716, 0.6342412451361867, 0.642023346303502, 0.6245136186770428, 0.6381322957198443, 0.6342412451361867, 0.6264591439688716]",3,"[222, 0, 89]"
passive_ordered,110,404,2055,19.659367396593673,0.4785992217898833,0.6303501945525293,"[0.48638132295719844, 0.4708171206225681, 0.48443579766536965, 0.47470817120622566, 0.4766536964980545, 0.4785992217898833, 0.4785992217898833]","[0.6303501945525292, 0.6284046692607004, 0.622568093385214, 0.6400778210116731, 0.6342412451361867, 0.6361867704280155, 0.6206225680933852]",3,"[186, 14, 161]"
passive_ordered,111,407,2055,19.805352798053526,0.47609783212896056,0.6356309060589217,"[0.4805447470817121, 0.4708171206225681, 0.4727626459143969, 0.4669260700389105, 0.48249027237354086, 0.4766536964980545, 0.48249027237354086]","[0.622568093385214, 0.6478599221789884, 0.6400778210116731, 0.6303501945525292, 0.6361867704280155, 0.6342412451361867, 0.6381322957198443]",3,"[5, 116, 238]"
passive_ordered,112,410,2055,19.951338199513383,0.4785992217898833,0.632573652028905,"[0.4785992217898833, 0.48443579766536965, 0.4649805447470817, 0.4785992217898833, 0.4785992217898833, 0.48638132295719844, 0.4785992217898833]","[0.6284046692607004, 0.632295719844358, 0.632295719844358, 0.6245136186770428, 0.6361867704280155, 0.6400778210116731, 0.6342412451361867]",3,"[55, 211, 93]"
passive_ordered,113,413,2055,20.097323600973237,0.47443023902167875,0.6317398554752641,"[0.48249027237354086, 0.46303501945525294, 0.4766536964980545, 0.4727626459143969, 0.4766536964980545, 0.4766536964980545, 0.4727626459143969]","[0.6206225680933852, 0.6381322957198443, 0.6284046692607004, 0.6303501945525292, 0.642023346303502, 0.6342412451361867, 0.6284046692607004]",3,"[123, 95, 88]"
passive_ordered,114,416,2055,20.24330900243309,0.48082267926625905,0.6309060589216232,"[0.4669260700389105, 0.4883268482490272, 0.48638132295719844, 0.47470817120622566, 0.4785992217898833, 0.4805447470817121, 0.490272373540856]","[0.6284046692607004, 0.6381322957198443, 0.6245136186770428, 0.6284046692607004, 0.6400778210116731, 0.6284046692607004, 0.6284046692607004]",3,"[5, 5, 138]"
passive_ordered,115,419,2055,20.389294403892944,0.4777654252362424,0.6322957198443581,"[0.47470817120622566, 0.4649805447470817, 0.4785992217898833, 0.4785992217898833, 0.4785992217898833, 0.48638132295719844, 0.48249027237354086]","[0.6245136186770428, 0.6381322957198443, 0.6303501945525292, 0.632295719844358, 0.6381322957198443, 0.6303501945525292, 0.632295719844358]",3,"[88, 5, 131]"
passive_ordered,116,422,2055,20.535279805352797,0.4794330183435242,0.6289605336297944,"[0.48443579766536965, 0.4805447470817121, 0.4805447470817121, 0.4708171206225681, 0.4785992217898833, 0.4805447470817121, 0.4805447470817121]","[0.6284046692607004, 0.6206225680933852, 0.6381322957198443, 0.622568093385214, 0.6284046692607004, 0.632295719844358, 0.632295719844358]",3,"[120, 240, 105]"
passive_ordered,117,425,2055,20.68126520681265,0.4747081712062257,0.6381322957198444,"[0.47470817120622566, 0.4785992217898833, 0.4785992217898833, 0.4591439688715953, 0.4766536964980545, 0.4708171206225681, 0.48443579766536965]","[0.6264591439688716, 0.642023346303502, 0.6478599221789884, 0.6400778210116731, 0.6284046692607004, 0.6381322957198443, 0.6439688715953308]",3,"[113, 245, 2]"
passive_ordered,118,428,2055,20.827250608272507,0.47720956086714844,0.6411895497498611,"[0.4805447470817121, 0.47470817120622566, 0.4785992217898833, 0.46108949416342415, 0.4766536964980545, 0.48638132295719844, 0.48249027237354086]","[0.6284046692607004, 0.642023346303502, 0.642023346303502, 0.642023346303502, 0.6459143968871596, 0.6459143968871596, 0.642023346303502]",3,"[2, 146, 35]"
passive_ordered,119,431,2055,20.97323600973236,0.47526403557531965,0.6403557531962202,"[0.4727626459143969, 0.4766536964980545, 0.4688715953307393, 0.4688715953307393, 0.4785992217898833, 0.4688715953307393, 0.49221789883268485]","[0.632295719844358, 0.6361867704280155, 0.6517509727626459, 0.6400778210116731, 0.6361867704280155, 0.6459143968871596, 0.6400778210116731]",3,"[3, 10, 231]"
passive_ordered,120,434,2055,21.119221411192214,0.4774874930516954,0.6400778210116732,"[0.4766536964980545, 0.4727626459143969, 0.47470817120622566, 0.47470817120622566, 0.4805447470817121, 0.4785992217898833, 0.48443579766536965]","[0.6361867704280155, 0.642023346303502, 0.6459143968871596, 0.642023346303502, 0.6459143968871596, 0.632295719844358, 0.6361867704280155]",3,"[46, 234, 120]"
passive_ordered,121,437,2055,21.265206812652067,0.4730405780989439,0.6392440244580323,"[0.4708171206225681, 0.4766536964980545, 0.47470817120622566, 0.4649805447470817, 0.46303501945525294, 0.48638132295719844, 0.47470817120622566]","[0.6361867704280155, 0.6459143968871596, 0.6400778210116731, 0.642023346303502, 0.6381322957198443, 0.6361867704280155, 0.6361867704280155]",3,"[120, 189, 11]"
passive_ordered,122,440,2055,21.41119221411192,0.47637576431350753,0.6434130072262368,"[0.48249027237354086, 0.4688715953307393, 0.47470817120622566, 0.46108949416342415, 0.48249027237354086, 0.48443579766536965, 0.4805447470817121]","[0.6478599221789884, 0.6439688715953308, 0.6439688715953308, 0.6361867704280155, 0.6400778210116731, 0.6439688715953308, 0.6478599221789884]",3,"[19, 138, 103]"
passive_ordered,123,443,2055,21.557177615571778,0.47637576431350753,0.6425792106725959,"[0.47470817120622566, 0.4688715953307393, 0.47470817120622566, 0.47470817120622566, 0.4766536964980545, 0.48443579766536965, 0.4805447470817121]","[0.6342412451361867, 0.6478599221789884, 0.6381322957198443, 0.642023346303502, 0.642023346303502, 0.6439688715953308, 0.6498054474708171]",3,"[129, 187, 60]"
passive_ordered,124,446,2055,21.70316301703163,0.4758198999444136,0.6495275152862702,"[0.48249027237354086, 0.4649805447470817, 0.4727626459143969, 0.47470817120622566, 0.4766536964980545, 0.4766536964980545, 0.48249027237354086]","[0.6498054474708171, 0.6439688715953308, 0.642023346303502, 0.6536964980544747, 0.6439688715953308, 0.6536964980544747, 0.6595330739299611]",3,"[63, 20, 88]"
passive_ordered,125,449,2055,21.849148418491485,0.47971095052807117,0.6475819899944414,"[0.4688715953307393, 0.48638132295719844, 0.48249027237354086, 0.4785992217898833, 0.4805447470817121, 0.48249027237354086, 0.4785992217898833]","[0.632295719844358, 0.6439688715953308, 0.6498054474708171, 0.6517509727626459, 0.6517509727626459, 0.6575875486381323, 0.6459143968871596]",3,"[121, 78, 3]"
passive_ordered,126,452,2055,21.995133819951338,0.48082267926625905,0.6492495831017232,"[0.4766536964980545, 0.4785992217898833, 0.4883268482490272, 0.4688715953307393, 0.4805447470817121, 0.47470817120622566, 0.4980544747081712]","[0.6439688715953308, 0.6498054474708171, 0.6595330739299611, 0.6517509727626459, 0.6400778210116731, 0.6498054474708171, 0.6498054474708171]",3,"[64, 20, 91]"
passive_ordered,127,455,2055,22.14111922141119,0.47637576431350753,0.6498054474708171,"[0.4805447470817121, 0.4669260700389105, 0.4883268482490272, 0.4688715953307393, 0.4766536964980545, 0.47470817120622566, 0.4785992217898833]","[0.6439688715953308, 0.6614785992217899, 0.6478599221789884, 0.6459143968871596, 0.6498054474708171, 0.6498054474708171, 0.6498054474708171]",3,"[198, 144, 109]"
passive_ordered,128,458,2055,22.287104622871045,0.47720956086714844,0.6517509727626459,"[0.4766536964980545, 0.4785992217898833, 0.48638132295719844, 0.46108949416342415, 0.4805447470817121, 0.47470817120622566, 0.48249027237354086]","[0.6439688715953308, 0.6536964980544747, 0.6575875486381323, 0.6498054474708171, 0.6517509727626459, 0.6536964980544747, 0.6517509727626459]",3,"[10, 101, 187]"
passive_ordered,129,461,2055,22.4330900243309,0.4777654252362424,0.650917176209005,"[0.48638132295719844, 0.4669260700389105, 0.4727626459143969, 0.4708171206225681, 0.4785992217898833, 0.48443579766536965, 0.48443579766536965]","[0.6459143968871596, 0.6517509727626459, 0.6536964980544747, 0.6536964980544747, 0.6575875486381323, 0.6478599221789884, 0.6459143968871596]",3,"[75, 27, 45]"
passive_ordered,130,464,2055,22.579075425790755,0.47887715397443026,0.6523068371317399,"[0.4883268482490272, 0.47470817120622566, 0.4785992217898833, 0.4688715953307393, 0.4727626459143969, 0.48443579766536965, 0.48443579766536965]","[0.6478599221789884, 0.6536964980544747, 0.6498054474708171, 0.6478599221789884, 0.6556420233463035, 0.6498054474708171, 0.6614785992217899]",3,"[14, 87, 89]"
passive_ordered,131,467,2055,22.72506082725061,0.4819344080044469,0.651195108393552,"[0.490272373540856, 0.4883268482490272, 0.4785992217898833, 0.4669260700389105, 0.48249027237354086, 0.4883268482490272, 0.4785992217898833]","[0.6439688715953308, 0.6478599221789884, 0.6498054474708171, 0.6536964980544747, 0.6556420233463035, 0.6536964980544747, 0.6536964980544747]",3,"[152, 60, 2]"
passive_ordered,132,470,2055,22.871046228710462,0.47693162868260147,0.6548082267926626,"[0.4766536964980545, 0.4727626459143969, 0.4805447470817121, 0.4688715953307393, 0.4785992217898833, 0.4669260700389105, 0.49416342412451364]","[0.6498054474708171, 0.6536964980544747, 0.6536964980544747, 0.6595330739299611, 0.6575875486381323, 0.6517509727626459, 0.6575875486381323]",3,"[5, 99, 9]"
passive_ordered,133,473,2055,23.017031630170315,0.47915508615897723,0.6564758198999444,"[0.4805447470817121, 0.4708171206225681, 0.4708171206225681, 0.46303501945525294, 0.4805447470817121, 0.4961089494163424, 0.49221789883268485]","[0.6498054474708171, 0.6478599221789884, 0.6478599221789884, 0.6653696498054474, 0.6536964980544747, 0.6673151750972762, 0.6634241245136187]",3,"[247, 108, 191]"
passive_ordered,134,476,2055,23.16301703163017,0.47971095052807117,0.6589772095608672,"[0.48249027237354086, 0.4766536964980545, 0.48443579766536965, 0.4708171206225681, 0.47470817120622566, 0.48443579766536965, 0.48443579766536965]","[0.6439688715953308, 0.6575875486381323, 0.6595330739299611, 0.6731517509727627, 0.6653696498054474, 0.6575875486381323, 0.6556420233463035]",3,"[211, 249, 107]"
passive_ordered,135,479,2055,23.309002433090026,0.481100611450806,0.6539744302390217,"[0.4785992217898833, 0.4805447470817121, 0.4785992217898833, 0.4708171206225681, 0.4785992217898833, 0.49221789883268485, 0.4883268482490272]","[0.6536964980544747, 0.6517509727626459, 0.6536964980544747, 0.6653696498054474, 0.6517509727626459, 0.6575875486381323, 0.6439688715953308]",3,"[3, 6, 88]"
passive_ordered,136,482,2055,23.45498783454988,0.481378543635353,0.6567537520844914,"[0.4883268482490272, 0.46303501945525294, 0.48249027237354086, 0.48249027237354086, 0.4785992217898833, 0.4883268482490272, 0.48638132295719844]","[0.6595330739299611, 0.6556420233463035, 0.6556420233463035, 0.6614785992217899, 0.6575875486381323, 0.6498054474708171, 0.6575875486381323]",3,"[2, 246, 204]"
passive_ordered,137,485,2055,23.600973236009732,0.48082267926625905,0.6573096164535853,"[0.48249027237354086, 0.4766536964980545, 0.48443579766536965, 0.4708171206225681, 0.4785992217898833, 0.48249027237354086, 0.490272373540856]","[0.6517509727626459, 0.6614785992217899, 0.6517509727626459, 0.6575875486381323, 0.6673151750972762, 0.6614785992217899, 0.6498054474708171]",3,"[171, 5, 207]"
passive_ordered,138,488,2055,23.746958637469586,0.4838799332962757,0.659811006114508,"[0.49221789883268485, 0.4708171206225681, 0.48443579766536965, 0.4669260700389105, 0.4883268482490272, 0.490272373540856, 0.49416342412451364]","[0.6595330739299611, 0.6575875486381323, 0.6575875486381323, 0.6575875486381323, 0.6673151750972762, 0.6575875486381323, 0.6614785992217899]",3,"[20, 240, 66]"
passive_ordered,139,491,2055,23.89294403892944,0.4830461367426348,0.659811006114508,"[0.48443579766536965, 0.47470817120622566, 0.4785992217898833, 0.48443579766536965, 0.48249027237354086, 0.49221789883268485, 0.48443579766536965]","[0.6536964980544747, 0.6575875486381323, 0.6517509727626459, 0.6614785992217899, 0.6634241245136187, 0.6634241245136187, 0.6673151750972762]",3,"[46, 107, 206]"
passive_ordered,140,494,2055,24.038929440389296,0.48332406892718177,0.6584213451917732,"[0.4883268482490272, 0.4727626459143969, 0.4805447470817121, 0.4708171206225681, 0.4883268482490272, 0.490272373540856, 0.49221789883268485]","[0.6498054474708171, 0.6556420233463035, 0.6595330739299611, 0.6673151750972762, 0.6575875486381323, 0.6575875486381323, 0.6614785992217899]",3,"[106, 45, 151]"
passive_ordered,141,497,2055,24.18491484184915,0.4819344080044469,0.6556420233463035,"[0.48443579766536965, 0.4708171206225681, 0.48638132295719844, 0.4649805447470817, 0.48638132295719844, 0.4961089494163424, 0.48443579766536965]","[0.6575875486381323, 0.6498054474708171, 0.6556420233463035, 0.6556420233463035, 0.6556420233463035, 0.6575875486381323, 0.6575875486381323]",3,"[202, 190, 1]"
passive_ordered,142,500,2055,24.330900243309003,0.4819344080044469,0.6612006670372429,"[0.48638132295719844, 0.4785992217898833, 0.48249027237354086, 0.4708171206225681, 0.4785992217898833, 0.4883268482490272, 0.4883268482490272]","[0.6614785992217899, 0.6595330739299611, 0.6556420233463035, 0.6673151750972762, 0.6556420233463035, 0.6595330739299611, 0.669260700389105]",3,"[103, 74, 5]"
passive_ordered,143,503,2055,24.476885644768856,0.47998888271261814,0.6539744302390217,"[0.48638132295719844, 0.4688715953307393, 0.48443579766536965, 0.4766536964980545, 0.4805447470817121, 0.48249027237354086, 0.4805447470817121]","[0.6517509727626459, 0.6575875486381323, 0.6536964980544747, 0.6517509727626459, 0.6556420233463035, 0.6575875486381323, 0.6498054474708171]",3,"[178, 148, 138]"
passive_ordered,144,506,2055,24.62287104622871,0.4877709838799333,0.660644802668149,"[0.48443579766536965, 0.48249027237354086, 0.48249027237354086, 0.48443579766536965, 0.48638132295719844, 0.49416342412451364, 0.5]","[0.6575875486381323, 0.6575875486381323, 0.6634241245136187, 0.669260700389105, 0.6575875486381323, 0.6634241245136187, 0.6556420233463035]",3,"[245, 10, 120]"
passive_ordered,145,509,2055,24.768856447688563,0.4841578654808227,0.6567537520844914,"[0.5, 0.47470817120622566, 0.48249027237354086, 0.4785992217898833, 0.48249027237354086, 0.48638132295719844, 0.48443579766536965]","[0.6595330739299611, 0.6614785992217899, 0.6478599221789884, 0.6556420233463035, 0.6536964980544747, 0.6634241245136187, 0.6556420233463035]",3,"[222, 11, 30]"
passive_ordered,146,512,2055,24.91484184914842,0.4883268482490273,0.6570316842690384,"[0.4961089494163424, 0.4805447470817121, 0.48638132295719844, 0.47470817120622566, 0.490272373540856, 0.49416342412451364, 0.4961089494163424]","[0.6536964980544747, 0.6556420233463035, 0.6517509727626459, 0.6595330739299611, 0.6575875486381323, 0.6653696498054474, 0.6556420233463035]",3,"[25, 80, 163]"
passive_ordered,147,515,2055,25.060827250608273,0.48749305169538637,0.6589772095608671,"[0.4961089494163424, 0.4805447470817121, 0.48249027237354086, 0.4805447470817121, 0.48249027237354086, 0.4961089494163424, 0.49416342412451364]","[0.6459143968871596, 0.6575875486381323, 0.6614785992217899, 0.6653696498054474, 0.6634241245136187, 0.6575875486381323, 0.6614785992217899]",3,"[45, 187, 13]"
passive_ordered,148,518,2055,25.206812652068127,0.4894385769872151,0.660366870483602,"[0.48638132295719844, 0.4883268482490272, 0.48638132295719844, 0.4805447470817121, 0.490272373540856, 0.49221789883268485, 0.5019455252918288]","[0.6556420233463035, 0.6673151750972762, 0.6575875486381323, 0.6653696498054474, 0.6536964980544747, 0.6614785992217899, 0.6614785992217899]",3,"[214, 101, 80]"
passive_ordered,149,521,2055,25.35279805352798,0.49221789883268485,0.6637020566981656,"[0.48443579766536965, 0.48443579766536965, 0.49221789883268485, 0.4883268482490272, 0.5, 0.4961089494163424, 0.5]","[0.6536964980544747, 0.669260700389105, 0.6595330739299611, 0.6673151750972762, 0.6575875486381323, 0.6712062256809338, 0.6673151750972762]",3,"[70, 35, 81]"
passive_ordered,150,524,2055,25.498783454987834,0.4936075597554197,0.6692607003891051,"[0.490272373540856, 0.47470817120622566, 0.4980544747081712, 0.48443579766536965, 0.4961089494163424, 0.5116731517509727, 0.5]","[0.669260700389105, 0.6673151750972762, 0.669260700389105, 0.669260700389105, 0.6712062256809338, 0.6712062256809338, 0.6673151750972762]",3,"[86, 115, 187]"
passive_ordered,151,527,2055,25.644768856447687,0.49666481378543637,0.6664813785436354,"[0.49221789883268485, 0.490272373540856, 0.4980544747081712, 0.490272373540856, 0.49416342412451364, 0.5077821011673151, 0.5038910505836576]","[0.6595330739299611, 0.669260700389105, 0.6712062256809338, 0.6750972762645915, 0.6614785992217899, 0.6634241245136187, 0.6653696498054474]",3,"[3, 20, 47]"
passive_ordered,152,530,2055,25.790754257907544,0.4974986103390773,0.6725958866036688,"[0.5136186770428015, 0.48249027237354086, 0.5, 0.49221789883268485, 0.49416342412451364, 0.5038910505836576, 0.4961089494163424]","[0.6673151750972762, 0.6731517509727627, 0.6653696498054474, 0.6770428015564203, 0.6712062256809338, 0.6828793774319066, 0.6712062256809338]",3,"[212, 127, 3]"
passive_ordered,153,533,2055,25.936739659367397,0.4980544747081712,0.6720400222345748,"[0.49416342412451364, 0.4980544747081712, 0.5019455252918288, 0.48638132295719844, 0.5097276264591439, 0.5, 0.4961089494163424]","[0.6673151750972762, 0.6731517509727627, 0.6653696498054474, 0.669260700389105, 0.6789883268482491, 0.6770428015564203, 0.6731517509727627]",3,"[201, 141, 247]"
passive_ordered,154,536,2055,26.08272506082725,0.49694274596998333,0.6762090050027795,"[0.4961089494163424, 0.4961089494163424, 0.48443579766536965, 0.4961089494163424, 0.5058365758754864, 0.4980544747081712, 0.5019455252918288]","[0.669260700389105, 0.6789883268482491, 0.6731517509727627, 0.6906614785992218, 0.6750972762645915, 0.6731517509727627, 0.6731517509727627]",3,"[118, 3, 205]"
passive_ordered,155,539,2055,26.228710462287104,0.5041689827682045,0.6756531406336855,"[0.5233463035019456, 0.4961089494163424, 0.5038910505836576, 0.49416342412451364, 0.5058365758754864, 0.5136186770428015, 0.49221789883268485]","[0.6712062256809338, 0.6789883268482491, 0.669260700389105, 0.6731517509727627, 0.6809338521400778, 0.6750972762645915, 0.6809338521400778]",3,"[249, 187, 202]"
passive_ordered,156,542,2055,26.374695863746958,0.5072262367982212,0.6781545302946083,"[0.5077821011673151, 0.5, 0.5175097276264592, 0.4961089494163424, 0.5136186770428015, 0.5038910505836576, 0.5116731517509727]","[0.6731517509727627, 0.6750972762645915, 0.6770428015564203, 0.6809338521400778, 0.6809338521400778, 0.6809338521400778, 0.6789883268482491]",3,"[212, 39, 235]"
passive_ordered,157,545,2055,26.52068126520681,0.5086158977209561,0.6753752084491386,"[0.5136186770428015, 0.5019455252918288, 0.5175097276264592, 0.5077821011673151, 0.5058365758754864, 0.5019455252918288, 0.5116731517509727]","[0.6712062256809338, 0.6809338521400778, 0.6712062256809338, 0.6770428015564203, 0.6789883268482491, 0.6750972762645915, 0.6731517509727627]",3,"[28, 198, 138]"
passive_ordered,158,548,2055,26.666666666666668,0.5041689827682045,0.6789883268482492,"[0.5038910505836576, 0.5019455252918288, 0.5097276264591439, 0.5, 0.5116731517509727, 0.4980544747081712, 0.5038910505836576]","[0.6848249027237354, 0.688715953307393, 0.6673151750972762, 0.6789883268482491, 0.6809338521400778, 0.6750972762645915, 0.6770428015564203]",3,"[192, 135, 209]"
passive_ordered,159,551,2055,26.81265206812652,0.509449694274597,0.6762090050027795,"[0.5097276264591439, 0.5038910505836576, 0.5097276264591439, 0.5038910505836576, 0.5214007782101168, 0.5136186770428015, 0.5038910505836576]","[0.6712062256809338, 0.6809338521400778, 0.6770428015564203, 0.6770428015564203, 0.6789883268482491, 0.669260700389105, 0.6789883268482491]",3,"[82, 77, 25]"
passive_ordered,160,554,2055,26.958637469586375,0.5030572540300167,0.6820455808782658,"[0.5116731517509727, 0.490272373540856, 0.5058365758754864, 0.5, 0.5, 0.5136186770428015, 0.5]","[0.688715953307393, 0.6867704280155642, 0.6848249027237354, 0.6867704280155642, 0.6731517509727627, 0.6789883268482491, 0.6750972762645915]",3,"[5, 54, 211]"
passive_ordered,161,557,2055,27.104622871046228,0.5052807115063924,0.680655919955531,"[0.5155642023346303, 0.5019455252918288, 0.5058365758754864, 0.48638132295719844, 0.5038910505836576, 0.5116731517509727, 0.5116731517509727]","[0.6809338521400778, 0.6828793774319066, 0.6770428015564203, 0.6809338521400778, 0.6809338521400778, 0.6789883268482491, 0.6828793774319066]",3,"[103, 205, 58]"
passive_ordered,162,560,2055,27.25060827250608,0.5075041689827682,0.6831573096164537,"[0.4961089494163424, 0.5077821011673151, 0.5077821011673151, 0.5038910505836576, 0.5077821011673151, 0.5272373540856031, 0.5019455252918288]","[0.6848249027237354, 0.6789883268482491, 0.6848249027237354, 0.6926070038910506, 0.688715953307393, 0.6750972762645915, 0.6770428015564203]",3,"[201, 3, 108]"
passive_ordered,163,563,2055,27.39659367396594,0.5025013896609227,0.6820455808782658,"[0.4980544747081712, 0.5019455252918288, 0.4961089494163424, 0.5097276264591439, 0.5038910505836576, 0.5116731517509727, 0.4961089494163424]","[0.6731517509727627, 0.6828793774319066, 0.6828793774319066, 0.6906614785992218, 0.688715953307393, 0.6809338521400778, 0.6750972762645915]",3,"[108, 193, 103]"
passive_ordered,164,566,2055,27.54257907542579,0.5033351862145636,0.680933852140078,"[0.5038910505836576, 0.5019455252918288, 0.5077821011673151, 0.48638132295719844, 0.5077821011673151, 0.5175097276264592, 0.4980544747081712]","[0.6789883268482491, 0.6770428015564203, 0.6828793774319066, 0.6867704280155642, 0.6809338521400778, 0.6809338521400778, 0.6789883268482491]",3,"[211, 201, 9]"
passive_ordered,165,569,2055,27.688564476885645,0.5069483046136742,0.680655919955531,"[0.5116731517509727, 0.5077821011673151, 0.5019455252918288, 0.5019455252918288, 0.5097276264591439, 0.5038910505836576, 0.5116731517509727]","[0.6828793774319066, 0.6789883268482491, 0.6712062256809338, 0.6848249027237354, 0.6828793774319066, 0.6809338521400778, 0.6828793774319066]",3,"[5, 5, 2]"
passive_ordered,166,572,2055,27.8345498783455,0.5144524735964424,0.6917732073374098,"[0.5214007782101168, 0.5116731517509727, 0.519455252918288, 0.5058365758754864, 0.519455252918288, 0.5136186770428015, 0.5097276264591439]","[0.6964980544747081, 0.6867704280155642, 0.6945525291828794, 0.7042801556420234, 0.6926070038910506, 0.6809338521400778, 0.6867704280155642]",3,"[88, 249, 4]"
passive_ordered,167,575,2055,27.980535279805352,0.5261256253474152,0.6976097832128961,"[0.5350194552529183, 0.5252918287937743, 0.5252918287937743, 0.5077821011673151, 0.5291828793774319, 0.5350194552529183, 0.5252918287937743]","[0.7023346303501945, 0.6945525291828794, 0.6926070038910506, 0.7003891050583657, 0.7042801556420234, 0.6984435797665369, 0.6906614785992218]",3,"[36, 124, 124]"
passive_ordered,168,578,2055,28.126520681265205,0.5275152862701501,0.6964980544747083,"[0.546692607003891, 0.5291828793774319, 0.5077821011673151, 0.5291828793774319, 0.5233463035019456, 0.5330739299610895, 0.5233463035019456]","[0.6848249027237354, 0.6984435797665369, 0.688715953307393, 0.708171206225681, 0.6945525291828794, 0.7023346303501945, 0.6984435797665369]",3,"[88, 3, 46]"
passive_ordered,169,581,2055,28.272506082725062,0.5250138966092274,0.6926070038910507,"[0.519455252918288, 0.5214007782101168, 0.5233463035019456, 0.5233463035019456, 0.5233463035019456, 0.546692607003891, 0.5175097276264592]","[0.6906614785992218, 0.6867704280155642, 0.6964980544747081, 0.7042801556420234, 0.6926070038910506, 0.688715953307393, 0.688715953307393]",3,"[150, 2, 45]"
passive_ordered,170,584,2055,28.418491484184916,0.5255697609783213,0.6953863257365204,"[0.5369649805447471, 0.5252918287937743, 0.5291828793774319, 0.5175097276264592, 0.519455252918288, 0.5330739299610895, 0.5175097276264592]","[0.6984435797665369, 0.6945525291828794, 0.6926070038910506, 0.6964980544747081, 0.6906614785992218, 0.6964980544747081, 0.6984435797665369]",3,"[150, 187, 125]"
passive_ordered,171,587,2055,28.56447688564477,0.5264035575319622,0.7012229016120067,"[0.5175097276264592, 0.5233463035019456, 0.5350194552529183, 0.5175097276264592, 0.5350194552529183, 0.5252918287937743, 0.5311284046692607]","[0.708171206225681, 0.7023346303501945, 0.6945525291828794, 0.6984435797665369, 0.7023346303501945, 0.7023346303501945, 0.7003891050583657]",3,"[151, 159, 108]"
passive_ordered,172,590,2055,28.710462287104622,0.5300166759310728,0.6973318510283492,"[0.5330739299610895, 0.519455252918288, 0.5311284046692607, 0.5233463035019456, 0.5350194552529183, 0.5486381322957199, 0.519455252918288]","[0.7042801556420234, 0.6906614785992218, 0.688715953307393, 0.6984435797665369, 0.7120622568093385, 0.7003891050583657, 0.6867704280155642]",3,"[132, 153, 101]"
passive_ordered,173,593,2055,28.856447688564476,0.528071150639244,0.7023346303501946,"[0.5291828793774319, 0.5272373540856031, 0.5252918287937743, 0.5252918287937743, 0.5252918287937743, 0.5389105058365758, 0.5252918287937743]","[0.7023346303501945, 0.7003891050583657, 0.7042801556420234, 0.7120622568093385, 0.7062256809338522, 0.6945525291828794, 0.6964980544747081]",3,"[249, 13, 134]"
passive_ordered,174,596,2055,29.00243309002433,0.5294608115619789,0.7006670372429128,"[0.5311284046692607, 0.5291828793774319, 0.5369649805447471, 0.5311284046692607, 0.5272373540856031, 0.5350194552529183, 0.5155642023346303]","[0.6945525291828794, 0.6984435797665369, 0.708171206225681, 0.7042801556420234, 0.7003891050583657, 0.6984435797665369, 0.7003891050583657]",3,"[66, 46, 36]"
passive_ordered,175,599,2055,29.148418491484186,0.528349082823791,0.7001111728738189,"[0.5350194552529183, 0.5311284046692607, 0.5233463035019456, 0.5214007782101168, 0.5272373540856031, 0.5311284046692607, 0.5291828793774319]","[0.708171206225681, 0.7003891050583657, 0.6964980544747081, 0.7003891050583657, 0.6984435797665369, 0.7062256809338522, 0.6906614785992218]",3,"[76, 205, 169]"
passive_ordered,176,602,2055,29.29440389294404,0.5472484713729849,0.7195664257921067,"[0.5408560311284046, 0.5389105058365758, 0.5505836575875487, 0.5486381322957199, 0.5486381322957199, 0.556420233463035, 0.546692607003891]","[0.7159533073929961, 0.7276264591439688, 0.7159533073929961, 0.7217898832684825, 0.72568093385214, 0.7140077821011673, 0.7159533073929961]",3,"[231, 248, 44]"
passive_ordered,177,605,2055,29.440389294403893,0.5505836575875486,0.7187326292384658,"[0.5544747081712063, 0.5505836575875487, 0.5447470817120622, 0.5486381322957199, 0.546692607003891, 0.5583657587548638, 0.5505836575875487]","[0.7140077821011673, 0.7159533073929961, 0.7276264591439688, 0.7198443579766537, 0.7315175097276264, 0.708171206225681, 0.7140077821011673]",3,"[173, 124, 153]"
passive_ordered,178,608,2055,29.586374695863746,0.555308504724847,0.7204002223457476,"[0.5583657587548638, 0.5505836575875487, 0.5583657587548638, 0.5447470817120622, 0.5428015564202334, 0.5603112840466926, 0.5719844357976653]","[0.7276264591439688, 0.7217898832684825, 0.7276264591439688, 0.7178988326848249, 0.7295719844357976, 0.7101167315175098, 0.708171206225681]",3,"[154, 222, 38]"
passive_ordered,179,611,2055,29.7323600973236,0.5500277932184546,0.7178988326848249,"[0.5486381322957199, 0.5583657587548638, 0.5408560311284046, 0.5428015564202334, 0.556420233463035, 0.5544747081712063, 0.5486381322957199]","[0.7237354085603113, 0.7198443579766537, 0.7159533073929961, 0.7237354085603113, 0.7120622568093385, 0.7159533073929961, 0.7140077821011673]",3,"[217, 44, 172]"
passive_ordered,180,614,2055,29.878345498783457,0.5550305725403001,0.7198443579766537,"[0.5583657587548638, 0.5583657587548638, 0.5642023346303502, 0.5525291828793775, 0.5525291828793775, 0.556420233463035, 0.5428015564202334]","[0.7217898832684825, 0.72568093385214, 0.7159533073929961, 0.7178988326848249, 0.7276264591439688, 0.7198443579766537, 0.7101167315175098]",3,"[42, 49, 231]"
passive_ordered,181,617,2055,30.02433090024331,0.5544747081712061,0.7176209005002779,"[0.5642023346303502, 0.5428015564202334, 0.556420233463035, 0.5447470817120622, 0.5428015564202334, 0.5700389105058365, 0.5603112840466926]","[0.7159533073929961, 0.7178988326848249, 0.7159533073929961, 0.7315175097276264, 0.7237354085603113, 0.7101167315175098, 0.708171206225681]",3,"[249, 249, 154]"
passive_ordered,182,620,2055,30.170316301703163,0.5547526403557531,0.7184546970539188,"[0.5486381322957199, 0.5525291828793775, 0.556420233463035, 0.5525291828793775, 0.556420233463035, 0.5700389105058365, 0.546692607003891]","[0.7198443579766537, 0.7120622568093385, 0.7120622568093385, 0.7315175097276264, 0.7276264591439688, 0.7178988326848249, 0.708171206225681]",3,"[114, 45, 118]"
passive_ordered,183,623,2055,30.316301703163017,0.5550305725403001,0.7162312395775431,"[0.5544747081712063, 0.5642023346303502, 0.5544747081712063, 0.5525291828793775, 0.5544747081712063, 0.5603112840466926, 0.5447470817120622]","[0.7120622568093385, 0.7120622568093385, 0.7140077821011673, 0.7159533073929961, 0.7217898832684825, 0.7198443579766537, 0.7178988326848249]",3,"[65, 211, 125]"
passive_ordered,184,626,2055,30.46228710462287,0.5600333518621455,0.7148415786548082,"[0.5642023346303502, 0.556420233463035, 0.5603112840466926, 0.5525291828793775, 0.5583657587548638, 0.5603112840466926, 0.5680933852140078]","[0.7237354085603113, 0.7159533073929961, 0.7140077821011673, 0.7042801556420234, 0.7178988326848249, 0.7198443579766537, 0.708171206225681]",3,"[103, 114, 102]"
passive_ordered,185,629,2055,30.608272506082724,0.5578098943857698,0.7220678154530294,"[0.5583657587548638, 0.5583657587548638, 0.5622568093385214, 0.5408560311284046, 0.5642023346303502, 0.5719844357976653, 0.5486381322957199]","[0.7198443579766537, 0.7237354085603113, 0.7276264591439688, 0.7198443579766537, 0.7315175097276264, 0.7159533073929961, 0.7159533073929961]",3,"[42, 243, 233]"
passive_ordered,186,632,2055,30.75425790754258,0.5728182323513061,0.7445803224013341,"[0.5680933852140078, 0.566147859922179, 0.5758754863813229, 0.5778210116731517, 0.566147859922179, 0.5778210116731517, 0.5778210116731517]","[0.7490272373540856, 0.7470817120622568, 0.7529182879377432, 0.7334630350194552, 0.7509727626459144, 0.7373540856031129, 0.7412451361867705]",3,"[249, 118, 21]"
passive_ordered,187,635,2055,30.900243309002434,0.5767092829349638,0.7412451361867705,"[0.5817120622568094, 0.585603112840467, 0.5758754863813229, 0.5739299610894941, 0.5622568093385214, 0.5797665369649806, 0.5778210116731517]","[0.7412451361867705, 0.7373540856031129, 0.7490272373540856, 0.7334630350194552, 0.7509727626459144, 0.7431906614785992, 0.7334630350194552]",3,"[249, 57, 36]"
passive_ordered,188,638,2055,31.046228710462287,0.5742078932740411,0.7415230683713174,"[0.5817120622568094, 0.5758754863813229, 0.5739299610894941, 0.5583657587548638, 0.5797665369649806, 0.5875486381322957, 0.5622568093385214]","[0.7373540856031129, 0.7315175097276264, 0.7412451361867705, 0.745136186770428, 0.7568093385214008, 0.7431906614785992, 0.7354085603112841]",3,"[133, 204, 26]"
passive_ordered,189,641,2055,31.19221411192214,0.5628126737076152,0.7409672040022235,"[0.5758754863813229, 0.5642023346303502, 0.5680933852140078, 0.5583657587548638, 0.5603112840466926, 0.556420233463035, 0.556420233463035]","[0.7431906614785992, 0.7412451361867705, 0.745136186770428, 0.7431906614785992, 0.7470817120622568, 0.7295719844357976, 0.7373540856031129]",3,"[146, 9, 243]"
passive_ordered,190,644,2055,31.338199513381994,0.5661478599221789,0.7426347971095053,"[0.5797665369649806, 0.5642023346303502, 0.5680933852140078, 0.566147859922179, 0.556420233463035, 0.5719844357976653, 0.556420233463035]","[0.7373540856031129, 0.7509727626459144, 0.7470817120622568, 0.7354085603112841, 0.7470817120622568, 0.7392996108949417, 0.7412451361867705]",3,"[205, 39, 39]"
passive_ordered,191,647,2055,31.484184914841848,0.5689271817676486,0.7487493051695386,"[0.585603112840467, 0.5622568093385214, 0.5583657587548638, 0.5778210116731517, 0.5603112840466926, 0.5700389105058365, 0.5680933852140078]","[0.745136186770428, 0.7490272373540856, 0.7470817120622568, 0.7607003891050583, 0.7529182879377432, 0.745136186770428, 0.7412451361867705]",3,"[176, 233, 65]"
passive_ordered,192,650,2055,31.630170316301705,0.575319622012229,0.7437465258476932,"[0.5817120622568094, 0.556420233463035, 0.5797665369649806, 0.5642023346303502, 0.5739299610894941, 0.5914396887159533, 0.5797665369649806]","[0.7412451361867705, 0.7431906614785992, 0.7373540856031129, 0.745136186770428, 0.7529182879377432, 0.7373540856031129, 0.7490272373540856]",3,"[248, 38, 3]"
passive_ordered,193,653,2055,31.776155717761558,0.5703168426903835,0.7448582545858811,"[0.5758754863813229, 0.5739299610894941, 0.5758754863813229, 0.556420233463035, 0.5583657587548638, 0.5719844357976653, 0.5797665369649806]","[0.7490272373540856, 0.7470817120622568, 0.7354085603112841, 0.7354085603112841, 0.7568093385214008, 0.7490272373540856, 0.7412451361867705]",3,"[204, 103, 38]"
passive_ordered,194,656,2055,31.92214111922141,0.5761534185658699,0.7473596442468038,"[0.5739299610894941, 0.5680933852140078, 0.5778210116731517, 0.566147859922179, 0.5817120622568094, 0.5797665369649806, 0.585603112840467]","[0.7509727626459144, 0.7431906614785992, 0.7490272373540856, 0.7412451361867705, 0.7568093385214008, 0.7412451361867705, 0.7490272373540856]",3,"[246, 222, 61]"
passive_ordered,195,659,2055,32.06812652068127,0.5733740967204001,0.7459699833240689,"[0.5778210116731517, 0.5778210116731517, 0.5719844357976653, 0.5622568093385214, 0.5758754863813229, 0.5700389105058365, 0.5778210116731517]","[0.7509727626459144, 0.745136186770428, 0.745136186770428, 0.7490272373540856, 0.7509727626459144, 0.7392996108949417, 0.7412451361867705]",3,"[6, 236, 3]"
passive_ordered,196,662,2055,32.21411192214112,0.5722623679822122,0.7487493051695386,"[0.5758754863813229, 0.5719844357976653, 0.5778210116731517, 0.556420233463035, 0.5758754863813229, 0.5700389105058365, 0.5778210116731517]","[0.745136186770428, 0.7490272373540856, 0.7490272373540856, 0.7509727626459144, 0.7529182879377432, 0.7470817120622568, 0.7470817120622568]",3,"[114, 65, 113]"
passive_ordered,197,665,2055,32.360097323600975,0.5722623679822123,0.7468037798777099,"[0.5700389105058365, 0.5700389105058365, 0.5680933852140078, 0.5758754863813229, 0.5719844357976653, 0.5836575875486382, 0.566147859922179]","[0.7431906614785992, 0.7470817120622568, 0.745136186770428, 0.7412451361867705, 0.7587548638132295, 0.7431906614785992, 0.7490272373540856]",3,"[102, 160, 176]"
passive_ordered,198,668,2055,32.50608272506083,0.5667037242912728,0.745414118954975,"[0.5758754863813229, 0.5642023346303502, 0.5603112840466926, 0.5642023346303502, 0.566147859922179, 0.5642023346303502, 0.5719844357976653]","[0.7431906614785992, 0.745136186770428, 0.7490272373540856, 0.745136186770428, 0.7470817120622568, 0.745136186770428, 0.7431906614785992]",3,"[64, 176, 222]"
passive_ordered,199,671,2055,32.65206812652068,0.5669816564758198,0.7459699833240689,"[0.5680933852140078, 0.5700389105058365, 0.5642023346303502, 0.5680933852140078, 0.5680933852140078, 0.5642023346303502, 0.566147859922179]","[0.7529182879377432, 0.7412451361867705, 0.7470817120622568, 0.7568093385214008, 0.754863813229572, 0.7276264591439688, 0.7412451361867705]",3,"[178, 5, 3]"
passive_ordered,200,674,2055,32.798053527980535,0.5680933852140078,0.7487493051695386,"[0.5719844357976653, 0.5583657587548638, 0.5700389105058365, 0.5525291828793775, 0.5680933852140078, 0.5875486381322957, 0.5680933852140078]","[0.754863813229572, 0.7509727626459144, 0.7392996108949417, 0.7509727626459144, 0.7568093385214008, 0.7431906614785992, 0.745136186770428]",3,"[194, 117, 6]"
passive_ordered,201,677,2055,32.94403892944039,0.5772651473040578,0.7540300166759311,"[0.5739299610894941, 0.5817120622568094, 0.5700389105058365, 0.5700389105058365, 0.5778210116731517, 0.5875486381322957, 0.5797665369649806]","[0.7529182879377432, 0.7607003891050583, 0.7529182879377432, 0.7490272373540856, 0.7607003891050583, 0.7470817120622568, 0.754863813229572]",3,"[212, 231, 240]"
passive_ordered,202,680,2055,33.09002433090024,0.5817120622568093,0.7551417454141189,"[0.5739299610894941, 0.5836575875486382, 0.5700389105058365, 0.5758754863813229, 0.5875486381322957, 0.5894941634241245, 0.5914396887159533]","[0.7490272373540856, 0.7626459143968871, 0.7626459143968871, 0.7509727626459144, 0.7587548638132295, 0.7490272373540856, 0.7529182879377432]",3,"[3, 20, 3]"
passive_ordered,203,683,2055,33.236009732360095,0.5897720956086714,0.7570872707059477,"[0.5992217898832685, 0.5914396887159533, 0.585603112840467, 0.5719844357976653, 0.5875486381322957, 0.6050583657587548, 0.5875486381322957]","[0.7587548638132295, 0.7665369649805448, 0.7529182879377432, 0.7568093385214008, 0.7529182879377432, 0.7568093385214008, 0.754863813229572]",3,"[178, 61, 5]"
passive_ordered,204,686,2055,33.38199513381995,0.5836575875486382,0.7565314063368538,"[0.5875486381322957, 0.585603112840467, 0.5797665369649806, 0.5836575875486382, 0.5817120622568094, 0.5836575875486382, 0.5836575875486382]","[0.7587548638132295, 0.7607003891050583, 0.7529182879377432, 0.7568093385214008, 0.7607003891050583, 0.754863813229572, 0.7509727626459144]",3,"[124, 154, 170]"
passive_ordered,205,689,2055,33.5279805352798,0.5917176209005003,0.7534741523068371,"[0.5778210116731517, 0.603112840466926, 0.5836575875486382, 0.5836575875486382, 0.5972762645914397, 0.6050583657587548, 0.5914396887159533]","[0.7470817120622568, 0.7529182879377432, 0.7626459143968871, 0.7509727626459144, 0.7607003891050583, 0.7529182879377432, 0.7470817120622568]",3,"[61, 233, 205]"
passive_ordered,206,692,2055,33.67396593673966,0.5869927737632018,0.7551417454141189,"[0.5836575875486382, 0.6011673151750972, 0.5875486381322957, 0.5797665369649806, 0.585603112840467, 0.5914396887159533, 0.5797665369649806]","[0.7529182879377432, 0.754863813229572, 0.7509727626459144, 0.7568093385214008, 0.7626459143968871, 0.7529182879377432, 0.754863813229572]",3,"[212, 109, 3]"
passive_ordered,207,695,2055,33.819951338199516,0.5919955530850473,0.7590327959977765,"[0.5933852140077821, 0.5992217898832685, 0.5836575875486382, 0.5933852140077821, 0.5933852140077821, 0.5953307392996109, 0.585603112840467]","[0.7568093385214008, 0.7645914396887159, 0.7645914396887159, 0.7568093385214008, 0.7626459143968871, 0.7529182879377432, 0.754863813229572]",3,"[231, 3, 160]"
passive_ordered,208,698,2055,33.96593673965937,0.5986659255141745,0.7612562534741523,"[0.5953307392996109, 0.6070038910505836, 0.5992217898832685, 0.5953307392996109, 0.5992217898832685, 0.6147859922178989, 0.5797665369649806]","[0.7529182879377432, 0.7665369649805448, 0.7665369649805448, 0.754863813229572, 0.7684824902723736, 0.7645914396887159, 0.754863813229572]",3,"[75, 7, 109]"
passive_ordered,209,701,2055,34.11192214111922,0.5967204002223457,0.763479710950528,"[0.5992217898832685, 0.603112840466926, 0.5739299610894941, 0.6011673151750972, 0.5914396887159533, 0.603112840466926, 0.6050583657587548]","[0.7645914396887159, 0.7568093385214008, 0.7645914396887159, 0.7645914396887159, 0.7665369649805448, 0.7626459143968871, 0.7645914396887159]",3,"[212, 17, 187]"
passive_ordered,210,704,2055,34.257907542579076,0.5972762645914397,0.764035575319622,"[0.5778210116731517, 0.6108949416342413, 0.6011673151750972, 0.5992217898832685, 0.6011673151750972, 0.6070038910505836, 0.5836575875486382]","[0.7704280155642024, 0.7665369649805448, 0.7704280155642024, 0.7684824902723736, 0.7665369649805448, 0.7470817120622568, 0.7587548638132295]",3,"[219, 109, 61]"
passive_ordered,211,707,2055,34.40389294403893,0.5983879933296276,0.7590327959977765,"[0.5992217898832685, 0.6070038910505836, 0.6011673151750972, 0.5953307392996109, 0.5972762645914397, 0.6070038910505836, 0.5817120622568094]","[0.7568093385214008, 0.7626459143968871, 0.7607003891050583, 0.754863813229572, 0.7607003891050583, 0.7529182879377432, 0.7645914396887159]",3,"[248, 204, 130]"
passive_ordered,212,710,2055,34.54987834549878,0.6011673151750972,0.7618121178432462,"[0.6011673151750972, 0.6011673151750972, 0.5972762645914397, 0.5972762645914397, 0.6011673151750972, 0.6070038910505836, 0.603112840466926]","[0.7529182879377432, 0.7645914396887159, 0.7665369649805448, 0.7607003891050583, 0.7665369649805448, 0.7568093385214008, 0.7645914396887159]",3,"[61, 45, 3]"
passive_ordered,213,713,2055,34.695863746958636,0.5953307392996109,0.7562534741523068,"[0.5894941634241245, 0.5992217898832685, 0.5894941634241245, 0.6050583657587548, 0.5933852140077821, 0.6011673151750972, 0.5894941634241245]","[0.7490272373540856, 0.7568093385214008, 0.7626459143968871, 0.7568093385214008, 0.7665369649805448, 0.7490272373540856, 0.7529182879377432]",3,"[45, 213, 154]"
passive_ordered,214,716,2055,34.84184914841849,0.5972762645914397,0.7604224569205114,"[0.5894941634241245, 0.5933852140077821, 0.6108949416342413, 0.5875486381322957, 0.603112840466926, 0.6011673151750972, 0.5953307392996109]","[0.7607003891050583, 0.7626459143968871, 0.7607003891050583, 0.7607003891050583, 0.7626459143968871, 0.7607003891050583, 0.754863813229572]",3,"[3, 251, 177]"
passive_ordered,215,719,2055,34.98783454987834,0.6047804335742079,0.7598665925514174,"[0.6108949416342413, 0.5972762645914397, 0.6108949416342413, 0.6089494163424124, 0.5992217898832685, 0.6128404669260701, 0.5933852140077821]","[0.7607003891050583, 0.7723735408560312, 0.7568093385214008, 0.7568093385214008, 0.7607003891050583, 0.7529182879377432, 0.7587548638132295]",3,"[90, 231, 248]"
passive_ordered,216,722,2055,35.1338199513382,0.6014452473596442,0.7643135075041689,"[0.5933852140077821, 0.6147859922178989, 0.5894941634241245, 0.5953307392996109, 0.6070038910505836, 0.622568093385214, 0.5875486381322957]","[0.7684824902723736, 0.7626459143968871, 0.7607003891050583, 0.7665369649805448, 0.7626459143968871, 0.7626459143968871, 0.7665369649805448]",3,"[176, 207, 231]"
passive_ordered,217,725,2055,35.27980535279806,0.603946637020567,0.763479710950528,"[0.6050583657587548, 0.6070038910505836, 0.5914396887159533, 0.5953307392996109, 0.5992217898832685, 0.6264591439688716, 0.603112840466926]","[0.7626459143968871, 0.7626459143968871, 0.7684824902723736, 0.754863813229572, 0.7665369649805448, 0.7587548638132295, 0.7704280155642024]",3,"[61, 102, 103]"
passive_ordered,218,728,2055,35.42579075425791,0.6000555864369094,0.7626459143968871,"[0.6050583657587548, 0.6108949416342413, 0.5894941634241245, 0.6050583657587548, 0.6011673151750972, 0.603112840466926, 0.585603112840467]","[0.7665369649805448, 0.7587548638132295, 0.7587548638132295, 0.7723735408560312, 0.7645914396887159, 0.7568093385214008, 0.7607003891050583]",3,"[3, 7, 204]"
passive_ordered,219,731,2055,35.571776155717764,0.6103390772651472,0.7720956086714842,"[0.6089494163424124, 0.6167315175097277, 0.6108949416342413, 0.6050583657587548, 0.6050583657587548, 0.622568093385214, 0.603112840466926]","[0.7704280155642024, 0.7704280155642024, 0.7704280155642024, 0.7723735408560312, 0.7704280155642024, 0.7782101167315175, 0.7723735408560312]",3,"[82, 249, 158]"
passive_ordered,220,734,2055,35.71776155717762,0.6103390772651472,0.7690383546414674,"[0.6186770428015564, 0.6186770428015564, 0.603112840466926, 0.6070038910505836, 0.6128404669260701, 0.6128404669260701, 0.5992217898832685]","[0.754863813229572, 0.7704280155642024, 0.7704280155642024, 0.7801556420233463, 0.7626459143968871, 0.7723735408560312, 0.7723735408560312]",3,"[62, 3, 125]"
passive_ordered,221,737,2055,35.86374695863747,0.6061700944969427,0.7687604224569204,"[0.6011673151750972, 0.603112840466926, 0.6128404669260701, 0.6050583657587548, 0.6050583657587548, 0.6128404669260701, 0.603112840466926]","[0.7665369649805448, 0.7645914396887159, 0.7723735408560312, 0.7704280155642024, 0.77431906614786, 0.7684824902723736, 0.7645914396887159]",3,"[154, 77, 225]"
passive_ordered,222,740,2055,36.009732360097324,0.6131183991106169,0.7665369649805447,"[0.6128404669260701, 0.6186770428015564, 0.6108949416342413, 0.603112840466926, 0.6089494163424124, 0.632295719844358, 0.6050583657587548]","[0.7645914396887159, 0.7723735408560312, 0.7684824902723736, 0.7626459143968871, 0.7723735408560312, 0.7607003891050583, 0.7645914396887159]",3,"[124, 212, 61]"
passive_ordered,223,743,2055,36.15571776155718,0.6095052807115063,0.7676486937187326,"[0.6108949416342413, 0.6070038910505836, 0.6108949416342413, 0.6147859922178989, 0.6089494163424124, 0.6108949416342413, 0.603112840466926]","[0.7704280155642024, 0.7704280155642024, 0.7704280155642024, 0.7762645914396887, 0.7626459143968871, 0.7626459143968871, 0.7607003891050583]",3,"[171, 204, 9]"
passive_ordered,224,746,2055,36.30170316301703,0.6133963312951641,0.7693162868260144,"[0.6050583657587548, 0.6108949416342413, 0.6167315175097277, 0.6128404669260701, 0.6128404669260701, 0.622568093385214, 0.6128404669260701]","[0.7626459143968871, 0.7645914396887159, 0.7782101167315175, 0.77431906614786, 0.7762645914396887, 0.7704280155642024, 0.7587548638132295]",3,"[222, 222, 152]"
passive_ordered,225,749,2055,36.447688564476884,0.6186770428015563,0.7712618121178432,"[0.6186770428015564, 0.622568093385214, 0.6167315175097277, 0.6186770428015564, 0.6147859922178989, 0.632295719844358, 0.6070038910505836]","[0.7762645914396887, 0.7762645914396887, 0.7684824902723736, 0.7723735408560312, 0.7762645914396887, 0.7645914396887159, 0.7645914396887159]",3,"[51, 249, 252]"
passive_ordered,226,752,2055,36.59367396593674,0.612562534741523,0.7704280155642023,"[0.6070038910505836, 0.6089494163424124, 0.622568093385214, 0.6050583657587548, 0.6186770428015564, 0.622568093385214, 0.603112840466926]","[0.7684824902723736, 0.7723735408560312, 0.7723735408560312, 0.7704280155642024, 0.77431906614786, 0.7645914396887159, 0.7704280155642024]",3,"[246, 231, 103]"
passive_ordered,227,755,2055,36.73965936739659,0.6092273485269596,0.7757087270705948,"[0.5914396887159533, 0.6206225680933852, 0.5992217898832685, 0.5953307392996109, 0.6108949416342413, 0.6303501945525292, 0.6167315175097277]","[0.7723735408560312, 0.7762645914396887, 0.7801556420233463, 0.7782101167315175, 0.7782101167315175, 0.7704280155642024, 0.77431906614786]",3,"[101, 249, 20]"
passive_ordered,228,758,2055,36.885644768856444,0.6181211784324626,0.7751528627015009,"[0.6011673151750972, 0.6108949416342413, 0.6206225680933852, 0.6245136186770428, 0.6206225680933852, 0.6361867704280155, 0.6128404669260701]","[0.7684824902723736, 0.7801556420233463, 0.7782101167315175, 0.7782101167315175, 0.7762645914396887, 0.7665369649805448, 0.7782101167315175]",3,"[249, 5, 249]"
passive_ordered,229,761,2055,37.031630170316305,0.6209005002779323,0.77431906614786,"[0.6245136186770428, 0.6147859922178989, 0.6245136186770428, 0.6186770428015564, 0.6147859922178989, 0.6381322957198443, 0.6108949416342413]","[0.7723735408560312, 0.7801556420233463, 0.7704280155642024, 0.7723735408560312, 0.7801556420233463, 0.7782101167315175, 0.7665369649805448]",3,"[249, 249, 68]"
passive_ordered,230,764,2055,37.17761557177616,0.6200667037242914,0.7782101167315175,"[0.6089494163424124, 0.622568093385214, 0.6167315175097277, 0.6186770428015564, 0.6186770428015564, 0.632295719844358, 0.622568093385214]","[0.7723735408560312, 0.7898832684824902, 0.77431906614786, 0.7821011673151751, 0.7762645914396887, 0.7782101167315175, 0.77431906614786]",3,"[51, 251, 208]"
passive_ordered,231,767,2055,37.32360097323601,0.6261812117843247,0.782934963868816,"[0.6284046692607004, 0.6264591439688716, 0.6303501945525292, 0.6264591439688716, 0.6264591439688716, 0.632295719844358, 0.6128404669260701]","[0.7762645914396887, 0.7840466926070039, 0.7821011673151751, 0.7840466926070039, 0.791828793774319, 0.7801556420233463, 0.7821011673151751]",3,"[77, 248, 182]"
passive_ordered,232,770,2055,37.469586374695865,0.6275708727070596,0.7854363535297387,"[0.622568093385214, 0.6342412451361867, 0.632295719844358, 0.6264591439688716, 0.6264591439688716, 0.6245136186770428, 0.6264591439688716]","[0.7840466926070039, 0.7821011673151751, 0.7879377431906615, 0.7879377431906615, 0.7859922178988327, 0.7840466926070039, 0.7859922178988327]",3,"[61, 88, 178]"
passive_ordered,233,773,2055,37.61557177615572,0.6256253474152308,0.7801556420233463,"[0.6245136186770428, 0.6206225680933852, 0.6361867704280155, 0.6245136186770428, 0.6128404669260701, 0.6342412451361867, 0.6264591439688716]","[0.7821011673151751, 0.7762645914396887, 0.7859922178988327, 0.77431906614786, 0.7859922178988327, 0.7762645914396887, 0.7801556420233463]",3,"[4, 182, 72]"
passive_ordered,234,776,2055,37.76155717761557,0.6317398554752641,0.782934963868816,"[0.6245136186770428, 0.642023346303502, 0.622568093385214, 0.6245136186770428, 0.632295719844358, 0.6459143968871596, 0.6303501945525292]","[0.7821011673151751, 0.7821011673151751, 0.7801556420233463, 0.7937743190661478, 0.7898832684824902, 0.7840466926070039, 0.7684824902723736]",3,"[181, 158, 36]"
passive_ordered,235,779,2055,37.907542579075425,0.6278488048916065,0.7848804891606448,"[0.6342412451361867, 0.6186770428015564, 0.6284046692607004, 0.6186770428015564, 0.6206225680933852, 0.6381322957198443, 0.6361867704280155]","[0.7801556420233463, 0.7976653696498055, 0.7859922178988327, 0.7840466926070039, 0.7898832684824902, 0.7840466926070039, 0.7723735408560312]",3,"[160, 249, 176]"
passive_ordered,236,782,2055,38.05352798053528,0.6339633129516399,0.7896053362979433,"[0.632295719844358, 0.6381322957198443, 0.6284046692607004, 0.622568093385214, 0.6264591439688716, 0.6556420233463035, 0.6342412451361867]","[0.7879377431906615, 0.791828793774319, 0.7859922178988327, 0.7879377431906615, 0.7976653696498055, 0.7879377431906615, 0.7879377431906615]",3,"[245, 51, 20]"
passive_ordered,237,785,2055,38.19951338199513,0.633129516397999,0.7904391328515842,"[0.6342412451361867, 0.6342412451361867, 0.6284046692607004, 0.632295719844358, 0.6206225680933852, 0.6478599221789884, 0.6342412451361867]","[0.7898832684824902, 0.7879377431906615, 0.7879377431906615, 0.8015564202334631, 0.7898832684824902, 0.791828793774319, 0.7840466926070039]",3,"[16, 240, 88]"
passive_ordered,238,788,2055,38.345498783454985,0.6322957198443581,0.7915508615897721,"[0.6264591439688716, 0.6439688715953308, 0.632295719844358, 0.632295719844358, 0.6245136186770428, 0.642023346303502, 0.6245136186770428]","[0.7859922178988327, 0.7957198443579766, 0.7937743190661478, 0.791828793774319, 0.7976653696498055, 0.7840466926070039, 0.791828793774319]",3,"[11, 51, 77]"
passive_ordered,239,791,2055,38.49148418491484,0.6347971095052808,0.7932184546970539,"[0.6245136186770428, 0.6478599221789884, 0.6381322957198443, 0.6342412451361867, 0.6264591439688716, 0.6478599221789884, 0.6245136186770428]","[0.7898832684824902, 0.7957198443579766, 0.7976653696498055, 0.7976653696498055, 0.7937743190661478, 0.7937743190661478, 0.7840466926070039]",3,"[77, 66, 248]"
passive_ordered,240,794,2055,38.6374695863747,0.6339633129516399,0.7940522512506948,"[0.6342412451361867, 0.6400778210116731, 0.6303501945525292, 0.6245136186770428, 0.6284046692607004, 0.6478599221789884, 0.632295719844358]","[0.7996108949416343, 0.7976653696498055, 0.7976653696498055, 0.7937743190661478, 0.791828793774319, 0.7898832684824902, 0.7879377431906615]",3,"[226, 101, 101]"
passive_ordered,241,797,2055,38.78345498783455,0.6303501945525293,0.7934963868816008,"[0.6245136186770428, 0.6439688715953308, 0.6264591439688716, 0.6264591439688716, 0.6147859922178989, 0.6498054474708171, 0.6264591439688716]","[0.791828793774319, 0.7937743190661478, 0.7840466926070039, 0.8015564202334631, 0.7996108949416343, 0.7898832684824902, 0.7937743190661478]",3,"[130, 245, 87]"
passive_ordered,242,800,2055,38.929440389294406,0.6292384658143414,0.791828793774319,"[0.6245136186770428, 0.6381322957198443, 0.622568093385214, 0.6167315175097277, 0.6245136186770428, 0.6439688715953308, 0.6342412451361867]","[0.7879377431906615, 0.7996108949416343, 0.7879377431906615, 0.7898832684824902, 0.7937743190661478, 0.791828793774319, 0.791828793774319]",3,"[112, 191, 105]"
passive_ordered,243,803,2055,39.07542579075426,0.6281267370761535,0.7934963868816008,"[0.622568093385214, 0.6303501945525292, 0.6206225680933852, 0.6128404669260701, 0.632295719844358, 0.6478599221789884, 0.6303501945525292]","[0.7937743190661478, 0.7937743190661478, 0.7898832684824902, 0.7996108949416343, 0.7879377431906615, 0.7976653696498055, 0.791828793774319]",3,"[234, 5, 212]"
passive_ordered,244,806,2055,39.22141119221411,0.6292384658143414,0.7943301834352418,"[0.6284046692607004, 0.632295719844358, 0.6264591439688716, 0.6186770428015564, 0.6284046692607004, 0.642023346303502, 0.6284046692607004]","[0.7840466926070039, 0.8054474708171206, 0.7859922178988327, 0.7996108949416343, 0.7976653696498055, 0.7976653696498055, 0.7898832684824902]",3,"[120, 247, 227]"
passive_ordered,245,809,2055,39.367396593673966,0.6334074485825459,0.7962757087270705,"[0.6400778210116731, 0.6400778210116731, 0.6167315175097277, 0.632295719844358, 0.622568093385214, 0.6536964980544747, 0.6284046692607004]","[0.7840466926070039, 0.7976653696498055, 0.7937743190661478, 0.8093385214007782, 0.7976653696498055, 0.7957198443579766, 0.7957198443579766]",3,"[64, 5, 204]"
passive_ordered,246,812,2055,39.51338199513382,0.6361867704280156,0.7976653696498054,"[0.6342412451361867, 0.6439688715953308, 0.6381322957198443, 0.622568093385214, 0.6361867704280155, 0.6439688715953308, 0.6342412451361867]","[0.7976653696498055, 0.8015564202334631, 0.7898832684824902, 0.8054474708171206, 0.7937743190661478, 0.7976653696498055, 0.7976653696498055]",3,"[160, 246, 182]"
passive_ordered,247,815,2055,39.65936739659367,0.6392440244580323,0.7990550305725402,"[0.6439688715953308, 0.6381322957198443, 0.6303501945525292, 0.632295719844358, 0.6381322957198443, 0.6498054474708171, 0.642023346303502]","[0.7937743190661478, 0.8073929961089494, 0.7996108949416343, 0.8035019455252919, 0.791828793774319, 0.8015564202334631, 0.7957198443579766]",3,"[90, 64, 172]"
passive_ordered,248,818,2055,39.805352798053526,0.6428571428571429,0.7990550305725402,"[0.6517509727626459, 0.6381322957198443, 0.6361867704280155, 0.632295719844358, 0.6400778210116731, 0.6517509727626459, 0.6498054474708171]","[0.7937743190661478, 0.7996108949416343, 0.8054474708171206, 0.8073929961089494, 0.7976653696498055, 0.7937743190661478, 0.7957198443579766]",3,"[179, 233, 213]"
passive_ordered,249,821,2055,39.95133819951338,0.6384102279043914,0.7976653696498054,"[0.6478599221789884, 0.632295719844358, 0.6478599221789884, 0.6264591439688716, 0.6342412451361867, 0.6439688715953308, 0.6361867704280155]","[0.7996108949416343, 0.7957198443579766, 0.7937743190661478, 0.8054474708171206, 0.8015564202334631, 0.7898832684824902, 0.7976653696498055]",3,"[212, 111, 186]"
passive_ordered,250,824,2055,40.09732360097323,0.6372984991662035,0.7976653696498054,"[0.642023346303502, 0.642023346303502, 0.6361867704280155, 0.6284046692607004, 0.6342412451361867, 0.6575875486381323, 0.6206225680933852]","[0.7937743190661478, 0.8015564202334631, 0.8015564202334631, 0.8054474708171206, 0.791828793774319, 0.7996108949416343, 0.7898832684824902]",3,"[178, 249, 101]"
passive_ordered,251,827,2055,40.24330900243309,0.6392440244580323,0.7982212340188993,"[0.6400778210116731, 0.6439688715953308, 0.6478599221789884, 0.6381322957198443, 0.632295719844358, 0.6400778210116731, 0.632295719844358]","[0.791828793774319, 0.7957198443579766, 0.8035019455252919, 0.8093385214007782, 0.7996108949416343, 0.7879377431906615, 0.7996108949416343]",3,"[212, 246, 5]"
passive_ordered,252,830,2055,40.38929440389295,0.6397998888271262,0.7965536409116175,"[0.6439688715953308, 0.6381322957198443, 0.6381322957198443, 0.632295719844358, 0.6342412451361867, 0.6536964980544747, 0.6381322957198443]","[0.8015564202334631, 0.7996108949416343, 0.7937743190661478, 0.8015564202334631, 0.7976653696498055, 0.7840466926070039, 0.7976653696498055]",3,"[61, 154, 3]"
passive_ordered,253,833,2055,40.5352798053528,0.6397998888271262,0.7968315730961645,"[0.6381322957198443, 0.6400778210116731, 0.6400778210116731, 0.6342412451361867, 0.632295719844358, 0.6575875486381323, 0.6361867704280155]","[0.791828793774319, 0.8035019455252919, 0.7957198443579766, 0.8035019455252919, 0.791828793774319, 0.7937743190661478, 0.7976653696498055]",3,"[154, 103, 61]"
passive_ordered,254,836,2055,40.681265206812654,0.6372984991662035,0.7954419121734296,"[0.6342412451361867, 0.642023346303502, 0.6400778210116731, 0.6342412451361867, 0.6381322957198443, 0.6498054474708171, 0.622568093385214]","[0.7840466926070039, 0.7957198443579766, 0.7957198443579766, 0.8054474708171206, 0.7976653696498055, 0.7976653696498055, 0.791828793774319]",3,"[172, 3, 249]"
passive_ordered,255,839,2055,40.82725060827251,0.6375764313507505,0.7957198443579766,"[0.6361867704280155, 0.6284046692607004, 0.6264591439688716, 0.6459143968871596, 0.642023346303502, 0.6517509727626459, 0.632295719844358]","[0.7937743190661478, 0.7996108949416343, 0.7937743190661478, 0.8015564202334631, 0.8035019455252919, 0.7821011673151751, 0.7957198443579766]",3,"[247, 247, 114]"
passive_ordered,256,842,2055,40.97323600973236,0.6336853807670929,0.7965536409116175,"[0.6303501945525292, 0.6342412451361867, 0.6264591439688716, 0.6361867704280155, 0.6284046692607004, 0.6498054474708171, 0.6303501945525292]","[0.7957198443579766, 0.7976653696498055, 0.791828793774319, 0.8015564202334631, 0.7996108949416343, 0.7996108949416343, 0.7898832684824902]",3,"[212, 249, 15]"
passive_ordered,257,845,2055,41.119221411192214,0.6381322957198444,0.7996108949416342,"[0.6342412451361867, 0.6342412451361867, 0.632295719844358, 0.6400778210116731, 0.642023346303502, 0.6556420233463035, 0.6284046692607004]","[0.8015564202334631, 0.8054474708171206, 0.7957198443579766, 0.8093385214007782, 0.7976653696498055, 0.7996108949416343, 0.7879377431906615]",3,"[246, 246, 249]"
passive_ordered,258,848,2055,41.26520681265207,0.6359088382434687,0.7990550305725402,"[0.6303501945525292, 0.6400778210116731, 0.6284046692607004, 0.6284046692607004, 0.6342412451361867, 0.6556420233463035, 0.6342412451361867]","[0.7996108949416343, 0.8054474708171206, 0.8035019455252919, 0.7996108949416343, 0.8015564202334631, 0.7898832684824902, 0.7937743190661478]",3,"[154, 3, 234]"
passive_ordered,259,851,2055,41.41119221411192,0.6381322957198444,0.7968315730961645,"[0.6361867704280155, 0.6361867704280155, 0.6284046692607004, 0.6381322957198443, 0.6342412451361867, 0.6556420233463035, 0.6381322957198443]","[0.7996108949416343, 0.7976653696498055, 0.7957198443579766, 0.7996108949416343, 0.8015564202334631, 0.7937743190661478, 0.7898832684824902]",3,"[80, 90, 158]"
passive_ordered,260,854,2055,41.557177615571774,0.642023346303502,0.8021122846025569,"[0.632295719844358, 0.6400778210116731, 0.6361867704280155, 0.6381322957198443, 0.6439688715953308, 0.6595330739299611, 0.6439688715953308]","[0.8035019455252919, 0.8093385214007782, 0.7976653696498055, 0.8054474708171206, 0.7957198443579766, 0.8132295719844358, 0.7898832684824902]",3,"[239, 237, 77]"
passive_ordered,261,857,2055,41.70316301703163,0.6431350750416899,0.8026681489716508,"[0.6342412451361867, 0.6498054474708171, 0.6381322957198443, 0.6536964980544747, 0.6400778210116731, 0.6459143968871596, 0.6400778210116731]","[0.7996108949416343, 0.8054474708171206, 0.7996108949416343, 0.8093385214007782, 0.8015564202334631, 0.7976653696498055, 0.8054474708171206]",3,"[154, 120, 11]"
passive_ordered,262,860,2055,41.84914841849148,0.6450806003335187,0.7984991662034463,"[0.6342412451361867, 0.6517509727626459, 0.6400778210116731, 0.6459143968871596, 0.6400778210116731, 0.6595330739299611, 0.6439688715953308]","[0.7976653696498055, 0.8015564202334631, 0.7976653696498055, 0.8015564202334631, 0.7996108949416343, 0.7957198443579766, 0.7957198443579766]",3,"[231, 224, 3]"
passive_ordered,263,863,2055,41.99513381995134,0.6445247359644247,0.7998888271261811,"[0.6400778210116731, 0.6439688715953308, 0.642023346303502, 0.6459143968871596, 0.6361867704280155, 0.6498054474708171, 0.6536964980544747]","[0.791828793774319, 0.8054474708171206, 0.8054474708171206, 0.8073929961089494, 0.7898832684824902, 0.8015564202334631, 0.7976653696498055]",3,"[222, 3, 20]"
passive_ordered,264,866,2055,42.141119221411195,0.6548082267926626,0.7973874374652584,"[0.6595330739299611, 0.6517509727626459, 0.6556420233463035, 0.6556420233463035, 0.6536964980544747, 0.6653696498054474, 0.642023346303502]","[0.7957198443579766, 0.7957198443579766, 0.7976653696498055, 0.8015564202334631, 0.7976653696498055, 0.7976653696498055, 0.7957198443579766]",3,"[88, 5, 20]"
passive_ordered,265,869,2055,42.28710462287105,0.6500833796553641,0.8004446914952751,"[0.6459143968871596, 0.6478599221789884, 0.6575875486381323, 0.6439688715953308, 0.6439688715953308, 0.6614785992217899, 0.6498054474708171]","[0.8015564202334631, 0.7898832684824902, 0.7996108949416343, 0.8073929961089494, 0.7996108949416343, 0.8015564202334631, 0.8035019455252919]",3,"[3, 222, 64]"
passive_ordered,266,872,2055,42.4330900243309,0.650917176209005,0.801278488048916,"[0.6478599221789884, 0.642023346303502, 0.6459143968871596, 0.6536964980544747, 0.6459143968871596, 0.6634241245136187, 0.6575875486381323]","[0.7976653696498055, 0.811284046692607, 0.7996108949416343, 0.7976653696498055, 0.811284046692607, 0.7898832684824902, 0.8015564202334631]",3,"[217, 90, 160]"
passive_ordered,267,875,2055,42.579075425790755,0.6467481934408005,0.8035019455252917,"[0.642023346303502, 0.6439688715953308, 0.6498054474708171, 0.6439688715953308, 0.6459143968871596, 0.6575875486381323, 0.6439688715953308]","[0.8035019455252919, 0.8015564202334631, 0.8035019455252919, 0.8151750972762646, 0.8054474708171206, 0.7937743190661478, 0.8015564202334631]",3,"[3, 216, 179]"
passive_ordered,268,878,2055,42.72506082725061,0.6561978877153974,0.8021122846025569,"[0.6575875486381323, 0.6498054474708171, 0.6634241245136187, 0.6556420233463035, 0.6536964980544747, 0.6653696498054474, 0.6478599221789884]","[0.8054474708171206, 0.8035019455252919, 0.8093385214007782, 0.8035019455252919, 0.8054474708171206, 0.791828793774319, 0.7957198443579766]",3,"[112, 179, 237]"
passive_ordered,269,881,2055,42.87104622871046,0.650917176209005,0.810728182323513,"[0.6498054474708171, 0.6459143968871596, 0.6498054474708171, 0.6498054474708171, 0.6478599221789884, 0.6595330739299611, 0.6536964980544747]","[0.8093385214007782, 0.8035019455252919, 0.8073929961089494, 0.8171206225680934, 0.8151750972762646, 0.8151750972762646, 0.8073929961089494]",3,"[40, 248, 231]"
passive_ordered,270,884,2055,43.017031630170315,0.6503613118399111,0.8071150639244024,"[0.6498054474708171, 0.6517509727626459, 0.6517509727626459, 0.6459143968871596, 0.6381322957198443, 0.6712062256809338, 0.6439688715953308]","[0.8093385214007782, 0.8073929961089494, 0.8190661478599222, 0.811284046692607, 0.7996108949416343, 0.7996108949416343, 0.8035019455252919]",3,"[5, 184, 234]"
passive_ordered,271,887,2055,43.16301703163017,0.6534185658699277,0.8087826570316842,"[0.6575875486381323, 0.6439688715953308, 0.6498054474708171, 0.6478599221789884, 0.6575875486381323, 0.6634241245136187, 0.6536964980544747]","[0.8171206225680934, 0.8035019455252919, 0.811284046692607, 0.811284046692607, 0.8093385214007782, 0.8015564202334631, 0.8073929961089494]",3,"[157, 124, 88]"
passive_ordered,272,890,2055,43.30900243309002,0.6542523624235688,0.8096164535853251,"[0.6498054474708171, 0.6556420233463035, 0.6517509727626459, 0.6459143968871596, 0.6498054474708171, 0.6750972762645915, 0.6517509727626459]","[0.8151750972762646, 0.811284046692607, 0.8035019455252919, 0.8171206225680934, 0.8132295719844358, 0.8035019455252919, 0.8035019455252919]",3,"[157, 3, 3]"
passive_ordered,273,893,2055,43.454987834549875,0.6531406336853808,0.8051695386325736,"[0.6575875486381323, 0.6575875486381323, 0.6498054474708171, 0.6478599221789884, 0.6536964980544747, 0.6595330739299611, 0.6459143968871596]","[0.8073929961089494, 0.8035019455252919, 0.8093385214007782, 0.8073929961089494, 0.8151750972762646, 0.7937743190661478, 0.7996108949416343]",3,"[154, 158, 77]"
passive_ordered,274,896,2055,43.60097323600973,0.6503613118399111,0.8079488604780433,"[0.6459143968871596, 0.6517509727626459, 0.642023346303502, 0.6459143968871596, 0.6478599221789884, 0.6653696498054474, 0.6536964980544747]","[0.8132295719844358, 0.8035019455252919, 0.8132295719844358, 0.8132295719844358, 0.8093385214007782, 0.7996108949416343, 0.8035019455252919]",3,"[5, 61, 3]"
passive_ordered,275,899,2055,43.74695863746959,0.650639244024458,0.8096164535853251,"[0.6439688715953308, 0.6517509727626459, 0.6556420233463035, 0.6439688715953308, 0.6439688715953308, 0.6614785992217899, 0.6536964980544747]","[0.8132295719844358, 0.8093385214007782, 0.811284046692607, 0.8151750972762646, 0.811284046692607, 0.8035019455252919, 0.8035019455252919]",3,"[3, 229, 245]"
passive_ordered,276,902,2055,43.89294403892944,0.6495275152862702,0.8090605892162311,"[0.6517509727626459, 0.6536964980544747, 0.6556420233463035, 0.632295719844358, 0.6517509727626459, 0.6536964980544747, 0.6478599221789884]","[0.8073929961089494, 0.8073929961089494, 0.811284046692607, 0.8093385214007782, 0.8054474708171206, 0.8093385214007782, 0.8132295719844358]",3,"[246, 245, 88]"
passive_ordered,277,905,2055,44.038929440389296,0.650917176209005,0.8115619788771539,"[0.6498054474708171, 0.6459143968871596, 0.6498054474708171, 0.6498054474708171, 0.6517509727626459, 0.6614785992217899, 0.6478599221789884]","[0.8171206225680934, 0.8151750972762646, 0.8171206225680934, 0.8093385214007782, 0.811284046692607, 0.8054474708171206, 0.8054474708171206]",3,"[154, 226, 236]"
passive_ordered,278,908,2055,44.18491484184915,0.6484157865480823,0.810450250138966,"[0.6478599221789884, 0.6400778210116731, 0.6498054474708171, 0.6439688715953308, 0.6459143968871596, 0.6614785992217899, 0.6498054474708171]","[0.8093385214007782, 0.8054474708171206, 0.811284046692607, 0.8151750972762646, 0.8190661478599222, 0.8054474708171206, 0.8073929961089494]",3,"[245, 233, 234]"
passive_ordered,279,911,2055,44.330900243309,0.660088938299055,0.8187882156753752,"[0.6595330739299611, 0.6614785992217899, 0.6556420233463035, 0.6614785992217899, 0.6575875486381323, 0.6673151750972762, 0.6575875486381323]","[0.8210116731517509, 0.8249027237354085, 0.8210116731517509, 0.8287937743190662, 0.8132295719844358, 0.8093385214007782, 0.8132295719844358]",3,"[237, 186, 20]"
passive_ordered,280,914,2055,44.476885644768856,0.6603668704836021,0.8182323513062811,"[0.6595330739299611, 0.669260700389105, 0.6556420233463035, 0.6614785992217899, 0.6517509727626459, 0.6750972762645915, 0.6498054474708171]","[0.8132295719844358, 0.8132295719844358, 0.8249027237354085, 0.8190661478599222, 0.8210116731517509, 0.8151750972762646, 0.8210116731517509]",3,"[103, 222, 222]"
passive_ordered,281,917,2055,44.62287104622871,0.6609227348526959,0.8185102834908281,"[0.6575875486381323, 0.6634241245136187, 0.6575875486381323, 0.6536964980544747, 0.6595330739299611, 0.6712062256809338, 0.6634241245136187]","[0.8190661478599222, 0.8229571984435797, 0.8229571984435797, 0.8151750972762646, 0.8268482490272373, 0.8073929961089494, 0.8151750972762646]",3,"[5, 88, 245]"
passive_ordered,282,920,2055,44.76885644768856,0.6634241245136188,0.8204558087826569,"[0.6634241245136187, 0.6770428015564203, 0.6595330739299611, 0.6536964980544747, 0.6556420233463035, 0.6731517509727627, 0.6614785992217899]","[0.8229571984435797, 0.8132295719844358, 0.8210116731517509, 0.8229571984435797, 0.8268482490272373, 0.8132295719844358, 0.8229571984435797]",3,"[222, 3, 101]"
passive_ordered,283,923,2055,44.91484184914842,0.6628682601445248,0.8187882156753751,"[0.6634241245136187, 0.6595330739299611, 0.6556420233463035, 0.6634241245136187, 0.6595330739299611, 0.6809338521400778, 0.6575875486381323]","[0.8190661478599222, 0.830739299610895, 0.8229571984435797, 0.8249027237354085, 0.8151750972762646, 0.8093385214007782, 0.8093385214007782]",3,"[103, 3, 102]"
passive_ordered,284,926,2055,45.06082725060827,0.6667593107281824,0.8204558087826569,"[0.6770428015564203, 0.6653696498054474, 0.6556420233463035, 0.6673151750972762, 0.6575875486381323, 0.6828793774319066, 0.6614785992217899]","[0.8210116731517509, 0.8229571984435797, 0.8249027237354085, 0.8268482490272373, 0.8171206225680934, 0.8229571984435797, 0.8073929961089494]",3,"[245, 245, 5]"
passive_ordered,285,929,2055,45.20681265206812,0.6653696498054475,0.810450250138966,"[0.6614785992217899, 0.669260700389105, 0.6673151750972762, 0.6575875486381323, 0.6595330739299611, 0.6789883268482491, 0.6634241245136187]","[0.8035019455252919, 0.8151750972762646, 0.8151750972762646, 0.8190661478599222, 0.8171206225680934, 0.8015564202334631, 0.8015564202334631]",3,"[11, 77, 226]"
passive_ordered,286,932,2055,45.352798053527984,0.6617565314063368,0.8162868260144523,"[0.6634241245136187, 0.6556420233463035, 0.6634241245136187, 0.6575875486381323, 0.6634241245136187, 0.6673151750972762, 0.6614785992217899]","[0.8073929961089494, 0.8190661478599222, 0.8229571984435797, 0.8229571984435797, 0.811284046692607, 0.8151750972762646, 0.8151750972762646]",3,"[226, 61, 234]"
passive_ordered,287,935,2055,45.49878345498784,0.6642579210672596,0.8201778765981099,"[0.6673151750972762, 0.6712062256809338, 0.6634241245136187, 0.6614785992217899, 0.6595330739299611, 0.6712062256809338, 0.6556420233463035]","[0.811284046692607, 0.8326848249027238, 0.8210116731517509, 0.8190661478599222, 0.8190661478599222, 0.8151750972762646, 0.8229571984435797]",3,"[154, 154, 3]"
passive_ordered,288,938,2055,45.64476885644769,0.6623123957754309,0.8185102834908281,"[0.6673151750972762, 0.6517509727626459, 0.6673151750972762, 0.6517509727626459, 0.6634241245136187, 0.6731517509727627, 0.6614785992217899]","[0.8229571984435797, 0.8190661478599222, 0.8249027237354085, 0.8190661478599222, 0.8151750972762646, 0.8093385214007782, 0.8190661478599222]",3,"[249, 5, 96]"
passive_ordered,289,941,2055,45.790754257907544,0.6664813785436354,0.8168426903835463,"[0.6556420233463035, 0.669260700389105, 0.6673151750972762, 0.6634241245136187, 0.669260700389105, 0.6770428015564203, 0.6634241245136187]","[0.8132295719844358, 0.8210116731517509, 0.8151750972762646, 0.8210116731517509, 0.8190661478599222, 0.811284046692607, 0.8171206225680934]",3,"[38, 40, 124]"
passive_ordered,290,944,2055,45.9367396593674,0.6609227348526959,0.819344080044469,"[0.6731517509727627, 0.6712062256809338, 0.6439688715953308, 0.6556420233463035, 0.6595330739299611, 0.6634241245136187, 0.6595330739299611]","[0.8093385214007782, 0.8171206225680934, 0.8229571984435797, 0.8249027237354085, 0.8249027237354085, 0.8151750972762646, 0.8210116731517509]",3,"[249, 249, 178]"
passive_ordered,291,947,2055,46.08272506082725,0.6625903279599779,0.819899944413563,"[0.6575875486381323, 0.6595330739299611, 0.6595330739299611, 0.6575875486381323, 0.6595330739299611, 0.6770428015564203, 0.6673151750972762]","[0.8229571984435797, 0.8190661478599222, 0.8229571984435797, 0.8171206225680934, 0.8190661478599222, 0.8249027237354085, 0.8132295719844358]",3,"[51, 17, 146]"
passive_ordered,292,950,2055,46.228710462287104,0.6589772095608671,0.819066147859922,"[0.6575875486381323, 0.6595330739299611, 0.6575875486381323, 0.6575875486381323, 0.6595330739299611, 0.6712062256809338, 0.6498054474708171]","[0.8190661478599222, 0.8249027237354085, 0.8151750972762646, 0.8229571984435797, 0.8229571984435797, 0.8073929961089494, 0.8210116731517509]",3,"[61, 5, 61]"
passive_ordered,293,953,2055,46.37469586374696,0.6689827682045582,0.820455808782657,"[0.6673151750972762, 0.6614785992217899, 0.6750972762645915, 0.6673151750972762, 0.6634241245136187, 0.6789883268482491, 0.669260700389105]","[0.8229571984435797, 0.8268482490272373, 0.8210116731517509, 0.830739299610895, 0.8190661478599222, 0.8132295719844358, 0.8093385214007782]",3,"[32, 240, 5]"
passive_ordered,294,956,2055,46.52068126520681,0.6631461923290718,0.8173985547526402,"[0.6575875486381323, 0.6653696498054474, 0.6634241245136187, 0.6556420233463035, 0.6634241245136187, 0.6750972762645915, 0.6614785992217899]","[0.8093385214007782, 0.8093385214007782, 0.8190661478599222, 0.8190661478599222, 0.8287937743190662, 0.8132295719844358, 0.8229571984435797]",3,"[20, 3, 3]"
passive_ordered,295,959,2055,46.666666666666664,0.6659255141745415,0.8162868260144523,"[0.6731517509727627, 0.6634241245136187, 0.6575875486381323, 0.6498054474708171, 0.6770428015564203, 0.6731517509727627, 0.6673151750972762]","[0.8132295719844358, 0.8190661478599222, 0.8210116731517509, 0.8229571984435797, 0.8132295719844358, 0.811284046692607, 0.8132295719844358]",3,"[5, 3, 3]"
passive_ordered,296,962,2055,46.81265206812652,0.670372429127293,0.8182323513062811,"[0.669260700389105, 0.6750972762645915, 0.6653696498054474, 0.6634241245136187, 0.6712062256809338, 0.6750972762645915, 0.6731517509727627]","[0.8190661478599222, 0.811284046692607, 0.8151750972762646, 0.8171206225680934, 0.8249027237354085, 0.8171206225680934, 0.8229571984435797]",3,"[104, 102, 45]"
passive_ordered,297,965,2055,46.95863746958638,0.6709282934963869,0.8212896053362979,"[0.6673151750972762, 0.6653696498054474, 0.6770428015564203, 0.6770428015564203, 0.6673151750972762, 0.6848249027237354, 0.6575875486381323]","[0.8190661478599222, 0.8210116731517509, 0.8229571984435797, 0.830739299610895, 0.8171206225680934, 0.8171206225680934, 0.8210116731517509]",3,"[247, 88, 64]"
passive_ordered,298,968,2055,47.10462287104623,0.6717620900500278,0.8235130628126737,"[0.6712062256809338, 0.6653696498054474, 0.6712062256809338, 0.6614785992217899, 0.6634241245136187, 0.6906614785992218, 0.6789883268482491]","[0.8229571984435797, 0.8268482490272373, 0.8268482490272373, 0.8287937743190662, 0.8268482490272373, 0.8171206225680934, 0.8151750972762646]",3,"[211, 5, 102]"
passive_ordered,299,971,2055,47.250608272506085,0.6742634797109506,0.8215675375208448,"[0.6750972762645915, 0.6809338521400778, 0.6673151750972762, 0.6750972762645915, 0.6634241245136187, 0.6906614785992218, 0.6673151750972762]","[0.8190661478599222, 0.8210116731517509, 0.8229571984435797, 0.8268482490272373, 0.8268482490272373, 0.8190661478599222, 0.8151750972762646]",3,"[102, 245, 245]"
passive_ordered,300,974,2055,47.39659367396594,0.6723179544191218,0.8187882156753751,"[0.669260700389105, 0.6789883268482491, 0.6653696498054474, 0.6653696498054474, 0.669260700389105, 0.688715953307393, 0.669260700389105]","[0.8093385214007782, 0.8268482490272373, 0.8249027237354085, 0.8190661478599222, 0.8190661478599222, 0.8210116731517509, 0.811284046692607]",3,"[204, 211, 208]"
passive_ordered,301,977,2055,47.54257907542579,0.6695386325736521,0.819066147859922,"[0.6634241245136187, 0.669260700389105, 0.6712062256809338, 0.6770428015564203, 0.669260700389105, 0.6770428015564203, 0.6595330739299611]","[0.811284046692607, 0.8287937743190662, 0.8151750972762646, 0.8151750972762646, 0.8287937743190662, 0.8171206225680934, 0.8171206225680934]",3,"[88, 88, 146]"
passive_ordered,302,980,2055,47.688564476885645,0.6678710394663703,0.8251806559199555,"[0.669260700389105, 0.6634241245136187, 0.6712062256809338, 0.6595330739299611, 0.669260700389105, 0.6750972762645915, 0.6673151750972762]","[0.8171206225680934, 0.8287937743190662, 0.8229571984435797, 0.830739299610895, 0.830739299610895, 0.830739299610895, 0.8151750972762646]",3,"[88, 77, 20]"
passive_ordered,303,983,2055,47.8345498783455,0.670372429127293,0.8204558087826569,"[0.6614785992217899, 0.6712062256809338, 0.6789883268482491, 0.6634241245136187, 0.6614785992217899, 0.6828793774319066, 0.6731517509727627]","[0.8171206225680934, 0.8229571984435797, 0.8268482490272373, 0.8229571984435797, 0.8249027237354085, 0.8132295719844358, 0.8151750972762646]",3,"[77, 226, 61]"
passive_ordered,304,986,2055,47.98053527980535,0.6670372429127294,0.8215675375208449,"[0.669260700389105, 0.6614785992217899, 0.6673151750972762, 0.6575875486381323, 0.6673151750972762, 0.6906614785992218, 0.6556420233463035]","[0.8132295719844358, 0.8249027237354085, 0.8190661478599222, 0.8287937743190662, 0.8287937743190662, 0.8210116731517509, 0.8151750972762646]",3,"[125, 3, 90]"
passive_ordered,305,989,2055,48.126520681265205,0.6712062256809339,0.8210116731517508,"[0.6634241245136187, 0.6673151750972762, 0.6731517509727627, 0.6614785992217899, 0.6828793774319066, 0.6848249027237354, 0.6653696498054474]","[0.8229571984435797, 0.8229571984435797, 0.8171206225680934, 0.8210116731517509, 0.8210116731517509, 0.8210116731517509, 0.8210116731517509]",3,"[3, 208, 154]"
passive_ordered,306,992,2055,48.27250608272506,0.6681489716509172,0.8210116731517508,"[0.6712062256809338, 0.6653696498054474, 0.6750972762645915, 0.6634241245136187, 0.6595330739299611, 0.6848249027237354, 0.6575875486381323]","[0.8190661478599222, 0.8287937743190662, 0.8229571984435797, 0.8171206225680934, 0.8229571984435797, 0.8210116731517509, 0.8151750972762646]",3,"[63, 7, 203]"
passive_ordered,307,995,2055,48.41849148418491,0.6670372429127294,0.8185102834908281,"[0.6712062256809338, 0.6614785992217899, 0.6770428015564203, 0.6653696498054474, 0.6634241245136187, 0.6750972762645915, 0.6556420233463035]","[0.8093385214007782, 0.8190661478599222, 0.8210116731517509, 0.8190661478599222, 0.8287937743190662, 0.8171206225680934, 0.8151750972762646]",3,"[11, 20, 186]"
passive_ordered,308,998,2055,48.564476885644766,0.6689827682045582,0.8210116731517508,"[0.669260700389105, 0.6731517509727627, 0.669260700389105, 0.6614785992217899, 0.6712062256809338, 0.6750972762645915, 0.6634241245136187]","[0.8190661478599222, 0.8268482490272373, 0.8210116731517509, 0.8190661478599222, 0.8229571984435797, 0.8210116731517509, 0.8171206225680934]",3,"[61, 187, 3]"
passive_ordered,309,1001,2055,48.710462287104626,0.6662034463590883,0.820455808782657,"[0.6770428015564203, 0.6556420233463035, 0.6731517509727627, 0.6556420233463035, 0.6673151750972762, 0.6712062256809338, 0.6634241245136187]","[0.8132295719844358, 0.8268482490272373, 0.8210116731517509, 0.8287937743190662, 0.8229571984435797, 0.8151750972762646, 0.8151750972762646]",3,"[212, 61, 3]"
passive_ordered,310,1004,2055,48.85644768856448,0.6689827682045582,0.8176764869371872,"[0.6634241245136187, 0.669260700389105, 0.669260700389105, 0.669260700389105, 0.6750972762645915, 0.6731517509727627, 0.6634241245136187]","[0.8132295719844358, 0.8171206225680934, 0.8171206225680934, 0.8151750972762646, 0.8326848249027238, 0.8171206225680934, 0.811284046692607]",3,"[36, 3, 38]"
passive_ordered,311,1007,2055,49.00243309002433,0.6689827682045582,0.82017787659811,"[0.669260700389105, 0.6653696498054474, 0.6634241245136187, 0.6653696498054474, 0.6673151750972762, 0.688715953307393, 0.6634241245136187]","[0.8190661478599222, 0.8210116731517509, 0.8132295719844358, 0.8287937743190662, 0.8210116731517509, 0.8210116731517509, 0.8171206225680934]",3,"[5, 215, 230]"
passive_ordered,312,1010,2055,49.148418491484186,0.6731517509727627,0.8207337409672039,"[0.6731517509727627, 0.6712062256809338, 0.6750972762645915, 0.6712062256809338, 0.6731517509727627, 0.6809338521400778, 0.6673151750972762]","[0.8171206225680934, 0.8210116731517509, 0.8268482490272373, 0.8190661478599222, 0.8132295719844358, 0.8287937743190662, 0.8190661478599222]",3,"[5, 5, 5]"
passive_ordered,313,1013,2055,49.29440389294404,0.6778765981100612,0.819899944413563,"[0.6712062256809338, 0.6789883268482491, 0.6848249027237354, 0.6712062256809338, 0.6770428015564203, 0.6867704280155642, 0.6750972762645915]","[0.811284046692607, 0.8190661478599222, 0.8171206225680934, 0.8229571984435797, 0.8346303501945526, 0.8190661478599222, 0.8151750972762646]",3,"[246, 249, 11]"
passive_ordered,314,1016,2055,49.44038929440389,0.6731517509727627,0.8210116731517508,"[0.6731517509727627, 0.6712062256809338, 0.669260700389105, 0.6712062256809338, 0.6673151750972762, 0.6867704280155642, 0.6731517509727627]","[0.8190661478599222, 0.830739299610895, 0.8132295719844358, 0.8249027237354085, 0.8210116731517509, 0.811284046692607, 0.8268482490272373]",3,"[101, 7, 101]"
passive_ordered,315,1019,2055,49.586374695863746,0.6717620900500278,0.8204558087826569,"[0.6614785992217899, 0.6828793774319066, 0.6731517509727627, 0.669260700389105, 0.6653696498054474, 0.6848249027237354, 0.6653696498054474]","[0.8229571984435797, 0.8132295719844358, 0.8190661478599222, 0.8249027237354085, 0.8287937743190662, 0.8190661478599222, 0.8151750972762646]",3,"[88, 88, 88]"
passive_ordered,316,1022,2055,49.7323600973236,0.6756531406336854,0.8204558087826569,"[0.6750972762645915, 0.6653696498054474, 0.6809338521400778, 0.6673151750972762, 0.6712062256809338, 0.6984435797665369, 0.6712062256809338]","[0.8151750972762646, 0.8249027237354085, 0.8229571984435797, 0.8229571984435797, 0.8171206225680934, 0.8151750972762646, 0.8249027237354085]",3,"[103, 246, 231]"
passive_ordered,317,1025,2055,49.87834549878345,0.6642579210672596,0.8185102834908281,"[0.6575875486381323, 0.6536964980544747, 0.6614785992217899, 0.669260700389105, 0.6614785992217899, 0.6673151750972762, 0.6789883268482491]","[0.8132295719844358, 0.811284046692607, 0.8249027237354085, 0.811284046692607, 0.8287937743190662, 0.8190661478599222, 0.8210116731517509]",3,"[104, 251, 97]"
passive_ordered,318,1028,2055,50.02433090024331,0.6436909394107838,0.8029460811561978,"[0.6595330739299611, 0.6128404669260701, 0.669260700389105, 0.6459143968871596, 0.6400778210116731, 0.642023346303502, 0.6361867704280155]","[0.8132295719844358, 0.8035019455252919, 0.8073929961089494, 0.8054474708171206, 0.7976653696498055, 0.7976653696498055, 0.7957198443579766]",3,"[125, 213, 146]"
passive_ordered,319,1031,2055,50.17031630170316,0.6459143968871596,0.801278488048916,"[0.6245136186770428, 0.6556420233463035, 0.6303501945525292, 0.6459143968871596, 0.6575875486381323, 0.6614785992217899, 0.6459143968871596]","[0.7898832684824902, 0.8093385214007782, 0.7976653696498055, 0.7996108949416343, 0.811284046692607, 0.7957198443579766, 0.8054474708171206]",3,"[93, 208, 222]"
passive_ordered,320,1034,2055,50.31630170316302,0.6450806003335187,0.8093385214007781,"[0.6439688715953308, 0.5972762645914397, 0.6614785992217899, 0.669260700389105, 0.6400778210116731, 0.6575875486381323, 0.6459143968871596]","[0.811284046692607, 0.811284046692607, 0.8132295719844358, 0.7976653696498055, 0.8093385214007782, 0.8073929961089494, 0.8151750972762646]",3,"[3, 154, 111]"
passive_ordered,321,1037,2055,50.462287104622874,0.6484157865480823,0.8126737076153417,"[0.6439688715953308, 0.6498054474708171, 0.6556420233463035, 0.6303501945525292, 0.6536964980544747, 0.6536964980544747, 0.6517509727626459]","[0.811284046692607, 0.8093385214007782, 0.8190661478599222, 0.8249027237354085, 0.8035019455252919, 0.8035019455252919, 0.8171206225680934]",3,"[90, 216, 187]"
passive_ordered,322,1040,2055,50.60827250608273,0.6450806003335187,0.8073929961089493,"[0.6400778210116731, 0.6245136186770428, 0.6439688715953308, 0.6400778210116731, 0.6381322957198443, 0.6673151750972762, 0.6614785992217899]","[0.8093385214007782, 0.8035019455252919, 0.8035019455252919, 0.7957198443579766, 0.8054474708171206, 0.8190661478599222, 0.8151750972762646]",3,"[138, 158, 61]"
passive_ordered,323,1043,2055,50.75425790754258,0.6464702612562535,0.800722623679822,"[0.6284046692607004, 0.6517509727626459, 0.642023346303502, 0.6303501945525292, 0.6459143968871596, 0.669260700389105, 0.6575875486381323]","[0.7957198443579766, 0.8093385214007782, 0.7957198443579766, 0.8035019455252919, 0.7996108949416343, 0.8035019455252919, 0.7976653696498055]",3,"[249, 231, 20]"
passive_ordered,324,1046,2055,50.900243309002434,0.6517509727626459,0.8029460811561978,"[0.6439688715953308, 0.6536964980544747, 0.6536964980544747, 0.6653696498054474, 0.6478599221789884, 0.6459143968871596, 0.6517509727626459]","[0.8015564202334631, 0.8073929961089494, 0.8151750972762646, 0.7859922178988327, 0.8035019455252919, 0.8035019455252919, 0.8035019455252919]",3,"[249, 242, 102]"
passive_ordered,325,1049,2055,51.04622871046229,0.6598110061145082,0.8146192329071705,"[0.6439688715953308, 0.6575875486381323, 0.6575875486381323, 0.669260700389105, 0.6575875486381323, 0.6789883268482491, 0.6536964980544747]","[0.811284046692607, 0.8210116731517509, 0.8190661478599222, 0.8035019455252919, 0.8151750972762646, 0.8171206225680934, 0.8151750972762646]",3,"[238, 240, 203]"
passive_ordered,326,1052,2055,51.19221411192214,0.6681489716509171,0.8162868260144523,"[0.6595330739299611, 0.6653696498054474, 0.6634241245136187, 0.6712062256809338, 0.6653696498054474, 0.6712062256809338, 0.6809338521400778]","[0.8210116731517509, 0.8210116731517509, 0.8171206225680934, 0.8093385214007782, 0.8054474708171206, 0.8210116731517509, 0.8190661478599222]",3,"[245, 245, 223]"
passive_ordered,327,1055,2055,51.338199513381994,0.6620344635908838,0.819622012229016,"[0.6712062256809338, 0.6750972762645915, 0.6653696498054474, 0.642023346303502, 0.669260700389105, 0.6439688715953308, 0.6673151750972762]","[0.8229571984435797, 0.8268482490272373, 0.830739299610895, 0.8151750972762646, 0.8151750972762646, 0.8190661478599222, 0.8073929961089494]",3,"[231, 222, 187]"
passive_ordered,328,1058,2055,51.48418491484185,0.6675931072818234,0.8137854363535296,"[0.6634241245136187, 0.6673151750972762, 0.6731517509727627, 0.6789883268482491, 0.6809338521400778, 0.6536964980544747, 0.6556420233463035]","[0.8132295719844358, 0.8171206225680934, 0.8151750972762646, 0.8132295719844358, 0.8093385214007782, 0.8171206225680934, 0.811284046692607]",3,"[71, 80, 61]"
passive_ordered,329,1061,2055,51.6301703163017,0.6539744302390217,0.8162868260144523,"[0.6556420233463035, 0.6575875486381323, 0.6536964980544747, 0.6361867704280155, 0.6439688715953308, 0.6653696498054474, 0.6653696498054474]","[0.8035019455252919, 0.8287937743190662, 0.8190661478599222, 0.811284046692607, 0.8249027237354085, 0.8210116731517509, 0.8054474708171206]",3,"[172, 172, 214]"
passive_ordered,330,1064,2055,51.776155717761554,0.6659255141745415,0.8126737076153417,"[0.6789883268482491, 0.6731517509727627, 0.6575875486381323, 0.6731517509727627, 0.6575875486381323, 0.6712062256809338, 0.6498054474708171]","[0.8249027237354085, 0.8054474708171206, 0.8132295719844358, 0.811284046692607, 0.8151750972762646, 0.8093385214007782, 0.8093385214007782]",3,"[3, 203, 11]"
passive_ordered,331,1067,2055,51.92214111922141,0.6675931072818233,0.8185102834908281,"[0.6673151750972762, 0.6673151750972762, 0.6575875486381323, 0.6653696498054474, 0.6575875486381323, 0.688715953307393, 0.669260700389105]","[0.8093385214007782, 0.8268482490272373, 0.830739299610895, 0.8054474708171206, 0.8210116731517509, 0.8249027237354085, 0.811284046692607]",3,"[5, 179, 51]"
passive_ordered,332,1070,2055,52.06812652068127,0.6670372429127294,0.8193440800444691,"[0.6750972762645915, 0.6712062256809338, 0.6809338521400778, 0.6342412451361867, 0.6634241245136187, 0.6809338521400778, 0.6634241245136187]","[0.8190661478599222, 0.8093385214007782, 0.811284046692607, 0.830739299610895, 0.8268482490272373, 0.8210116731517509, 0.8171206225680934]",3,"[231, 35, 125]"
passive_ordered,333,1073,2055,52.21411192214112,0.6717620900500278,0.8137854363535296,"[0.6828793774319066, 0.6809338521400778, 0.6517509727626459, 0.669260700389105, 0.6809338521400778, 0.6750972762645915, 0.6614785992217899]","[0.8229571984435797, 0.811284046692607, 0.8190661478599222, 0.8093385214007782, 0.8132295719844358, 0.8073929961089494, 0.8132295719844358]",3,"[61, 3, 89]"
passive_ordered,334,1076,2055,52.360097323600975,0.6781545302946081,0.8154530294608114,"[0.6828793774319066, 0.6848249027237354, 0.6731517509727627, 0.6770428015564203, 0.6556420233463035, 0.6926070038910506, 0.6809338521400778]","[0.8093385214007782, 0.830739299610895, 0.7996108949416343, 0.8151750972762646, 0.8132295719844358, 0.8171206225680934, 0.8229571984435797]",3,"[231, 251, 105]"
passive_ordered,335,1079,2055,52.50608272506083,0.6728738187882157,0.8154530294608116,"[0.6673151750972762, 0.6750972762645915, 0.669260700389105, 0.6614785992217899, 0.6634241245136187, 0.6964980544747081, 0.6770428015564203]","[0.8093385214007782, 0.8190661478599222, 0.8073929961089494, 0.8346303501945526, 0.8171206225680934, 0.8054474708171206, 0.8151750972762646]",3,"[105, 247, 3]"
passive_ordered,336,1082,2055,52.65206812652068,0.6803779877709839,0.8235130628126736,"[0.6867704280155642, 0.688715953307393, 0.6809338521400778, 0.6809338521400778, 0.6634241245136187, 0.6770428015564203, 0.6848249027237354]","[0.8249027237354085, 0.8287937743190662, 0.8229571984435797, 0.8210116731517509, 0.8326848249027238, 0.8190661478599222, 0.8151750972762646]",3,"[231, 231, 3]"
passive_ordered,337,1085,2055,52.798053527980535,0.680377987770984,0.8218454697053917,"[0.6848249027237354, 0.6750972762645915, 0.6731517509727627, 0.6828793774319066, 0.6906614785992218, 0.669260700389105, 0.6867704280155642]","[0.8190661478599222, 0.830739299610895, 0.8249027237354085, 0.8268482490272373, 0.8249027237354085, 0.8132295719844358, 0.8132295719844358]",3,"[207, 3, 249]"
passive_ordered,338,1088,2055,52.94403892944039,0.679544191217343,0.8279599777654252,"[0.6750972762645915, 0.6964980544747081, 0.6770428015564203, 0.669260700389105, 0.6712062256809338, 0.6867704280155642, 0.6809338521400778]","[0.830739299610895, 0.8268482490272373, 0.830739299610895, 0.830739299610895, 0.8229571984435797, 0.8249027237354085, 0.8287937743190662]",3,"[3, 181, 32]"
passive_ordered,339,1091,2055,53.09002433090024,0.6775986659255142,0.8251806559199554,"[0.6770428015564203, 0.6673151750972762, 0.6653696498054474, 0.6712062256809338, 0.6731517509727627, 0.6867704280155642, 0.7023346303501945]","[0.8190661478599222, 0.8268482490272373, 0.8249027237354085, 0.8210116731517509, 0.8365758754863813, 0.8210116731517509, 0.8268482490272373]",3,"[77, 77, 89]"
passive_ordered,340,1094,2055,53.236009732360095,0.6809338521400778,0.8229571984435796,"[0.6731517509727627, 0.688715953307393, 0.6867704280155642, 0.6712062256809338, 0.6595330739299611, 0.6964980544747081, 0.6906614785992218]","[0.8287937743190662, 0.8287937743190662, 0.8210116731517509, 0.8229571984435797, 0.8268482490272373, 0.8132295719844358, 0.8190661478599222]",3,"[5, 111, 61]"
passive_ordered,341,1097,2055,53.38199513381995,0.6826014452473597,0.8235130628126736,"[0.6945525291828794, 0.6867704280155642, 0.6712062256809338, 0.6653696498054474, 0.6867704280155642, 0.6906614785992218, 0.6828793774319066]","[0.8287937743190662, 0.8268482490272373, 0.8268482490272373, 0.8268482490272373, 0.8229571984435797, 0.8190661478599222, 0.8132295719844358]",3,"[93, 61, 245]"
passive_ordered,342,1100,2055,53.5279805352798,0.6778765981100613,0.8271261812117842,"[0.6848249027237354, 0.6731517509727627, 0.6789883268482491, 0.6867704280155642, 0.6731517509727627, 0.6653696498054474, 0.6828793774319066]","[0.8287937743190662, 0.8385214007782101, 0.8229571984435797, 0.8171206225680934, 0.8404669260700389, 0.811284046692607, 0.830739299610895]",3,"[249, 3, 5]"
passive_ordered,343,1103,2055,53.67396593673966,0.6820455808782657,0.8329627570872706,"[0.6789883268482491, 0.6926070038910506, 0.6906614785992218, 0.6731517509727627, 0.6673151750972762, 0.6867704280155642, 0.6848249027237354]","[0.830739299610895, 0.8404669260700389, 0.8287937743190662, 0.830739299610895, 0.8346303501945526, 0.8404669260700389, 0.8249027237354085]",3,"[237, 245, 146]"
passive_ordered,344,1106,2055,53.819951338199516,0.6870483602001113,0.8282379099499722,"[0.6906614785992218, 0.6984435797665369, 0.669260700389105, 0.688715953307393, 0.6770428015564203, 0.6964980544747081, 0.688715953307393]","[0.8287937743190662, 0.8287937743190662, 0.8326848249027238, 0.830739299610895, 0.8249027237354085, 0.8326848249027238, 0.8190661478599222]",3,"[249, 234, 211]"
passive_ordered,345,1109,2055,53.96593673965937,0.6914952751528628,0.82934963868816,"[0.7042801556420234, 0.6848249027237354, 0.6809338521400778, 0.6750972762645915, 0.688715953307393, 0.7101167315175098, 0.6964980544747081]","[0.8249027237354085, 0.8287937743190662, 0.8229571984435797, 0.830739299610895, 0.8385214007782101, 0.8287937743190662, 0.830739299610895]",3,"[102, 61, 203]"
passive_ordered,346,1112,2055,54.11192214111922,0.689827682045581,0.8299055030572539,"[0.688715953307393, 0.6906614785992218, 0.6964980544747081, 0.6750972762645915, 0.6809338521400778, 0.6848249027237354, 0.7120622568093385]","[0.8249027237354085, 0.8424124513618677, 0.8365758754863813, 0.8171206225680934, 0.8229571984435797, 0.8229571984435797, 0.8424124513618677]",3,"[102, 203, 51]"
passive_ordered,347,1115,2055,54.257907542579076,0.6873262923846583,0.8360200111172873,"[0.6770428015564203, 0.7003891050583657, 0.6906614785992218, 0.688715953307393, 0.6848249027237354, 0.6848249027237354, 0.6848249027237354]","[0.830739299610895, 0.8385214007782101, 0.8365758754863813, 0.8385214007782101, 0.830739299610895, 0.8424124513618677, 0.8346303501945526]",3,"[11, 152, 11]"
passive_ordered,348,1118,2055,54.40389294403893,0.6926070038910507,0.8290717065036131,"[0.688715953307393, 0.7159533073929961, 0.6867704280155642, 0.6750972762645915, 0.6926070038910506, 0.688715953307393, 0.7003891050583657]","[0.8287937743190662, 0.8287937743190662, 0.8229571984435797, 0.8365758754863813, 0.8249027237354085, 0.8229571984435797, 0.8385214007782101]",3,"[240, 88, 61]"
passive_ordered,349,1121,2055,54.54987834549878,0.6889938854919401,0.8354641467481934,"[0.6867704280155642, 0.6789883268482491, 0.7042801556420234, 0.6828793774319066, 0.6750972762645915, 0.7062256809338522, 0.688715953307393]","[0.8365758754863813, 0.830739299610895, 0.8424124513618677, 0.8346303501945526, 0.8365758754863813, 0.8385214007782101, 0.8287937743190662]",3,"[5, 5, 102]"
passive_ordered,350,1124,2055,54.695863746958636,0.690105614230128,0.8335186214563646,"[0.6984435797665369, 0.6984435797665369, 0.6789883268482491, 0.6945525291828794, 0.6828793774319066, 0.6984435797665369, 0.6789883268482491]","[0.830739299610895, 0.8365758754863813, 0.8287937743190662, 0.830739299610895, 0.8326848249027238, 0.8385214007782101, 0.8365758754863813]",3,"[154, 154, 6]"
active_random,1,78,2055,3.795620437956204,0.36687048360200114,0.4524735964424681,"[0.36770428015564205, 0.36964980544747084, 0.3657587548638132, 0.3638132295719844, 0.36186770428015563, 0.3735408560311284, 0.3657587548638132]","[0.4455252918287938, 0.45136186770428016, 0.46108949416342415, 0.45525291828793774, 0.4494163424124514, 0.45330739299610895, 0.45136186770428016]",3,[]
active_random,2,81,2055,3.9416058394160585,0.37409672040022235,0.4616453585325181,"[0.3754863813229572, 0.36186770428015563, 0.3735408560311284, 0.377431906614786, 0.37937743190661477, 0.3715953307392996, 0.37937743190661477]","[0.46108949416342415, 0.4727626459143969, 0.4591439688715953, 0.4591439688715953, 0.4649805447470817, 0.45136186770428016, 0.46303501945525294]",3,"[212, 131, 248]"
active_random,3,84,2055,4.087591240875913,0.38993885491939967,0.47526403557531965,"[0.39105058365758755, 0.38715953307393, 0.38715953307393, 0.39299610894941633, 0.39105058365758755, 0.3852140077821012, 0.3949416342412451]","[0.47470817120622566, 0.47470817120622566, 0.47470817120622566, 0.4727626459143969, 0.4785992217898833, 0.47470817120622566, 0.4766536964980545]",3,"[245, 61, 13]"
active_random,4,87,2055,4.233576642335766,0.386603668704836,0.47248471372984996,"[0.3968871595330739, 0.37937743190661477, 0.39105058365758755, 0.3832684824902724, 0.3852140077821012, 0.39299610894941633, 0.377431906614786]","[0.4688715953307393, 0.4727626459143969, 0.4785992217898833, 0.4688715953307393, 0.46303501945525294, 0.4766536964980545, 0.4785992217898833]",3,"[250, 217, 135]"
active_random,5,90,2055,4.37956204379562,0.3874374652584769,0.4777654252362424,"[0.38132295719844356, 0.39105058365758755, 0.3832684824902724, 0.3832684824902724, 0.38715953307393, 0.3949416342412451, 0.39105058365758755]","[0.4727626459143969, 0.4805447470817121, 0.4785992217898833, 0.4785992217898833, 0.4805447470817121, 0.4766536964980545, 0.4766536964980545]",3,"[205, 186, 0]"
active_random,6,93,2055,4.525547445255475,0.38882712618121174,0.4783212896053363,"[0.38910505836575876, 0.38132295719844356, 0.39299610894941633, 0.38132295719844356, 0.38132295719844356, 0.4027237354085603, 0.39299610894941633]","[0.48249027237354086, 0.4785992217898833, 0.47470817120622566, 0.48443579766536965, 0.4727626459143969, 0.4805447470817121, 0.47470817120622566]",3,"[7, 19, 63]"
active_random,7,96,2055,4.671532846715328,0.3879933296275709,0.47998888271261814,"[0.38715953307393, 0.3852140077821012, 0.38910505836575876, 0.3832684824902724, 0.38715953307393, 0.39299610894941633, 0.39105058365758755]","[0.48249027237354086, 0.48249027237354086, 0.48443579766536965, 0.48249027237354086, 0.4669260700389105, 0.48443579766536965, 0.4766536964980545]",3,"[2, 15, 38]"
active_random,8,99,2055,4.817518248175182,0.39105058365758755,0.4799888827126182,"[0.3949416342412451, 0.3832684824902724, 0.3949416342412451, 0.38910505836575876, 0.38910505836575876, 0.3968871595330739, 0.38910505836575876]","[0.4805447470817121, 0.49221789883268485, 0.4805447470817121, 0.4805447470817121, 0.47470817120622566, 0.4727626459143969, 0.4785992217898833]",3,"[128, 212, 183]"
active_random,9,102,2055,4.963503649635037,0.4068927181767648,0.5036131183991106,"[0.41245136186770426, 0.4066147859922179, 0.4046692607003891, 0.4046692607003891, 0.3968871595330739, 0.41050583657587547, 0.41245136186770426]","[0.5019455252918288, 0.5, 0.5116731517509727, 0.5058365758754864, 0.5019455252918288, 0.4980544747081712, 0.5058365758754864]",3,"[249, 127, 249]"
active_random,10,105,2055,5.109489051094891,0.41662034463590875,0.5041689827682045,"[0.4260700389105058, 0.4163424124513619, 0.4163424124513619, 0.4085603112840467, 0.4143968871595331, 0.42412451361867703, 0.41050583657587547]","[0.5058365758754864, 0.5077821011673151, 0.4980544747081712, 0.5058365758754864, 0.5019455252918288, 0.5038910505836576, 0.5058365758754864]",3,"[3, 237, 212]"
active_random,11,108,2055,5.255474452554744,0.40828237909949966,0.5050027793218455,"[0.4163424124513619, 0.41050583657587547, 0.4027237354085603, 0.4046692607003891, 0.4163424124513619, 0.40077821011673154, 0.4066147859922179]","[0.5077821011673151, 0.4980544747081712, 0.5077821011673151, 0.5019455252918288, 0.5, 0.5116731517509727, 0.5077821011673151]",3,"[163, 246, 5]"
active_random,12,111,2055,5.401459854014599,0.4093941078376876,0.5066703724291273,"[0.4163424124513619, 0.4046692607003891, 0.41245136186770426, 0.4182879377431907, 0.41050583657587547, 0.4027237354085603, 0.40077821011673154]","[0.5, 0.5097276264591439, 0.5097276264591439, 0.519455252918288, 0.5, 0.5097276264591439, 0.4980544747081712]",3,"[120, 135, 133]"
active_random,13,114,2055,5.547445255474453,0.4132851584213451,0.5055586436909394,"[0.4182879377431907, 0.41050583657587547, 0.41050583657587547, 0.41245136186770426, 0.4143968871595331, 0.41245136186770426, 0.4143968871595331]","[0.5058365758754864, 0.5038910505836576, 0.5077821011673151, 0.4980544747081712, 0.5019455252918288, 0.5116731517509727, 0.5097276264591439]",3,"[234, 240, 245]"
active_random,14,117,2055,5.693430656934306,0.4135630906058921,0.5075041689827682,"[0.4182879377431907, 0.41050583657587547, 0.42412451361867703, 0.4066147859922179, 0.4143968871595331, 0.4066147859922179, 0.4143968871595331]","[0.5077821011673151, 0.5175097276264592, 0.5077821011673151, 0.5019455252918288, 0.5038910505836576, 0.5097276264591439, 0.5038910505836576]",3,"[242, 246, 1]"
active_random,15,120,2055,5.839416058394161,0.41745414118954965,0.5130628126737076,"[0.4260700389105058, 0.41245136186770426, 0.4260700389105058, 0.4085603112840467, 0.42412451361867703, 0.4066147859922179, 0.4182879377431907]","[0.519455252918288, 0.5097276264591439, 0.5155642023346303, 0.5136186770428015, 0.5116731517509727, 0.519455252918288, 0.5019455252918288]",3,"[120, 120, 72]"
active_random,16,123,2055,5.985401459854015,0.41745414118954965,0.5125069483046136,"[0.4280155642023346, 0.42217898832684825, 0.4163424124513619, 0.4085603112840467, 0.4163424124513619, 0.4163424124513619, 0.4143968871595331]","[0.5136186770428015, 0.5136186770428015, 0.5155642023346303, 0.519455252918288, 0.5019455252918288, 0.5116731517509727, 0.5116731517509727]",3,"[1, 200, 188]"
active_random,17,126,2055,6.131386861313868,0.42329071706503607,0.5236242356864925,"[0.4182879377431907, 0.42217898832684825, 0.4377431906614786, 0.42412451361867703, 0.41245136186770426, 0.4280155642023346, 0.42023346303501946]","[0.5214007782101168, 0.5330739299610895, 0.5233463035019456, 0.5175097276264592, 0.5155642023346303, 0.5272373540856031, 0.5272373540856031]",3,"[146, 222, 14]"
active_random,18,129,2055,6.2773722627737225,0.41439688715953304,0.5291828793774319,"[0.4143968871595331, 0.41050583657587547, 0.4143968871595331, 0.4182879377431907, 0.4143968871595331, 0.41050583657587547, 0.4182879377431907]","[0.5233463035019456, 0.5408560311284046, 0.5311284046692607, 0.5272373540856031, 0.519455252918288, 0.5272373540856031, 0.5350194552529183]",3,"[61, 2, 212]"
active_random,19,132,2055,6.423357664233577,0.4191217342968315,0.5314063368538077,"[0.42412451361867703, 0.4143968871595331, 0.42023346303501946, 0.4163424124513619, 0.41245136186770426, 0.42217898832684825, 0.42412451361867703]","[0.5350194552529183, 0.5330739299610895, 0.5291828793774319, 0.5272373540856031, 0.5214007782101168, 0.5369649805447471, 0.5369649805447471]",3,"[246, 61, 178]"
active_random,20,135,2055,6.569343065693431,0.4305169538632575,0.5433574207893274,"[0.4280155642023346, 0.43190661478599224, 0.4260700389105058, 0.4280155642023346, 0.433852140077821, 0.433852140077821, 0.43190661478599224]","[0.5389105058365758, 0.5525291828793775, 0.5408560311284046, 0.5428015564202334, 0.5330739299610895, 0.5447470817120622, 0.5505836575875487]",3,"[16, 20, 153]"
active_random,21,138,2055,6.7153284671532845,0.4385769872151196,0.5472484713729849,"[0.4357976653696498, 0.44163424124513617, 0.44357976653696496, 0.4377431906614786, 0.43190661478599224, 0.4396887159533074, 0.4396887159533074]","[0.5525291828793775, 0.5544747081712063, 0.5525291828793775, 0.5486381322957199, 0.5350194552529183, 0.5408560311284046, 0.546692607003891]",3,"[117, 154, 160]"
active_random,22,141,2055,6.861313868613139,0.4396887159533075,0.5530850472484713,"[0.44163424124513617, 0.44163424124513617, 0.4396887159533074, 0.44163424124513617, 0.42996108949416345, 0.4474708171206226, 0.4357976653696498]","[0.5447470817120622, 0.5603112840466926, 0.5525291828793775, 0.5544747081712063, 0.5583657587548638, 0.546692607003891, 0.5544747081712063]",3,"[10, 240, 36]"
active_random,23,144,2055,7.007299270072993,0.4385769872151196,0.5533629794330183,"[0.43190661478599224, 0.4396887159533074, 0.43190661478599224, 0.4357976653696498, 0.4357976653696498, 0.44163424124513617, 0.45330739299610895]","[0.556420233463035, 0.5583657587548638, 0.5428015564202334, 0.556420233463035, 0.546692607003891, 0.556420233463035, 0.556420233463035]",3,"[89, 45, 178]"
active_random,24,147,2055,7.153284671532846,0.4360755975541969,0.5575319622012228,"[0.4357976653696498, 0.4396887159533074, 0.42023346303501946, 0.43190661478599224, 0.4377431906614786, 0.4357976653696498, 0.45136186770428016]","[0.5603112840466926, 0.5583657587548638, 0.5428015564202334, 0.5622568093385214, 0.5544747081712063, 0.5603112840466926, 0.5642023346303502]",3,"[66, 86, 11]"
active_random,25,150,2055,7.299270072992701,0.4427459699833241,0.5675375208449137,"[0.4571984435797665, 0.44163424124513617, 0.42412451361867703, 0.4494163424124514, 0.4280155642023346, 0.4494163424124514, 0.4494163424124514]","[0.5700389105058365, 0.5700389105058365, 0.556420233463035, 0.566147859922179, 0.5680933852140078, 0.5719844357976653, 0.5700389105058365]",3,"[20, 251, 173]"
active_random,26,153,2055,7.445255474452555,0.44635908838243477,0.5700389105058364,"[0.44357976653696496, 0.45136186770428016, 0.4396887159533074, 0.4571984435797665, 0.4377431906614786, 0.45136186770428016, 0.44357976653696496]","[0.5680933852140078, 0.5739299610894941, 0.5739299610894941, 0.5739299610894941, 0.5583657587548638, 0.5700389105058365, 0.5719844357976653]",3,"[187, 49, 234]"
active_random,27,156,2055,7.591240875912408,0.44941634241245143,0.573929961089494,"[0.4474708171206226, 0.44163424124513617, 0.4494163424124514, 0.45330739299610895, 0.45525291828793774, 0.45525291828793774, 0.44357976653696496]","[0.5700389105058365, 0.5719844357976653, 0.5778210116731517, 0.5739299610894941, 0.5739299610894941, 0.5758754863813229, 0.5739299610894941]",3,"[218, 144, 198]"
active_random,28,159,2055,7.737226277372263,0.4571984435797666,0.5769872151195108,"[0.4688715953307393, 0.4494163424124514, 0.46303501945525294, 0.4571984435797665, 0.4474708171206226, 0.46108949416342415, 0.45330739299610895]","[0.5778210116731517, 0.5836575875486382, 0.5758754863813229, 0.5719844357976653, 0.5700389105058365, 0.5817120622568094, 0.5778210116731517]",3,"[211, 118, 233]"
active_random,29,162,2055,7.883211678832117,0.4560867148415787,0.5794886047804335,"[0.46303501945525294, 0.45525291828793774, 0.4494163424124514, 0.4591439688715953, 0.46303501945525294, 0.45330739299610895, 0.4494163424124514]","[0.5778210116731517, 0.5778210116731517, 0.585603112840467, 0.5758754863813229, 0.5817120622568094, 0.5739299610894941, 0.5836575875486382]",3,"[120, 186, 5]"
active_random,30,165,2055,8.02919708029197,0.45553085047248476,0.5792106725958865,"[0.45136186770428016, 0.45330739299610895, 0.4494163424124514, 0.4474708171206226, 0.4649805447470817, 0.46303501945525294, 0.4591439688715953]","[0.5778210116731517, 0.585603112840467, 0.5778210116731517, 0.5758754863813229, 0.5700389105058365, 0.5797665369649806, 0.5875486381322957]",3,"[129, 194, 187]"
active_random,31,168,2055,8.175182481751825,0.453585325180656,0.5778210116731516,"[0.4571984435797665, 0.44357976653696496, 0.45525291828793774, 0.4474708171206226, 0.45525291828793774, 0.45525291828793774, 0.46108949416342415]","[0.5817120622568094, 0.5817120622568094, 0.5739299610894941, 0.5719844357976653, 0.5719844357976653, 0.5758754863813229, 0.5875486381322957]",3,"[12, 177, 55]"
active_random,32,171,2055,8.321167883211679,0.453585325180656,0.5744858254585881,"[0.46303501945525294, 0.45330739299610895, 0.45525291828793774, 0.45136186770428016, 0.4396887159533074, 0.45525291828793774, 0.4571984435797665]","[0.5739299610894941, 0.5719844357976653, 0.5758754863813229, 0.5719844357976653, 0.5700389105058365, 0.5797665369649806, 0.5778210116731517]",3,"[176, 27, 63]"
active_random,33,174,2055,8.467153284671532,0.46998332406892723,0.5953307392996109,"[0.4669260700389105, 0.4708171206225681, 0.46303501945525294, 0.48638132295719844, 0.45330739299610895, 0.4708171206225681, 0.4785992217898833]","[0.5875486381322957, 0.5875486381322957, 0.5992217898832685, 0.6011673151750972, 0.5933852140077821, 0.585603112840467, 0.6128404669260701]",3,"[14, 231, 51]"
active_random,34,177,2055,8.613138686131387,0.47720956086714844,0.5983879933296276,"[0.4805447470817121, 0.46303501945525294, 0.4649805447470817, 0.48249027237354086, 0.4805447470817121, 0.4766536964980545, 0.49221789883268485]","[0.5933852140077821, 0.5992217898832685, 0.6011673151750972, 0.5914396887159533, 0.5953307392996109, 0.5933852140077821, 0.6147859922178989]",3,"[146, 247, 222]"
active_random,35,180,2055,8.75912408759124,0.48360200111172874,0.6006114508060033,"[0.48249027237354086, 0.48443579766536965, 0.4785992217898833, 0.47470817120622566, 0.4980544747081712, 0.4785992217898833, 0.4883268482490272]","[0.5933852140077821, 0.603112840466926, 0.6011673151750972, 0.5972762645914397, 0.6011673151750972, 0.5992217898832685, 0.6089494163424124]",3,"[195, 225, 249]"
active_random,36,183,2055,8.905109489051094,0.48443579766536965,0.6067259588660366,"[0.4727626459143969, 0.4883268482490272, 0.48443579766536965, 0.49221789883268485, 0.48638132295719844, 0.4805447470817121, 0.48638132295719844]","[0.6070038910505836, 0.6128404669260701, 0.6147859922178989, 0.6089494163424124, 0.5992217898832685, 0.5992217898832685, 0.6050583657587548]",3,"[61, 178, 207]"
active_random,37,186,2055,9.05109489051095,0.4841578654808227,0.6070038910505836,"[0.4883268482490272, 0.4883268482490272, 0.4785992217898833, 0.4708171206225681, 0.490272373540856, 0.48443579766536965, 0.4883268482490272]","[0.6089494163424124, 0.6089494163424124, 0.603112840466926, 0.6128404669260701, 0.603112840466926, 0.5972762645914397, 0.6147859922178989]",3,"[61, 194, 117]"
active_random,38,189,2055,9.197080291970803,0.4936075597554197,0.6225680933852141,"[0.49416342412451364, 0.49416342412451364, 0.48249027237354086, 0.49416342412451364, 0.48638132295719844, 0.5038910505836576, 0.5]","[0.6206225680933852, 0.622568093385214, 0.632295719844358, 0.6264591439688716, 0.6147859922178989, 0.6186770428015564, 0.622568093385214]",3,"[240, 179, 51]"
active_random,39,192,2055,9.343065693430656,0.49499722067815455,0.6181211784324626,"[0.49221789883268485, 0.49221789883268485, 0.4883268482490272, 0.5058365758754864, 0.49221789883268485, 0.490272373540856, 0.5038910505836576]","[0.6245136186770428, 0.6089494163424124, 0.6070038910505836, 0.6264591439688716, 0.6186770428015564, 0.6245136186770428, 0.6167315175097277]",3,"[51, 2, 93]"
active_random,40,195,2055,9.489051094890511,0.5025013896609227,0.6253474152306838,"[0.5019455252918288, 0.5058365758754864, 0.5019455252918288, 0.4980544747081712, 0.4980544747081712, 0.5038910505836576, 0.5077821011673151]","[0.6167315175097277, 0.6284046692607004, 0.6264591439688716, 0.6264591439688716, 0.6245136186770428, 0.6303501945525292, 0.6245136186770428]",3,"[120, 249, 231]"
active_random,41,198,2055,9.635036496350365,0.5080600333518621,0.6311839911061702,"[0.5116731517509727, 0.5116731517509727, 0.5058365758754864, 0.5077821011673151, 0.4961089494163424, 0.5097276264591439, 0.5136186770428015]","[0.6342412451361867, 0.6264591439688716, 0.622568093385214, 0.6342412451361867, 0.6361867704280155, 0.6245136186770428, 0.6400778210116731]",3,"[157, 51, 106]"
active_random,42,201,2055,9.781021897810218,0.5044469149527515,0.632573652028905,"[0.4961089494163424, 0.5077821011673151, 0.5097276264591439, 0.4961089494163424, 0.5038910505836576, 0.5077821011673151, 0.5097276264591439]","[0.6264591439688716, 0.6206225680933852, 0.6342412451361867, 0.6342412451361867, 0.6342412451361867, 0.6284046692607004, 0.6498054474708171]",3,"[212, 160, 172]"
active_random,43,204,2055,9.927007299270073,0.5027793218454697,0.6375764313507505,"[0.5038910505836576, 0.5155642023346303, 0.4980544747081712, 0.49416342412451364, 0.49221789883268485, 0.5019455252918288, 0.5136186770428015]","[0.6342412451361867, 0.6381322957198443, 0.6478599221789884, 0.6361867704280155, 0.6342412451361867, 0.632295719844358, 0.6400778210116731]",3,"[212, 98, 203]"
active_random,44,207,2055,10.072992700729927,0.5075041689827682,0.6386881600889384,"[0.5116731517509727, 0.5136186770428015, 0.4961089494163424, 0.5019455252918288, 0.5116731517509727, 0.5019455252918288, 0.5155642023346303]","[0.6342412451361867, 0.6381322957198443, 0.6400778210116731, 0.6381322957198443, 0.6284046692607004, 0.6439688715953308, 0.6478599221789884]",3,"[52, 75, 160]"
active_random,45,210,2055,10.218978102189782,0.5066703724291273,0.6384102279043914,"[0.5058365758754864, 0.5, 0.5, 0.5214007782101168, 0.5, 0.5136186770428015, 0.5058365758754864]","[0.6264591439688716, 0.642023346303502, 0.6361867704280155, 0.6400778210116731, 0.642023346303502, 0.6361867704280155, 0.6459143968871596]",3,"[90, 192, 65]"
active_random,46,213,2055,10.364963503649635,0.5222345747637576,0.6498054474708171,"[0.5272373540856031, 0.519455252918288, 0.5136186770428015, 0.5116731517509727, 0.5350194552529183, 0.5233463035019456, 0.5252918287937743]","[0.6478599221789884, 0.6575875486381323, 0.6478599221789884, 0.6498054474708171, 0.6439688715953308, 0.6498054474708171, 0.6517509727626459]",3,"[231, 75, 207]"
active_random,47,216,2055,10.510948905109489,0.5272373540856031,0.660644802668149,"[0.5408560311284046, 0.5175097276264592, 0.5252918287937743, 0.5252918287937743, 0.5291828793774319, 0.5389105058365758, 0.5136186770428015]","[0.6595330739299611, 0.6536964980544747, 0.6498054474708171, 0.6595330739299611, 0.6575875486381323, 0.6712062256809338, 0.6731517509727627]",3,"[58, 124, 213]"
active_random,48,219,2055,10.656934306569344,0.5333518621456365,0.6720400222345749,"[0.5175097276264592, 0.5408560311284046, 0.5252918287937743, 0.5350194552529183, 0.5330739299610895, 0.5486381322957199, 0.5330739299610895]","[0.6614785992217899, 0.6673151750972762, 0.669260700389105, 0.6770428015564203, 0.6731517509727627, 0.6789883268482491, 0.6770428015564203]",3,"[226, 214, 80]"
active_random,49,222,2055,10.802919708029197,0.5339077265147304,0.6692607003891051,"[0.5408560311284046, 0.5233463035019456, 0.5350194552529183, 0.5311284046692607, 0.5428015564202334, 0.5272373540856031, 0.5369649805447471]","[0.6712062256809338, 0.6731517509727627, 0.6673151750972762, 0.6653696498054474, 0.6595330739299611, 0.6731517509727627, 0.6750972762645915]",3,"[179, 74, 249]"
active_random,50,225,2055,10.94890510948905,0.5347415230683713,0.6734296831573097,"[0.5350194552529183, 0.5389105058365758, 0.5175097276264592, 0.5369649805447471, 0.5369649805447471, 0.5330739299610895, 0.5447470817120622]","[0.669260700389105, 0.6789883268482491, 0.6673151750972762, 0.6789883268482491, 0.6653696498054474, 0.6770428015564203, 0.6770428015564203]",3,"[138, 231, 88]"
active_random,51,228,2055,11.094890510948906,0.5383546414674819,0.6773207337409672,"[0.5291828793774319, 0.5447470817120622, 0.546692607003891, 0.5252918287937743, 0.5505836575875487, 0.5350194552529183, 0.5369649805447471]","[0.6750972762645915, 0.6731517509727627, 0.6809338521400778, 0.6712062256809338, 0.6770428015564203, 0.6828793774319066, 0.6809338521400778]",3,"[207, 212, 75]"
active_random,52,231,2055,11.24087591240876,0.5441912173429683,0.6864924958310173,"[0.5428015564202334, 0.546692607003891, 0.5505836575875487, 0.5311284046692607, 0.546692607003891, 0.5389105058365758, 0.5525291828793775]","[0.6789883268482491, 0.6867704280155642, 0.6867704280155642, 0.688715953307393, 0.6848249027237354, 0.6809338521400778, 0.6984435797665369]",3,"[132, 29, 11]"
active_random,53,234,2055,11.386861313868613,0.5589216231239577,0.6945525291828795,"[0.5525291828793775, 0.5603112840466926, 0.5622568093385214, 0.546692607003891, 0.566147859922179, 0.5700389105058365, 0.5544747081712063]","[0.6926070038910506, 0.6984435797665369, 0.6964980544747081, 0.7003891050583657, 0.6867704280155642, 0.688715953307393, 0.6984435797665369]",3,"[160, 66, 93]"
active_random,54,237,2055,11.532846715328468,0.5578098943857698,0.6953863257365204,"[0.5544747081712063, 0.5544747081712063, 0.5505836575875487, 0.5525291828793775, 0.5642023346303502, 0.5622568093385214, 0.566147859922179]","[0.6984435797665369, 0.6964980544747081, 0.6926070038910506, 0.6906614785992218, 0.6926070038910506, 0.6945525291828794, 0.7023346303501945]",3,"[90, 152, 222]"
active_random,55,240,2055,11.678832116788321,0.565036131183991,0.698443579766537,"[0.5622568093385214, 0.5797665369649806, 0.5603112840466926, 0.5583657587548638, 0.5680933852140078, 0.566147859922179, 0.5603112840466926]","[0.6964980544747081, 0.7003891050583657, 0.7003891050583657, 0.7042801556420234, 0.6945525291828794, 0.6926070038910506, 0.7003891050583657]",3,"[212, 71, 154]"
active_random,56,243,2055,11.824817518248175,0.5642023346303501,0.7009449694274598,"[0.5622568093385214, 0.5700389105058365, 0.5525291828793775, 0.5719844357976653, 0.5778210116731517, 0.5525291828793775, 0.5622568093385214]","[0.6964980544747081, 0.7023346303501945, 0.6926070038910506, 0.7062256809338522, 0.688715953307393, 0.708171206225681, 0.7120622568093385]",3,"[77, 35, 242]"
active_random,57,246,2055,11.97080291970803,0.5625347415230683,0.7028904947192885,"[0.5486381322957199, 0.5700389105058365, 0.5583657587548638, 0.5622568093385214, 0.5642023346303502, 0.566147859922179, 0.5680933852140078]","[0.7003891050583657, 0.7023346303501945, 0.7178988326848249, 0.6984435797665369, 0.6964980544747081, 0.7003891050583657, 0.7042801556420234]",3,"[140, 230, 147]"
active_random,58,249,2055,12.116788321167883,0.5600333518621455,0.7045580878265704,"[0.556420233463035, 0.566147859922179, 0.5544747081712063, 0.5603112840466926, 0.566147859922179, 0.5622568093385214, 0.5544747081712063]","[0.6984435797665369, 0.7003891050583657, 0.7062256809338522, 0.7042801556420234, 0.7042801556420234, 0.7023346303501945, 0.7159533073929961]",3,"[111, 37, 45]"
active_random,59,252,2055,12.262773722627736,0.5628126737076152,0.7053918843802113,"[0.5583657587548638, 0.5544747081712063, 0.566147859922179, 0.5622568093385214, 0.566147859922179, 0.5700389105058365, 0.5622568093385214]","[0.7062256809338522, 0.708171206225681, 0.7062256809338522, 0.7023346303501945, 0.7023346303501945, 0.7023346303501945, 0.7101167315175098]",3,"[31, 226, 247]"
active_random,60,255,2055,12.408759124087592,0.5694830461367426,0.7153974430239022,"[0.5680933852140078, 0.5700389105058365, 0.5680933852140078, 0.5544747081712063, 0.5836575875486382, 0.566147859922179, 0.5758754863813229]","[0.7042801556420234, 0.7159533073929961, 0.7198443579766537, 0.7198443579766537, 0.708171206225681, 0.7178988326848249, 0.7217898832684825]",3,"[24, 88, 40]"
active_random,61,258,2055,12.554744525547445,0.5675375208449137,0.7145636464702613,"[0.5719844357976653, 0.5719844357976653, 0.5680933852140078, 0.5486381322957199, 0.5739299610894941, 0.5719844357976653, 0.566147859922179]","[0.7178988326848249, 0.7159533073929961, 0.7178988326848249, 0.7159533073929961, 0.7062256809338522, 0.7140077821011673, 0.7140077821011673]",3,"[45, 212, 248]"
active_random,62,261,2055,12.700729927007298,0.5708727070594775,0.7181767648693719,"[0.5817120622568094, 0.5680933852140078, 0.566147859922179, 0.556420233463035, 0.5739299610894941, 0.5797665369649806, 0.5700389105058365]","[0.7159533073929961, 0.708171206225681, 0.72568093385214, 0.72568093385214, 0.7120622568093385, 0.7178988326848249, 0.7217898832684825]",3,"[41, 138, 134]"
active_random,63,264,2055,12.846715328467154,0.5730961645358531,0.7126181211784325,"[0.5680933852140078, 0.5778210116731517, 0.5778210116731517, 0.5700389105058365, 0.566147859922179, 0.5719844357976653, 0.5797665369649806]","[0.7101167315175098, 0.7140077821011673, 0.7140077821011673, 0.7140077821011673, 0.7120622568093385, 0.7120622568093385, 0.7120622568093385]",3,"[63, 21, 89]"
active_random,64,267,2055,12.992700729927007,0.5792106725958865,0.7190105614230128,"[0.5642023346303502, 0.5894941634241245, 0.5817120622568094, 0.5700389105058365, 0.5953307392996109, 0.5758754863813229, 0.5778210116731517]","[0.7276264591439688, 0.7237354085603113, 0.7237354085603113, 0.7198443579766537, 0.708171206225681, 0.7101167315175098, 0.7198443579766537]",3,"[226, 212, 45]"
active_random,65,270,2055,13.138686131386862,0.5861589772095608,0.7237354085603113,"[0.5778210116731517, 0.5933852140077821, 0.5778210116731517, 0.5836575875486382, 0.5914396887159533, 0.5875486381322957, 0.5914396887159533]","[0.7237354085603113, 0.7178988326848249, 0.7178988326848249, 0.7295719844357976, 0.7217898832684825, 0.7198443579766537, 0.7354085603112841]",3,"[240, 19, 23]"
active_random,66,273,2055,13.284671532846716,0.584213451917732,0.7217898832684825,"[0.5836575875486382, 0.5797665369649806, 0.5836575875486382, 0.585603112840467, 0.5894941634241245, 0.5778210116731517, 0.5894941634241245]","[0.7217898832684825, 0.7178988326848249, 0.7237354085603113, 0.72568093385214, 0.7178988326848249, 0.7198443579766537, 0.72568093385214]",3,"[46, 131, 211]"
active_random,67,276,2055,13.430656934306569,0.5864369093941079,0.7381878821567538,"[0.5739299610894941, 0.5914396887159533, 0.5894941634241245, 0.585603112840467, 0.5914396887159533, 0.5933852140077821, 0.5797665369649806]","[0.7373540856031129, 0.7412451361867705, 0.7276264591439688, 0.745136186770428, 0.7392996108949417, 0.7334630350194552, 0.7431906614785992]",3,"[222, 102, 131]"
active_random,68,279,2055,13.576642335766424,0.5856031128404668,0.7392996108949417,"[0.5758754863813229, 0.585603112840467, 0.585603112840467, 0.5778210116731517, 0.5836575875486382, 0.5992217898832685, 0.5914396887159533]","[0.7334630350194552, 0.7334630350194552, 0.7412451361867705, 0.7470817120622568, 0.7334630350194552, 0.7373540856031129, 0.7490272373540856]",3,"[167, 101, 6]"
active_random,69,282,2055,13.722627737226277,0.5883824346859367,0.7409672040022235,"[0.5758754863813229, 0.5933852140077821, 0.5836575875486382, 0.6011673151750972, 0.5817120622568094, 0.5953307392996109, 0.5875486381322957]","[0.7412451361867705, 0.7431906614785992, 0.7431906614785992, 0.7392996108949417, 0.7412451361867705, 0.7334630350194552, 0.745136186770428]",3,"[103, 154, 161]"
active_random,70,285,2055,13.86861313868613,0.5972762645914397,0.7423568649249583,"[0.6011673151750972, 0.5933852140077821, 0.603112840466926, 0.5894941634241245, 0.5914396887159533, 0.5992217898832685, 0.603112840466926]","[0.7490272373540856, 0.7392996108949417, 0.7412451361867705, 0.7392996108949417, 0.7412451361867705, 0.7412451361867705, 0.745136186770428]",3,"[161, 102, 236]"
active_random,71,288,2055,14.014598540145986,0.6006114508060033,0.7434685936631462,"[0.603112840466926, 0.5992217898832685, 0.6050583657587548, 0.5875486381322957, 0.6011673151750972, 0.6011673151750972, 0.6070038910505836]","[0.7392996108949417, 0.7354085603112841, 0.745136186770428, 0.7431906614785992, 0.7431906614785992, 0.7470817120622568, 0.7509727626459144]",3,"[154, 240, 3]"
active_random,72,291,2055,14.16058394160584,0.5875486381322956,0.7404113396331296,"[0.5836575875486382, 0.585603112840467, 0.5817120622568094, 0.5680933852140078, 0.6011673151750972, 0.585603112840467, 0.6070038910505836]","[0.7431906614785992, 0.7373540856031129, 0.7509727626459144, 0.7412451361867705, 0.7373540856031129, 0.7334630350194552, 0.7392996108949417]",3,"[82, 245, 231]"
active_random,73,294,2055,14.306569343065693,0.5983879933296276,0.7459699833240689,"[0.5894941634241245, 0.6011673151750972, 0.5972762645914397, 0.5972762645914397, 0.6050583657587548, 0.5914396887159533, 0.6070038910505836]","[0.7431906614785992, 0.7373540856031129, 0.7509727626459144, 0.7490272373540856, 0.7412451361867705, 0.7587548638132295, 0.7412451361867705]",3,"[240, 25, 237]"
active_random,74,297,2055,14.452554744525548,0.6028349082823791,0.7468037798777099,"[0.5972762645914397, 0.5953307392996109, 0.6089494163424124, 0.5992217898832685, 0.6050583657587548, 0.6108949416342413, 0.603112840466926]","[0.745136186770428, 0.754863813229572, 0.7470817120622568, 0.745136186770428, 0.7373540856031129, 0.7470817120622568, 0.7509727626459144]",3,"[51, 213, 234]"
active_random,75,300,2055,14.598540145985401,0.6061700944969427,0.7487493051695386,"[0.6011673151750972, 0.5953307392996109, 0.6128404669260701, 0.5992217898832685, 0.6050583657587548, 0.6108949416342413, 0.6186770428015564]","[0.7431906614785992, 0.745136186770428, 0.7431906614785992, 0.7470817120622568, 0.7490272373540856, 0.7568093385214008, 0.7568093385214008]",3,"[101, 117, 151]"
active_random,76,303,2055,14.744525547445255,0.6017231795441912,0.7537520844913841,"[0.5933852140077821, 0.6070038910505836, 0.5972762645914397, 0.5972762645914397, 0.603112840466926, 0.6089494163424124, 0.6050583657587548]","[0.7529182879377432, 0.7529182879377432, 0.7568093385214008, 0.7529182879377432, 0.7470817120622568, 0.7509727626459144, 0.7626459143968871]",3,"[103, 198, 246]"
active_random,77,306,2055,14.89051094890511,0.6011673151750972,0.7551417454141189,"[0.6050583657587548, 0.5992217898832685, 0.5972762645914397, 0.5875486381322957, 0.5894941634241245, 0.6167315175097277, 0.6128404669260701]","[0.7529182879377432, 0.754863813229572, 0.7568093385214008, 0.7529182879377432, 0.7470817120622568, 0.7645914396887159, 0.7568093385214008]",3,"[176, 51, 36]"
active_random,78,309,2055,15.036496350364963,0.6072818232351308,0.7556976097832129,"[0.5992217898832685, 0.6206225680933852, 0.5992217898832685, 0.5894941634241245, 0.622568093385214, 0.6011673151750972, 0.6186770428015564]","[0.7568093385214008, 0.7587548638132295, 0.754863813229572, 0.7529182879377432, 0.7509727626459144, 0.7568093385214008, 0.7587548638132295]",3,"[240, 231, 158]"
active_random,79,312,2055,15.182481751824817,0.6111728738187884,0.7565314063368538,"[0.6050583657587548, 0.6128404669260701, 0.5992217898832685, 0.6089494163424124, 0.6147859922178989, 0.6245136186770428, 0.6128404669260701]","[0.7529182879377432, 0.7509727626459144, 0.7607003891050583, 0.7490272373540856, 0.7587548638132295, 0.754863813229572, 0.7684824902723736]",3,"[226, 51, 9]"
active_random,80,315,2055,15.328467153284672,0.6114508060033353,0.7504168982768205,"[0.6070038910505836, 0.5992217898832685, 0.6186770428015564, 0.6108949416342413, 0.6108949416342413, 0.6206225680933852, 0.6128404669260701]","[0.7470817120622568, 0.745136186770428, 0.754863813229572, 0.7529182879377432, 0.7470817120622568, 0.7470817120622568, 0.7587548638132295]",3,"[129, 248, 234]"
active_random,81,318,2055,15.474452554744525,0.6045025013896609,0.7534741523068371,"[0.5992217898832685, 0.5894941634241245, 0.6050583657587548, 0.5992217898832685, 0.6011673151750972, 0.6147859922178989, 0.622568093385214]","[0.7509727626459144, 0.7607003891050583, 0.7490272373540856, 0.754863813229572, 0.7412451361867705, 0.7626459143968871, 0.754863813229572]",3,"[237, 191, 236]"
active_random,82,321,2055,15.620437956204379,0.6047804335742079,0.7523624235686492,"[0.6050583657587548, 0.6050583657587548, 0.6070038910505836, 0.6011673151750972, 0.6050583657587548, 0.6050583657587548, 0.6050583657587548]","[0.754863813229572, 0.7470817120622568, 0.754863813229572, 0.7509727626459144, 0.7470817120622568, 0.7587548638132295, 0.7529182879377432]",3,"[99, 233, 3]"
active_random,83,324,2055,15.766423357664234,0.6097832128960533,0.7501389660922735,"[0.6070038910505836, 0.6070038910505836, 0.6245136186770428, 0.5992217898832685, 0.5992217898832685, 0.6128404669260701, 0.6186770428015564]","[0.745136186770428, 0.754863813229572, 0.7568093385214008, 0.7529182879377432, 0.7412451361867705, 0.7568093385214008, 0.7431906614785992]",3,"[53, 133, 11]"
active_random,84,327,2055,15.912408759124087,0.6078376876042245,0.7518065591995553,"[0.6011673151750972, 0.5972762645914397, 0.6147859922178989, 0.6011673151750972, 0.5992217898832685, 0.6245136186770428, 0.6167315175097277]","[0.7529182879377432, 0.7431906614785992, 0.754863813229572, 0.7529182879377432, 0.7490272373540856, 0.7509727626459144, 0.7587548638132295]",3,"[165, 201, 2]"
active_random,85,330,2055,16.05839416058394,0.6106170094496942,0.754863813229572,"[0.6050583657587548, 0.6089494163424124, 0.6070038910505836, 0.6128404669260701, 0.6128404669260701, 0.6128404669260701, 0.6147859922178989]","[0.745136186770428, 0.7509727626459144, 0.7607003891050583, 0.754863813229572, 0.754863813229572, 0.754863813229572, 0.7626459143968871]",3,"[20, 212, 45]"
active_random,86,333,2055,16.204379562043794,0.6108949416342414,0.7556976097832129,"[0.6167315175097277, 0.6167315175097277, 0.6011673151750972, 0.6011673151750972, 0.6167315175097277, 0.6108949416342413, 0.6128404669260701]","[0.7509727626459144, 0.7568093385214008, 0.7607003891050583, 0.7568093385214008, 0.7490272373540856, 0.754863813229572, 0.7607003891050583]",3,"[180, 233, 45]"
active_random,87,336,2055,16.35036496350365,0.605892162312396,0.7579210672595886,"[0.6108949416342413, 0.603112840466926, 0.5953307392996109, 0.5972762645914397, 0.6011673151750972, 0.6186770428015564, 0.6147859922178989]","[0.7470817120622568, 0.7587548638132295, 0.7568093385214008, 0.754863813229572, 0.7607003891050583, 0.7587548638132295, 0.7684824902723736]",3,"[94, 25, 246]"
active_random,88,339,2055,16.496350364963504,0.6153418565869927,0.7562534741523068,"[0.6186770428015564, 0.6245136186770428, 0.6167315175097277, 0.6050583657587548, 0.6186770428015564, 0.6245136186770428, 0.5992217898832685]","[0.7490272373540856, 0.754863813229572, 0.7607003891050583, 0.7509727626459144, 0.7568093385214008, 0.7607003891050583, 0.7607003891050583]",3,"[131, 46, 20]"
active_random,89,342,2055,16.642335766423358,0.623679822123402,0.7565314063368538,"[0.6342412451361867, 0.6108949416342413, 0.6303501945525292, 0.5972762645914397, 0.6284046692607004, 0.6303501945525292, 0.6342412451361867]","[0.7509727626459144, 0.7607003891050583, 0.7568093385214008, 0.754863813229572, 0.7529182879377432, 0.7607003891050583, 0.7587548638132295]",3,"[240, 246, 215]"
active_random,90,345,2055,16.78832116788321,0.6247915508615899,0.7659811006114507,"[0.6206225680933852, 0.6303501945525292, 0.6206225680933852, 0.6108949416342413, 0.6245136186770428, 0.6303501945525292, 0.6361867704280155]","[0.7568093385214008, 0.7762645914396887, 0.7626459143968871, 0.7665369649805448, 0.7568093385214008, 0.7684824902723736, 0.77431906614786]",3,"[61, 127, 179]"
active_random,91,348,2055,16.934306569343065,0.6261812117843247,0.7676486937187326,"[0.6245136186770428, 0.6167315175097277, 0.6206225680933852, 0.6128404669260701, 0.632295719844358, 0.642023346303502, 0.6342412451361867]","[0.7626459143968871, 0.7684824902723736, 0.7762645914396887, 0.7684824902723736, 0.7607003891050583, 0.7684824902723736, 0.7684824902723736]",3,"[12, 112, 161]"
active_random,92,351,2055,17.080291970802918,0.6253474152306838,0.7654252362423568,"[0.6361867704280155, 0.6264591439688716, 0.6186770428015564, 0.6186770428015564, 0.6186770428015564, 0.6186770428015564, 0.6400778210116731]","[0.754863813229572, 0.7704280155642024, 0.7723735408560312, 0.7607003891050583, 0.7607003891050583, 0.7723735408560312, 0.7665369649805448]",3,"[81, 77, 134]"
active_random,93,354,2055,17.226277372262775,0.6272929405225126,0.7718176764869372,"[0.6206225680933852, 0.6245136186770428, 0.632295719844358, 0.6284046692607004, 0.622568093385214, 0.6303501945525292, 0.632295719844358]","[0.7723735408560312, 0.7704280155642024, 0.7684824902723736, 0.7723735408560312, 0.7684824902723736, 0.7782101167315175, 0.7723735408560312]",3,"[104, 111, 104]"
active_random,94,357,2055,17.37226277372263,0.6297943301834353,0.7726514730405781,"[0.6206225680933852, 0.6284046692607004, 0.6342412451361867, 0.6206225680933852, 0.6361867704280155, 0.6284046692607004, 0.6400778210116731]","[0.7684824902723736, 0.7723735408560312, 0.77431906614786, 0.77431906614786, 0.7684824902723736, 0.7704280155642024, 0.7801556420233463]",3,"[114, 2, 237]"
active_random,95,360,2055,17.51824817518248,0.6275708727070596,0.7679266259032795,"[0.6361867704280155, 0.6206225680933852, 0.6342412451361867, 0.6206225680933852, 0.622568093385214, 0.6361867704280155, 0.622568093385214]","[0.7645914396887159, 0.77431906614786, 0.7587548638132295, 0.7704280155642024, 0.7626459143968871, 0.77431906614786, 0.7704280155642024]",3,"[201, 78, 213]"
active_random,96,363,2055,17.664233576642335,0.6270150083379656,0.77431906614786,"[0.632295719844358, 0.642023346303502, 0.6245136186770428, 0.6070038910505836, 0.622568093385214, 0.6245136186770428, 0.6361867704280155]","[0.7704280155642024, 0.7762645914396887, 0.7782101167315175, 0.7684824902723736, 0.7762645914396887, 0.77431906614786, 0.7762645914396887]",3,"[169, 180, 182]"
active_random,97,366,2055,17.81021897810219,0.6250694830461369,0.7695942190105614,"[0.632295719844358, 0.6303501945525292, 0.6245136186770428, 0.6108949416342413, 0.6245136186770428, 0.6245136186770428, 0.6284046692607004]","[0.7645914396887159, 0.7762645914396887, 0.7684824902723736, 0.7665369649805448, 0.7645914396887159, 0.7762645914396887, 0.7704280155642024]",3,"[154, 28, 61]"
active_random,98,369,2055,17.956204379562045,0.6284046692607005,0.7726514730405781,"[0.632295719844358, 0.622568093385214, 0.6264591439688716, 0.6342412451361867, 0.6264591439688716, 0.6303501945525292, 0.6264591439688716]","[0.7723735408560312, 0.77431906614786, 0.7762645914396887, 0.7704280155642024, 0.7665369649805448, 0.7723735408560312, 0.7762645914396887]",3,"[232, 3, 231]"
active_random,99,372,2055,18.1021897810219,0.6336853807670929,0.7768204558087827,"[0.6439688715953308, 0.6361867704280155, 0.622568093385214, 0.6459143968871596, 0.6206225680933852, 0.6400778210116731, 0.6264591439688716]","[0.7782101167315175, 0.7723735408560312, 0.7723735408560312, 0.7762645914396887, 0.7801556420233463, 0.77431906614786, 0.7840466926070039]",3,"[36, 231, 248]"
active_random,100,375,2055,18.248175182481752,0.6375764313507505,0.773485269594219,"[0.6361867704280155, 0.6498054474708171, 0.6264591439688716, 0.6400778210116731, 0.6303501945525292, 0.6381322957198443, 0.642023346303502]","[0.7723735408560312, 0.77431906614786, 0.7762645914396887, 0.77431906614786, 0.7684824902723736, 0.7782101167315175, 0.7704280155642024]",3,"[226, 212, 124]"
active_random,101,378,2055,18.394160583941606,0.6367426347971096,0.7704280155642024,"[0.6303501945525292, 0.6342412451361867, 0.632295719844358, 0.622568093385214, 0.6400778210116731, 0.6498054474708171, 0.6478599221789884]","[0.7684824902723736, 0.7704280155642024, 0.7782101167315175, 0.7684824902723736, 0.7665369649805448, 0.7665369649805448, 0.77431906614786]",3,"[245, 231, 233]"
active_random,102,381,2055,18.54014598540146,0.6317398554752641,0.7715397443023901,"[0.622568093385214, 0.6206225680933852, 0.6381322957198443, 0.632295719844358, 0.6361867704280155, 0.6381322957198443, 0.6342412451361867]","[0.7704280155642024, 0.7645914396887159, 0.77431906614786, 0.7762645914396887, 0.7645914396887159, 0.77431906614786, 0.7762645914396887]",3,"[207, 154, 97]"
active_random,103,384,2055,18.686131386861312,0.6322957198443581,0.7726514730405781,"[0.632295719844358, 0.642023346303502, 0.6264591439688716, 0.6206225680933852, 0.6284046692607004, 0.6459143968871596, 0.6303501945525292]","[0.7665369649805448, 0.7723735408560312, 0.7782101167315175, 0.7704280155642024, 0.7723735408560312, 0.7684824902723736, 0.7801556420233463]",3,"[20, 4, 54]"
active_random,104,387,2055,18.83211678832117,0.6334074485825459,0.772373540856031,"[0.6361867704280155, 0.6303501945525292, 0.6284046692607004, 0.6439688715953308, 0.6361867704280155, 0.6361867704280155, 0.622568093385214]","[0.7626459143968871, 0.7723735408560312, 0.77431906614786, 0.7723735408560312, 0.7645914396887159, 0.7821011673151751, 0.7782101167315175]",3,"[4, 158, 236]"
active_random,105,390,2055,18.978102189781023,0.6378543635352975,0.7751528627015009,"[0.6361867704280155, 0.6284046692607004, 0.6342412451361867, 0.6361867704280155, 0.6400778210116731, 0.6517509727626459, 0.6381322957198443]","[0.7704280155642024, 0.7684824902723736, 0.7782101167315175, 0.77431906614786, 0.7782101167315175, 0.77431906614786, 0.7821011673151751]",3,"[5, 181, 146]"
active_random,106,393,2055,19.124087591240876,0.6464702612562535,0.7759866592551418,"[0.6459143968871596, 0.6459143968871596, 0.6498054474708171, 0.6400778210116731, 0.6498054474708171, 0.6459143968871596, 0.6478599221789884]","[0.7704280155642024, 0.7704280155642024, 0.77431906614786, 0.7762645914396887, 0.7762645914396887, 0.7762645914396887, 0.7879377431906615]",3,"[5, 5, 15]"
active_random,107,396,2055,19.27007299270073,0.6495275152862702,0.7751528627015009,"[0.6439688715953308, 0.6556420233463035, 0.642023346303502, 0.6439688715953308, 0.6459143968871596, 0.6536964980544747, 0.6614785992217899]","[0.7704280155642024, 0.7782101167315175, 0.7762645914396887, 0.7704280155642024, 0.7762645914396887, 0.77431906614786, 0.7801556420233463]",3,"[43, 7, 181]"
active_random,108,399,2055,19.416058394160583,0.6495275152862702,0.7776542523624236,"[0.6498054474708171, 0.6556420233463035, 0.6556420233463035, 0.6478599221789884, 0.6439688715953308, 0.6381322957198443, 0.6556420233463035]","[0.77431906614786, 0.7801556420233463, 0.7782101167315175, 0.7723735408560312, 0.7840466926070039, 0.7723735408560312, 0.7821011673151751]",3,"[127, 248, 236]"
active_random,109,402,2055,19.562043795620436,0.6503613118399111,0.7790439132851584,"[0.6536964980544747, 0.6575875486381323, 0.6498054474708171, 0.6498054474708171, 0.642023346303502, 0.6459143968871596, 0.6536964980544747]","[0.7801556420233463, 0.77431906614786, 0.7762645914396887, 0.7821011673151751, 0.77431906614786, 0.7782101167315175, 0.7879377431906615]",3,"[178, 130, 11]"
active_random,110,405,2055,19.708029197080293,0.6542523624235687,0.7815453029460812,"[0.6478599221789884, 0.6536964980544747, 0.642023346303502, 0.6459143968871596, 0.669260700389105, 0.6595330739299611, 0.6614785992217899]","[0.7704280155642024, 0.7840466926070039, 0.7859922178988327, 0.7859922178988327, 0.7723735408560312, 0.7840466926070039, 0.7879377431906615]",3,"[208, 68, 208]"
active_random,111,408,2055,19.854014598540147,0.6481378543635353,0.7851584213451918,"[0.6614785992217899, 0.6439688715953308, 0.642023346303502, 0.6342412451361867, 0.6478599221789884, 0.6498054474708171, 0.6575875486381323]","[0.7859922178988327, 0.7782101167315175, 0.7996108949416343, 0.7801556420233463, 0.7879377431906615, 0.7782101167315175, 0.7859922178988327]",3,"[5, 88, 9]"
active_random,112,411,2055,20.0,0.6592551417454141,0.7843246247915509,"[0.6634241245136187, 0.669260700389105, 0.6614785992217899, 0.6498054474708171, 0.6517509727626459, 0.6634241245136187, 0.6556420233463035]","[0.7821011673151751, 0.791828793774319, 0.7840466926070039, 0.7704280155642024, 0.7821011673151751, 0.7859922178988327, 0.7937743190661478]",3,"[235, 222, 5]"
active_random,113,414,2055,20.145985401459853,0.6581434130072262,0.7851584213451918,"[0.6478599221789884, 0.6712062256809338, 0.6517509727626459, 0.6575875486381323, 0.6575875486381323, 0.6673151750972762, 0.6536964980544747]","[0.7782101167315175, 0.7898832684824902, 0.7879377431906615, 0.7801556420233463, 0.7879377431906615, 0.7879377431906615, 0.7840466926070039]",3,"[178, 109, 237]"
active_random,114,417,2055,20.291970802919707,0.6592551417454141,0.7893274041133963,"[0.6653696498054474, 0.6712062256809338, 0.6614785992217899, 0.642023346303502, 0.6575875486381323, 0.669260700389105, 0.6478599221789884]","[0.7723735408560312, 0.791828793774319, 0.7996108949416343, 0.7898832684824902, 0.7840466926070039, 0.7879377431906615, 0.7996108949416343]",3,"[57, 109, 51]"
active_random,115,420,2055,20.437956204379564,0.660088938299055,0.7871039466370205,"[0.669260700389105, 0.6673151750972762, 0.6575875486381323, 0.6536964980544747, 0.6614785992217899, 0.6517509727626459, 0.6595330739299611]","[0.7782101167315175, 0.7821011673151751, 0.791828793774319, 0.7821011673151751, 0.791828793774319, 0.791828793774319, 0.791828793774319]",3,"[17, 184, 11]"
active_random,116,423,2055,20.583941605839417,0.6556420233463035,0.7868260144524736,"[0.6731517509727627, 0.669260700389105, 0.6517509727626459, 0.6400778210116731, 0.6556420233463035, 0.6517509727626459, 0.6478599221789884]","[0.7840466926070039, 0.7976653696498055, 0.7840466926070039, 0.791828793774319, 0.7840466926070039, 0.77431906614786, 0.791828793774319]",3,"[248, 16, 68]"
active_random,117,426,2055,20.72992700729927,0.6620344635908838,0.7890494719288493,"[0.6712062256809338, 0.6750972762645915, 0.642023346303502, 0.6595330739299611, 0.6595330739299611, 0.6595330739299611, 0.6673151750972762]","[0.7821011673151751, 0.791828793774319, 0.7957198443579766, 0.7840466926070039, 0.7840466926070039, 0.7937743190661478, 0.791828793774319]",3,"[211, 145, 104]"
active_random,118,429,2055,20.875912408759124,0.6692607003891051,0.792106725958866,"[0.6712062256809338, 0.6789883268482491, 0.6731517509727627, 0.6517509727626459, 0.6653696498054474, 0.6731517509727627, 0.6712062256809338]","[0.7840466926070039, 0.7898832684824902, 0.7996108949416343, 0.7898832684824902, 0.7859922178988327, 0.7859922178988327, 0.8093385214007782]",3,"[251, 145, 109]"
active_random,119,432,2055,21.021897810218977,0.6681489716509172,0.7904391328515842,"[0.669260700389105, 0.669260700389105, 0.6673151750972762, 0.6595330739299611, 0.6750972762645915, 0.6653696498054474, 0.6712062256809338]","[0.7782101167315175, 0.7937743190661478, 0.7937743190661478, 0.7879377431906615, 0.7898832684824902, 0.7898832684824902, 0.7996108949416343]",3,"[35, 42, 77]"
active_random,120,435,2055,21.16788321167883,0.6664813785436354,0.7896053362979433,"[0.669260700389105, 0.6653696498054474, 0.6536964980544747, 0.6712062256809338, 0.6595330739299611, 0.6731517509727627, 0.6731517509727627]","[0.7762645914396887, 0.7859922178988327, 0.7976653696498055, 0.7898832684824902, 0.7898832684824902, 0.7859922178988327, 0.8015564202334631]",3,"[105, 143, 203]"
active_random,121,438,2055,21.313868613138688,0.6695386325736521,0.7907170650361312,"[0.6809338521400778, 0.6731517509727627, 0.6731517509727627, 0.6673151750972762, 0.6653696498054474, 0.6653696498054474, 0.6614785992217899]","[0.7840466926070039, 0.8015564202334631, 0.7976653696498055, 0.7898832684824902, 0.7879377431906615, 0.7821011673151751, 0.791828793774319]",3,"[107, 234, 5]"
active_random,122,441,2055,21.45985401459854,0.6681489716509172,0.7943301834352418,"[0.6614785992217899, 0.6712062256809338, 0.6634241245136187, 0.6634241245136187, 0.6556420233463035, 0.6867704280155642, 0.6750972762645915]","[0.7821011673151751, 0.8015564202334631, 0.8035019455252919, 0.7898832684824902, 0.7898832684824902, 0.7976653696498055, 0.7957198443579766]",3,"[44, 9, 39]"
active_random,123,444,2055,21.605839416058394,0.6698165647581991,0.7982212340188993,"[0.6731517509727627, 0.6673151750972762, 0.6634241245136187, 0.6731517509727627, 0.6653696498054474, 0.6750972762645915, 0.6712062256809338]","[0.7859922178988327, 0.7957198443579766, 0.7937743190661478, 0.8073929961089494, 0.8015564202334631, 0.791828793774319, 0.811284046692607]",3,"[6, 202, 79]"
active_random,124,447,2055,21.751824817518248,0.670094496942746,0.8043357420789327,"[0.6809338521400778, 0.6731517509727627, 0.6634241245136187, 0.6712062256809338, 0.6673151750972762, 0.6653696498054474, 0.669260700389105]","[0.791828793774319, 0.8073929961089494, 0.8073929961089494, 0.8015564202334631, 0.8015564202334631, 0.8132295719844358, 0.8073929961089494]",3,"[10, 100, 239]"
active_random,125,450,2055,21.8978102189781,0.6812117843246249,0.8051695386325736,"[0.6926070038910506, 0.6848249027237354, 0.6634241245136187, 0.6848249027237354, 0.6848249027237354, 0.6789883268482491, 0.6789883268482491]","[0.8015564202334631, 0.8073929961089494, 0.8054474708171206, 0.7957198443579766, 0.8132295719844358, 0.8054474708171206, 0.8073929961089494]",3,"[6, 71, 102]"
active_random,126,453,2055,22.043795620437955,0.6731517509727627,0.8068371317398554,"[0.6945525291828794, 0.6789883268482491, 0.6634241245136187, 0.6653696498054474, 0.6653696498054474, 0.6712062256809338, 0.6731517509727627]","[0.7996108949416343, 0.8132295719844358, 0.8151750972762646, 0.8073929961089494, 0.7976653696498055, 0.8015564202334631, 0.8132295719844358]",3,"[46, 3, 205]"
active_random,127,456,2055,22.18978102189781,0.6814897165091719,0.8110061145080599,"[0.6848249027237354, 0.6828793774319066, 0.6828793774319066, 0.6828793774319066, 0.6809338521400778, 0.6809338521400778, 0.6750972762645915]","[0.7976653696498055, 0.8190661478599222, 0.8190661478599222, 0.811284046692607, 0.8093385214007782, 0.8054474708171206, 0.8151750972762646]",3,"[154, 130, 103]"
active_random,128,459,2055,22.335766423357665,0.6803779877709839,0.8115619788771539,"[0.6789883268482491, 0.6848249027237354, 0.6848249027237354, 0.6789883268482491, 0.6712062256809338, 0.6809338521400778, 0.6828793774319066]","[0.8073929961089494, 0.8073929961089494, 0.8132295719844358, 0.8054474708171206, 0.8093385214007782, 0.8171206225680934, 0.8210116731517509]",3,"[231, 13, 208]"
active_random,129,462,2055,22.48175182481752,0.6839911061700946,0.8118399110617008,"[0.6945525291828794, 0.6964980544747081, 0.6770428015564203, 0.6770428015564203, 0.6848249027237354, 0.6789883268482491, 0.6789883268482491]","[0.8015564202334631, 0.8132295719844358, 0.8190661478599222, 0.8093385214007782, 0.8093385214007782, 0.8132295719844358, 0.8171206225680934]",3,"[247, 4, 123]"
active_random,130,465,2055,22.62773722627737,0.6862145636464704,0.809894385769872,"[0.6867704280155642, 0.6945525291828794, 0.6809338521400778, 0.6867704280155642, 0.688715953307393, 0.688715953307393, 0.6770428015564203]","[0.7976653696498055, 0.811284046692607, 0.8151750972762646, 0.8054474708171206, 0.811284046692607, 0.7996108949416343, 0.8287937743190662]",3,"[91, 88, 15]"
active_random,131,468,2055,22.773722627737225,0.6914952751528628,0.8043357420789327,"[0.6906614785992218, 0.6984435797665369, 0.6848249027237354, 0.688715953307393, 0.6906614785992218, 0.6984435797665369, 0.688715953307393]","[0.8015564202334631, 0.8035019455252919, 0.8073929961089494, 0.8015564202334631, 0.8093385214007782, 0.7996108949416343, 0.8073929961089494]",3,"[88, 161, 102]"
active_random,132,471,2055,22.919708029197082,0.6951083935519734,0.8093385214007781,"[0.6945525291828794, 0.6984435797665369, 0.6945525291828794, 0.6964980544747081, 0.6984435797665369, 0.688715953307393, 0.6945525291828794]","[0.8054474708171206, 0.8132295719844358, 0.8171206225680934, 0.8015564202334631, 0.8132295719844358, 0.7976653696498055, 0.8171206225680934]",3,"[32, 20, 105]"
active_random,133,474,2055,23.065693430656935,0.6914952751528628,0.8096164535853251,"[0.7062256809338522, 0.6926070038910506, 0.6945525291828794, 0.6906614785992218, 0.6770428015564203, 0.6926070038910506, 0.6867704280155642]","[0.8035019455252919, 0.8171206225680934, 0.8035019455252919, 0.811284046692607, 0.8093385214007782, 0.811284046692607, 0.811284046692607]",3,"[66, 233, 25]"
active_random,134,477,2055,23.21167883211679,0.6923290717065037,0.8096164535853251,"[0.7023346303501945, 0.7003891050583657, 0.6964980544747081, 0.6867704280155642, 0.6809338521400778, 0.688715953307393, 0.6906614785992218]","[0.7957198443579766, 0.8190661478599222, 0.8151750972762646, 0.8035019455252919, 0.8015564202334631, 0.811284046692607, 0.8210116731517509]",3,"[39, 225, 206]"
active_random,135,480,2055,23.357664233576642,0.689271817676487,0.8121178432462478,"[0.7062256809338522, 0.6945525291828794, 0.6867704280155642, 0.6750972762645915, 0.688715953307393, 0.6809338521400778, 0.6926070038910506]","[0.8035019455252919, 0.8132295719844358, 0.8132295719844358, 0.8073929961089494, 0.8190661478599222, 0.8093385214007782, 0.8190661478599222]",3,"[45, 46, 42]"
active_random,136,483,2055,23.503649635036496,0.690105614230128,0.8115619788771539,"[0.6828793774319066, 0.6926070038910506, 0.6984435797665369, 0.6828793774319066, 0.688715953307393, 0.6906614785992218, 0.6945525291828794]","[0.8015564202334631, 0.811284046692607, 0.8171206225680934, 0.8073929961089494, 0.8093385214007782, 0.8093385214007782, 0.8249027237354085]",3,"[45, 45, 187]"
active_random,137,486,2055,23.64963503649635,0.6942745969983325,0.810172317954419,"[0.708171206225681, 0.6906614785992218, 0.6945525291828794, 0.6906614785992218, 0.6964980544747081, 0.6945525291828794, 0.6848249027237354]","[0.7976653696498055, 0.811284046692607, 0.8132295719844358, 0.8132295719844358, 0.8151750972762646, 0.8093385214007782, 0.811284046692607]",3,"[45, 240, 121]"
active_random,138,489,2055,23.795620437956206,0.6914952751528628,0.8154530294608114,"[0.7062256809338522, 0.6964980544747081, 0.6789883268482491, 0.6926070038910506, 0.6828793774319066, 0.6906614785992218, 0.6926070038910506]","[0.8132295719844358, 0.8151750972762646, 0.8171206225680934, 0.811284046692607, 0.8171206225680934, 0.8132295719844358, 0.8210116731517509]",3,"[2, 240, 231]"
active_random,139,492,2055,23.94160583941606,0.6967759866592552,0.8173985547526402,"[0.7003891050583657, 0.7042801556420234, 0.6945525291828794, 0.6828793774319066, 0.7003891050583657, 0.6926070038910506, 0.7023346303501945]","[0.8151750972762646, 0.8190661478599222, 0.811284046692607, 0.8171206225680934, 0.8210116731517509, 0.8171206225680934, 0.8210116731517509]",3,"[45, 186, 210]"
active_random,140,495,2055,24.087591240875913,0.6928849360755976,0.8176764869371872,"[0.6984435797665369, 0.6964980544747081, 0.688715953307393, 0.6809338521400778, 0.6964980544747081, 0.6945525291828794, 0.6945525291828794]","[0.8132295719844358, 0.8190661478599222, 0.8190661478599222, 0.8190661478599222, 0.8249027237354085, 0.8151750972762646, 0.8132295719844358]",3,"[1, 79, 79]"
active_random,141,498,2055,24.233576642335766,0.6981656475819901,0.8160088938299054,"[0.7023346303501945, 0.7023346303501945, 0.6945525291828794, 0.6964980544747081, 0.7023346303501945, 0.6926070038910506, 0.6964980544747081]","[0.8132295719844358, 0.8132295719844358, 0.8190661478599222, 0.8151750972762646, 0.8171206225680934, 0.8171206225680934, 0.8171206225680934]",3,"[222, 204, 56]"
active_random,142,501,2055,24.37956204379562,0.6981656475819901,0.8215675375208448,"[0.7042801556420234, 0.7003891050583657, 0.6926070038910506, 0.6926070038910506, 0.7003891050583657, 0.6926070038910506, 0.7042801556420234]","[0.8190661478599222, 0.8171206225680934, 0.8249027237354085, 0.8249027237354085, 0.8171206225680934, 0.8190661478599222, 0.8287937743190662]",3,"[5, 124, 90]"
active_random,143,504,2055,24.525547445255473,0.6906614785992219,0.8179544191217342,"[0.6926070038910506, 0.6906614785992218, 0.6750972762645915, 0.6867704280155642, 0.6964980544747081, 0.6984435797665369, 0.6945525291828794]","[0.8093385214007782, 0.8249027237354085, 0.8210116731517509, 0.8151750972762646, 0.8151750972762646, 0.811284046692607, 0.8287937743190662]",3,"[75, 3, 161]"
active_random,144,507,2055,24.67153284671533,0.6964980544747083,0.8173985547526402,"[0.6984435797665369, 0.708171206225681, 0.6964980544747081, 0.6906614785992218, 0.6945525291828794, 0.6926070038910506, 0.6945525291828794]","[0.8151750972762646, 0.8229571984435797, 0.8171206225680934, 0.8073929961089494, 0.8210116731517509, 0.8190661478599222, 0.8190661478599222]",3,"[201, 131, 5]"
active_random,145,510,2055,24.817518248175183,0.7003891050583658,0.8171206225680933,"[0.6964980544747081, 0.7023346303501945, 0.7062256809338522, 0.6926070038910506, 0.7062256809338522, 0.6984435797665369, 0.7003891050583657]","[0.8054474708171206, 0.8268482490272373, 0.8210116731517509, 0.8171206225680934, 0.8151750972762646, 0.8132295719844358, 0.8210116731517509]",3,"[72, 5, 93]"
active_random,146,513,2055,24.963503649635037,0.7031684269038355,0.819899944413563,"[0.7101167315175098, 0.708171206225681, 0.6984435797665369, 0.6964980544747081, 0.7062256809338522, 0.6964980544747081, 0.7062256809338522]","[0.8151750972762646, 0.8268482490272373, 0.8229571984435797, 0.8093385214007782, 0.8210116731517509, 0.8190661478599222, 0.8249027237354085]",3,"[171, 78, 57]"
active_random,147,516,2055,25.10948905109489,0.6962201222901613,0.8204558087826569,"[0.6945525291828794, 0.6867704280155642, 0.6964980544747081, 0.7003891050583657, 0.7042801556420234, 0.6984435797665369, 0.6926070038910506]","[0.8210116731517509, 0.8229571984435797, 0.8171206225680934, 0.8171206225680934, 0.8268482490272373, 0.8151750972762646, 0.8229571984435797]",3,"[133, 11, 184]"
active_random,148,519,2055,25.255474452554743,0.6998332406892719,0.8224013340744857,"[0.7023346303501945, 0.7003891050583657, 0.7003891050583657, 0.6945525291828794, 0.7042801556420234, 0.6906614785992218, 0.7062256809338522]","[0.8171206225680934, 0.8268482490272373, 0.8229571984435797, 0.8229571984435797, 0.8210116731517509, 0.8210116731517509, 0.8249027237354085]",3,"[8, 194, 157]"
active_random,149,522,2055,25.401459854014597,0.698721511951084,0.8215675375208448,"[0.7101167315175098, 0.6926070038910506, 0.6926070038910506, 0.6964980544747081, 0.7042801556420234, 0.7003891050583657, 0.6945525291828794]","[0.8229571984435797, 0.8287937743190662, 0.8190661478599222, 0.8190661478599222, 0.8190661478599222, 0.8229571984435797, 0.8190661478599222]",3,"[64, 47, 182]"
active_random,150,525,2055,25.547445255474454,0.7015008337965537,0.8215675375208448,"[0.7003891050583657, 0.7120622568093385, 0.6964980544747081, 0.6984435797665369, 0.7062256809338522, 0.7003891050583657, 0.6964980544747081]","[0.8229571984435797, 0.8171206225680934, 0.8249027237354085, 0.8190661478599222, 0.8210116731517509, 0.8190661478599222, 0.8268482490272373]",3,"[120, 88, 160]"
active_random,151,528,2055,25.693430656934307,0.7012229016120067,0.8204558087826569,"[0.6964980544747081, 0.708171206225681, 0.6984435797665369, 0.7003891050583657, 0.7042801556420234, 0.6964980544747081, 0.7042801556420234]","[0.8132295719844358, 0.8210116731517509, 0.8249027237354085, 0.8210116731517509, 0.8190661478599222, 0.8210116731517509, 0.8229571984435797]",3,"[3, 222, 51]"
active_random,152,531,2055,25.83941605839416,0.7056698165647582,0.8226792662590326,"[0.7062256809338522, 0.7159533073929961, 0.7023346303501945, 0.7023346303501945, 0.7023346303501945, 0.7042801556420234, 0.7062256809338522]","[0.8190661478599222, 0.8249027237354085, 0.8190661478599222, 0.8171206225680934, 0.8287937743190662, 0.8190661478599222, 0.830739299610895]",3,"[108, 177, 246]"
active_random,153,534,2055,25.985401459854014,0.7040022234574764,0.8179544191217342,"[0.7023346303501945, 0.7101167315175098, 0.7042801556420234, 0.6964980544747081, 0.7042801556420234, 0.7023346303501945, 0.708171206225681]","[0.8151750972762646, 0.8249027237354085, 0.8171206225680934, 0.811284046692607, 0.8151750972762646, 0.8151750972762646, 0.8268482490272373]",3,"[77, 88, 214]"
active_random,154,537,2055,26.131386861313867,0.7001111728738189,0.8260144524735963,"[0.7062256809338522, 0.6984435797665369, 0.7023346303501945, 0.6984435797665369, 0.7042801556420234, 0.6945525291828794, 0.6964980544747081]","[0.8190661478599222, 0.8229571984435797, 0.8346303501945526, 0.8249027237354085, 0.8249027237354085, 0.8268482490272373, 0.8287937743190662]",3,"[211, 3, 240]"
active_random,155,540,2055,26.277372262773724,0.699277376320178,0.819899944413563,"[0.708171206225681, 0.7042801556420234, 0.6906614785992218, 0.6945525291828794, 0.7023346303501945, 0.6964980544747081, 0.6984435797665369]","[0.8132295719844358, 0.8268482490272373, 0.8073929961089494, 0.8229571984435797, 0.8210116731517509, 0.8210116731517509, 0.8268482490272373]",3,"[118, 231, 3]"
active_random,156,543,2055,26.423357664233578,0.6998332406892719,0.8218454697053917,"[0.7003891050583657, 0.708171206225681, 0.6906614785992218, 0.7062256809338522, 0.7023346303501945, 0.7003891050583657, 0.6906614785992218]","[0.8171206225680934, 0.8268482490272373, 0.8210116731517509, 0.8229571984435797, 0.8190661478599222, 0.8171206225680934, 0.8287937743190662]",3,"[5, 187, 1]"
active_random,157,546,2055,26.56934306569343,0.7028904947192885,0.8210116731517508,"[0.6964980544747081, 0.7042801556420234, 0.6984435797665369, 0.6964980544747081, 0.708171206225681, 0.7062256809338522, 0.7101167315175098]","[0.8132295719844358, 0.8249027237354085, 0.8229571984435797, 0.8171206225680934, 0.8268482490272373, 0.8132295719844358, 0.8287937743190662]",3,"[118, 249, 182]"
active_random,158,549,2055,26.715328467153284,0.7012229016120067,0.8215675375208448,"[0.6964980544747081, 0.7042801556420234, 0.7062256809338522, 0.7003891050583657, 0.6964980544747081, 0.7042801556420234, 0.7003891050583657]","[0.8171206225680934, 0.8268482490272373, 0.8268482490272373, 0.8190661478599222, 0.8229571984435797, 0.8190661478599222, 0.8190661478599222]",3,"[189, 152, 113]"
active_random,159,552,2055,26.861313868613138,0.7026125625347416,0.8243468593663146,"[0.7062256809338522, 0.6964980544747081, 0.6945525291828794, 0.7003891050583657, 0.7062256809338522, 0.708171206225681, 0.7062256809338522]","[0.8132295719844358, 0.8229571984435797, 0.8210116731517509, 0.830739299610895, 0.8268482490272373, 0.830739299610895, 0.8249027237354085]",3,"[89, 91, 34]"
active_random,160,555,2055,27.00729927007299,0.6959421901056143,0.8240689271817675,"[0.6984435797665369, 0.7023346303501945, 0.6945525291828794, 0.688715953307393, 0.7023346303501945, 0.6945525291828794, 0.6906614785992218]","[0.8171206225680934, 0.8404669260700389, 0.8210116731517509, 0.8229571984435797, 0.8229571984435797, 0.8190661478599222, 0.8249027237354085]",3,"[113, 3, 103]"
active_random,161,558,2055,27.153284671532848,0.6981656475819901,0.8179544191217342,"[0.7023346303501945, 0.7120622568093385, 0.688715953307393, 0.6848249027237354, 0.6984435797665369, 0.6984435797665369, 0.7023346303501945]","[0.811284046692607, 0.8229571984435797, 0.8151750972762646, 0.8210116731517509, 0.8190661478599222, 0.8190661478599222, 0.8171206225680934]",3,"[81, 34, 89]"
active_random,162,561,2055,27.2992700729927,0.7001111728738189,0.819344080044469,"[0.6964980544747081, 0.708171206225681, 0.7062256809338522, 0.6906614785992218, 0.7023346303501945, 0.6964980544747081, 0.7003891050583657]","[0.8132295719844358, 0.8190661478599222, 0.8229571984435797, 0.8210116731517509, 0.8190661478599222, 0.8093385214007782, 0.830739299610895]",3,"[108, 181, 5]"
active_random,163,564,2055,27.445255474452555,0.7059477487493052,0.8226792662590326,"[0.7042801556420234, 0.7042801556420234, 0.7042801556420234, 0.7023346303501945, 0.7003891050583657, 0.7120622568093385, 0.7140077821011673]","[0.8190661478599222, 0.8229571984435797, 0.8287937743190662, 0.8132295719844358, 0.8268482490272373, 0.8190661478599222, 0.8287937743190662]",3,"[5, 114, 72]"
active_random,164,567,2055,27.59124087591241,0.7009449694274598,0.8249027237354084,"[0.7042801556420234, 0.7023346303501945, 0.7042801556420234, 0.7003891050583657, 0.6926070038910506, 0.7023346303501945, 0.7003891050583657]","[0.8190661478599222, 0.8190661478599222, 0.8346303501945526, 0.8249027237354085, 0.8210116731517509, 0.8249027237354085, 0.830739299610895]",3,"[171, 231, 117]"
active_random,165,570,2055,27.73722627737226,0.7006670372429128,0.8243468593663145,"[0.7003891050583657, 0.7042801556420234, 0.7023346303501945, 0.7003891050583657, 0.7003891050583657, 0.7023346303501945, 0.6945525291828794]","[0.8171206225680934, 0.8268482490272373, 0.8287937743190662, 0.8210116731517509, 0.8190661478599222, 0.8229571984435797, 0.8346303501945526]",3,"[39, 46, 5]"
active_random,166,573,2055,27.883211678832115,0.7015008337965537,0.8226792662590326,"[0.6984435797665369, 0.7101167315175098, 0.6926070038910506, 0.7042801556420234, 0.6945525291828794, 0.7140077821011673, 0.6964980544747081]","[0.8249027237354085, 0.8190661478599222, 0.8268482490272373, 0.8171206225680934, 0.8171206225680934, 0.8210116731517509, 0.8326848249027238]",3,"[25, 89, 108]"
active_random,167,576,2055,28.029197080291972,0.6995553085047249,0.8221234018899387,"[0.6945525291828794, 0.7062256809338522, 0.7023346303501945, 0.6906614785992218, 0.6984435797665369, 0.7120622568093385, 0.6926070038910506]","[0.8190661478599222, 0.8229571984435797, 0.8268482490272373, 0.8190661478599222, 0.8210116731517509, 0.8171206225680934, 0.8287937743190662]",3,"[230, 205, 46]"
active_random,168,579,2055,28.175182481751825,0.7067815453029461,0.8254585881045023,"[0.7062256809338522, 0.7178988326848249, 0.7003891050583657, 0.7003891050583657, 0.6906614785992218, 0.7198443579766537, 0.7120622568093385]","[0.8190661478599222, 0.8268482490272373, 0.8326848249027238, 0.8210116731517509, 0.8210116731517509, 0.8229571984435797, 0.8346303501945526]",3,"[205, 187, 102]"
active_random,169,582,2055,28.32116788321168,0.7106725958866037,0.8276820455808781,"[0.708171206225681, 0.708171206225681, 0.7159533073929961, 0.7062256809338522, 0.7023346303501945, 0.7217898832684825, 0.7120622568093385]","[0.8190661478599222, 0.830739299610895, 0.8346303501945526, 0.8249027237354085, 0.8287937743190662, 0.8229571984435797, 0.8326848249027238]",3,"[106, 5, 231]"
active_random,170,585,2055,28.467153284671532,0.7087270705947749,0.8224013340744857,"[0.6964980544747081, 0.7101167315175098, 0.7101167315175098, 0.708171206225681, 0.7140077821011673, 0.708171206225681, 0.7140077821011673]","[0.8171206225680934, 0.8229571984435797, 0.8229571984435797, 0.8249027237354085, 0.8268482490272373, 0.8190661478599222, 0.8229571984435797]",3,"[162, 66, 3]"
active_random,171,588,2055,28.613138686131386,0.7103946637020567,0.8315730961645357,"[0.7101167315175098, 0.7178988326848249, 0.7101167315175098, 0.7062256809338522, 0.7120622568093385, 0.708171206225681, 0.708171206225681]","[0.8346303501945526, 0.8346303501945526, 0.8326848249027238, 0.8268482490272373, 0.8365758754863813, 0.8210116731517509, 0.8346303501945526]",3,"[150, 25, 201]"
active_random,172,591,2055,28.759124087591243,0.7092829349638688,0.8237909949972205,"[0.7120622568093385, 0.7023346303501945, 0.7101167315175098, 0.7062256809338522, 0.708171206225681, 0.7120622568093385, 0.7140077821011673]","[0.8326848249027238, 0.8190661478599222, 0.8249027237354085, 0.8151750972762646, 0.8268482490272373, 0.8171206225680934, 0.830739299610895]",3,"[86, 16, 124]"
active_random,173,594,2055,28.905109489051096,0.7090050027793219,0.8274041133963311,"[0.7178988326848249, 0.7120622568093385, 0.7042801556420234, 0.7042801556420234, 0.7101167315175098, 0.708171206225681, 0.7062256809338522]","[0.8210116731517509, 0.8404669260700389, 0.8346303501945526, 0.8249027237354085, 0.8229571984435797, 0.8190661478599222, 0.8287937743190662]",3,"[5, 246, 88]"
active_random,174,597,2055,29.05109489051095,0.7084491384102279,0.8301834352418009,"[0.7159533073929961, 0.708171206225681, 0.7101167315175098, 0.7003891050583657, 0.7042801556420234, 0.708171206225681, 0.7120622568093385]","[0.830739299610895, 0.8326848249027238, 0.8229571984435797, 0.8287937743190662, 0.8326848249027238, 0.8287937743190662, 0.8346303501945526]",3,"[25, 5, 3]"
active_random,175,600,2055,29.197080291970803,0.7153974430239022,0.8315730961645357,"[0.7237354085603113, 0.7120622568093385, 0.7120622568093385, 0.7062256809338522, 0.7178988326848249, 0.7198443579766537, 0.7159533073929961]","[0.8287937743190662, 0.8287937743190662, 0.8385214007782101, 0.8210116731517509, 0.8404669260700389, 0.8287937743190662, 0.8346303501945526]",3,"[109, 3, 3]"
active_random,176,603,2055,29.343065693430656,0.7109505280711507,0.8274041133963312,"[0.7101167315175098, 0.6964980544747081, 0.7178988326848249, 0.7120622568093385, 0.7178988326848249, 0.7159533073929961, 0.7062256809338522]","[0.8249027237354085, 0.8268482490272373, 0.8346303501945526, 0.8287937743190662, 0.8249027237354085, 0.8210116731517509, 0.830739299610895]",3,"[131, 112, 3]"
active_random,177,606,2055,29.48905109489051,0.7120622568093385,0.8329627570872705,"[0.7217898832684825, 0.7159533073929961, 0.7159533073929961, 0.7042801556420234, 0.7159533073929961, 0.7042801556420234, 0.7062256809338522]","[0.8287937743190662, 0.830739299610895, 0.8385214007782101, 0.8268482490272373, 0.8287937743190662, 0.8346303501945526, 0.8424124513618677]",3,"[72, 5, 154]"
active_random,178,609,2055,29.635036496350367,0.7106725958866037,0.8262923846581433,"[0.7140077821011673, 0.7101167315175098, 0.6964980544747081, 0.7062256809338522, 0.7159533073929961, 0.7140077821011673, 0.7178988326848249]","[0.8190661478599222, 0.8268482490272373, 0.8287937743190662, 0.8249027237354085, 0.830739299610895, 0.8249027237354085, 0.8287937743190662]",3,"[3, 2, 2]"
active_random,179,612,2055,29.78102189781022,0.7190105614230128,0.8279599777654251,"[0.7198443579766537, 0.7178988326848249, 0.7198443579766537, 0.7237354085603113, 0.7198443579766537, 0.72568093385214, 0.7062256809338522]","[0.8249027237354085, 0.8268482490272373, 0.8268482490272373, 0.8229571984435797, 0.8346303501945526, 0.8268482490272373, 0.8326848249027238]",3,"[65, 88, 5]"
active_random,180,615,2055,29.927007299270073,0.7187326292384658,0.8260144524735963,"[0.7237354085603113, 0.7178988326848249, 0.7062256809338522, 0.7178988326848249, 0.7217898832684825, 0.7217898832684825, 0.7217898832684825]","[0.8210116731517509, 0.8190661478599222, 0.8326848249027238, 0.8249027237354085, 0.8326848249027238, 0.8190661478599222, 0.8326848249027238]",3,"[3, 87, 6]"
active_random,181,618,2055,30.072992700729927,0.7198443579766537,0.8260144524735963,"[0.7198443579766537, 0.7237354085603113, 0.7101167315175098, 0.7140077821011673, 0.72568093385214, 0.7276264591439688, 0.7178988326848249]","[0.8171206225680934, 0.8287937743190662, 0.8346303501945526, 0.8229571984435797, 0.8287937743190662, 0.8190661478599222, 0.830739299610895]",3,"[6, 8, 90]"
active_random,182,621,2055,30.21897810218978,0.7229016120066704,0.8260144524735964,"[0.7295719844357976, 0.7178988326848249, 0.7237354085603113, 0.7120622568093385, 0.7276264591439688, 0.7140077821011673, 0.7354085603112841]","[0.8151750972762646, 0.8326848249027238, 0.8326848249027238, 0.8287937743190662, 0.8210116731517509, 0.8249027237354085, 0.8268482490272373]",3,"[70, 89, 109]"
active_random,183,624,2055,30.364963503649633,0.7181767648693719,0.8271261812117842,"[0.7237354085603113, 0.7237354085603113, 0.7140077821011673, 0.7159533073929961, 0.7237354085603113, 0.708171206225681, 0.7178988326848249]","[0.8210116731517509, 0.8443579766536965, 0.8326848249027238, 0.8249027237354085, 0.8249027237354085, 0.8190661478599222, 0.8229571984435797]",3,"[216, 44, 102]"
active_random,184,627,2055,30.51094890510949,0.7187326292384658,0.8310172317954417,"[0.7198443579766537, 0.7178988326848249, 0.7140077821011673, 0.7217898832684825, 0.7198443579766537, 0.7276264591439688, 0.7101167315175098]","[0.8190661478599222, 0.8326848249027238, 0.8365758754863813, 0.8249027237354085, 0.8385214007782101, 0.830739299610895, 0.8346303501945526]",3,"[204, 3, 3]"
active_random,185,630,2055,30.656934306569344,0.7220678154530294,0.8268482490272372,"[0.7217898832684825, 0.72568093385214, 0.7178988326848249, 0.7198443579766537, 0.7237354085603113, 0.7295719844357976, 0.7159533073929961]","[0.8249027237354085, 0.8346303501945526, 0.8268482490272373, 0.8229571984435797, 0.8249027237354085, 0.8229571984435797, 0.830739299610895]",3,"[172, 3, 176]"
active_random,186,633,2055,30.802919708029197,0.7190105614230128,0.8332406892718176,"[0.7217898832684825, 0.7101167315175098, 0.7237354085603113, 0.7120622568093385, 0.7276264591439688, 0.7178988326848249, 0.7198443579766537]","[0.8287937743190662, 0.8346303501945526, 0.8463035019455253, 0.8287937743190662, 0.8346303501945526, 0.8326848249027238, 0.8268482490272373]",3,"[178, 3, 249]"
active_random,187,636,2055,30.94890510948905,0.7156753752084491,0.8299055030572539,"[0.7120622568093385, 0.7140077821011673, 0.7120622568093385, 0.7178988326848249, 0.7042801556420234, 0.7276264591439688, 0.7217898832684825]","[0.8287937743190662, 0.8346303501945526, 0.8268482490272373, 0.8249027237354085, 0.8268482490272373, 0.8385214007782101, 0.8287937743190662]",3,"[172, 249, 89]"
active_random,188,639,2055,31.094890510948904,0.7231795441912173,0.8354641467481934,"[0.7217898832684825, 0.7159533073929961, 0.7276264591439688, 0.7295719844357976, 0.7217898832684825, 0.7276264591439688, 0.7178988326848249]","[0.830739299610895, 0.8287937743190662, 0.8326848249027238, 0.8346303501945526, 0.8443579766536965, 0.8443579766536965, 0.8326848249027238]",3,"[7, 245, 159]"
active_random,189,642,2055,31.240875912408757,0.7140077821011673,0.8337965536409115,"[0.7217898832684825, 0.7101167315175098, 0.7062256809338522, 0.708171206225681, 0.7315175097276264, 0.7140077821011673, 0.7062256809338522]","[0.8229571984435797, 0.8424124513618677, 0.8346303501945526, 0.8385214007782101, 0.8326848249027238, 0.8326848249027238, 0.8326848249027238]",3,"[61, 5, 114]"
active_random,190,645,2055,31.386861313868614,0.7190105614230129,0.8335186214563646,"[0.7217898832684825, 0.7042801556420234, 0.708171206225681, 0.7159533073929961, 0.72568093385214, 0.7354085603112841, 0.7217898832684825]","[0.8326848249027238, 0.8346303501945526, 0.830739299610895, 0.8326848249027238, 0.8346303501945526, 0.8287937743190662, 0.8404669260700389]",3,"[61, 178, 181]"
active_random,191,648,2055,31.532846715328468,0.7156753752084491,0.8315730961645357,"[0.7237354085603113, 0.72568093385214, 0.7120622568093385, 0.7062256809338522, 0.7101167315175098, 0.7178988326848249, 0.7140077821011673]","[0.8287937743190662, 0.8385214007782101, 0.8346303501945526, 0.8268482490272373, 0.8287937743190662, 0.830739299610895, 0.8326848249027238]",3,"[222, 5, 13]"
active_random,192,651,2055,31.67883211678832,0.7198443579766537,0.8315730961645357,"[0.7217898832684825, 0.7140077821011673, 0.7140077821011673, 0.7217898832684825, 0.7295719844357976, 0.7315175097276264, 0.7062256809338522]","[0.8268482490272373, 0.8443579766536965, 0.830739299610895, 0.8268482490272373, 0.8346303501945526, 0.8229571984435797, 0.8346303501945526]",3,"[3, 6, 179]"
active_random,193,654,2055,31.824817518248175,0.7184546970539188,0.8351862145636464,"[0.7237354085603113, 0.7217898832684825, 0.7178988326848249, 0.7140077821011673, 0.7237354085603113, 0.7159533073929961, 0.7120622568093385]","[0.8326848249027238, 0.8404669260700389, 0.830739299610895, 0.8326848249027238, 0.8326848249027238, 0.8404669260700389, 0.8365758754863813]",3,"[3, 246, 3]"
active_random,194,657,2055,31.970802919708028,0.7159533073929961,0.8296275708727069,"[0.7198443579766537, 0.7159533073929961, 0.7237354085603113, 0.7042801556420234, 0.7178988326848249, 0.708171206225681, 0.7217898832684825]","[0.8268482490272373, 0.8326848249027238, 0.8385214007782101, 0.8171206225680934, 0.8268482490272373, 0.8287937743190662, 0.8365758754863813]",3,"[174, 27, 240]"
active_random,195,660,2055,32.11678832116788,0.7215119510839356,0.8340744858254585,"[0.7159533073929961, 0.72568093385214, 0.7120622568093385, 0.708171206225681, 0.7334630350194552, 0.7354085603112841, 0.7198443579766537]","[0.8326848249027238, 0.830739299610895, 0.8365758754863813, 0.8365758754863813, 0.8346303501945526, 0.8346303501945526, 0.8326848249027238]",3,"[5, 234, 187]"
active_random,196,663,2055,32.262773722627735,0.716787103946637,0.8340744858254585,"[0.7217898832684825, 0.7178988326848249, 0.7178988326848249, 0.7101167315175098, 0.7217898832684825, 0.7237354085603113, 0.7042801556420234]","[0.8287937743190662, 0.8249027237354085, 0.8424124513618677, 0.830739299610895, 0.8424124513618677, 0.8365758754863813, 0.8326848249027238]",3,"[3, 5, 3]"
active_random,197,666,2055,32.40875912408759,0.7190105614230129,0.8296275708727069,"[0.7140077821011673, 0.7237354085603113, 0.7159533073929961, 0.7062256809338522, 0.7217898832684825, 0.7354085603112841, 0.7159533073929961]","[0.8229571984435797, 0.8365758754863813, 0.8365758754863813, 0.8249027237354085, 0.8346303501945526, 0.8249027237354085, 0.8268482490272373]",3,"[87, 249, 11]"
active_random,198,669,2055,32.55474452554745,0.7187326292384658,0.8310172317954417,"[0.7178988326848249, 0.7178988326848249, 0.7159533073929961, 0.7159533073929961, 0.7237354085603113, 0.7295719844357976, 0.7101167315175098]","[0.830739299610895, 0.8365758754863813, 0.8346303501945526, 0.8249027237354085, 0.8346303501945526, 0.830739299610895, 0.8249027237354085]",3,"[179, 11, 5]"
active_random,199,672,2055,32.7007299270073,0.717065036131184,0.8337965536409115,"[0.7159533073929961, 0.7217898832684825, 0.7120622568093385, 0.7101167315175098, 0.7178988326848249, 0.72568093385214, 0.7159533073929961]","[0.830739299610895, 0.8346303501945526, 0.8424124513618677, 0.8287937743190662, 0.8326848249027238, 0.8365758754863813, 0.830739299610895]",3,"[242, 233, 3]"
active_random,200,675,2055,32.846715328467155,0.7206781545302946,0.8324068927181766,"[0.7159533073929961, 0.7178988326848249, 0.7198443579766537, 0.7140077821011673, 0.7276264591439688, 0.7334630350194552, 0.7159533073929961]","[0.8346303501945526, 0.8326848249027238, 0.8385214007782101, 0.8210116731517509, 0.8385214007782101, 0.8268482490272373, 0.8346303501945526]",3,"[246, 142, 2]"
active_random,201,678,2055,32.99270072992701,0.7220678154530294,0.8332406892718176,"[0.7159533073929961, 0.7315175097276264, 0.7178988326848249, 0.7101167315175098, 0.72568093385214, 0.7315175097276264, 0.7217898832684825]","[0.8287937743190662, 0.8385214007782101, 0.8385214007782101, 0.8346303501945526, 0.8326848249027238, 0.8287937743190662, 0.830739299610895]",3,"[187, 6, 101]"
active_random,202,681,2055,33.13868613138686,0.726236798221234,0.8349082823790993,"[0.7276264591439688, 0.7276264591439688, 0.7198443579766537, 0.7120622568093385, 0.7392996108949417, 0.7315175097276264, 0.72568093385214]","[0.8326848249027238, 0.8443579766536965, 0.8424124513618677, 0.8268482490272373, 0.8346303501945526, 0.830739299610895, 0.8326848249027238]",3,"[88, 3, 245]"
active_random,203,684,2055,33.284671532846716,0.7245692051139523,0.8365758754863812,"[0.7237354085603113, 0.72568093385214, 0.7237354085603113, 0.7101167315175098, 0.7315175097276264, 0.7354085603112841, 0.7217898832684825]","[0.8326848249027238, 0.8521400778210116, 0.8424124513618677, 0.8287937743190662, 0.8346303501945526, 0.8268482490272373, 0.8385214007782101]",3,"[127, 101, 5]"
active_random,204,687,2055,33.43065693430657,0.7292940522512507,0.8362979433018343,"[0.7334630350194552, 0.7276264591439688, 0.7315175097276264, 0.7178988326848249, 0.7295719844357976, 0.7315175097276264, 0.7334630350194552]","[0.830739299610895, 0.8424124513618677, 0.8365758754863813, 0.8326848249027238, 0.8424124513618677, 0.830739299610895, 0.8385214007782101]",3,"[90, 78, 6]"
active_random,205,690,2055,33.57664233576642,0.7248471372984993,0.8351862145636464,"[0.7276264591439688, 0.7217898832684825, 0.7198443579766537, 0.7237354085603113, 0.7295719844357976, 0.7373540856031129, 0.7140077821011673]","[0.8365758754863813, 0.8365758754863813, 0.8365758754863813, 0.8326848249027238, 0.8365758754863813, 0.8346303501945526, 0.8326848249027238]",3,"[63, 51, 231]"
active_random,206,693,2055,33.722627737226276,0.7292940522512508,0.8335186214563645,"[0.7276264591439688, 0.7237354085603113, 0.7276264591439688, 0.7295719844357976, 0.7295719844357976, 0.7373540856031129, 0.7295719844357976]","[0.8268482490272373, 0.8365758754863813, 0.830739299610895, 0.8210116731517509, 0.8424124513618677, 0.8424124513618677, 0.8346303501945526]",3,"[222, 111, 5]"
active_random,207,696,2055,33.86861313868613,0.727070594774875,0.8335186214563646,"[0.7373540856031129, 0.7276264591439688, 0.7237354085603113, 0.7140077821011673, 0.7334630350194552, 0.7315175097276264, 0.7217898832684825]","[0.8229571984435797, 0.830739299610895, 0.8424124513618677, 0.8326848249027238, 0.8346303501945526, 0.8326848249027238, 0.8385214007782101]",3,"[5, 89, 226]"
active_random,208,699,2055,34.01459854014598,0.7223457476375764,0.8326848249027237,"[0.72568093385214, 0.7140077821011673, 0.7178988326848249, 0.7140077821011673, 0.72568093385214, 0.7315175097276264, 0.7276264591439688]","[0.8326848249027238, 0.8424124513618677, 0.830739299610895, 0.830739299610895, 0.8346303501945526, 0.8249027237354085, 0.8326848249027238]",3,"[2, 3, 144]"
active_random,209,702,2055,34.160583941605836,0.7231795441912173,0.8335186214563645,"[0.7295719844357976, 0.72568093385214, 0.7120622568093385, 0.7237354085603113, 0.72568093385214, 0.7276264591439688, 0.7178988326848249]","[0.830739299610895, 0.8346303501945526, 0.8424124513618677, 0.8249027237354085, 0.8404669260700389, 0.830739299610895, 0.830739299610895]",3,"[231, 11, 88]"
active_random,210,705,2055,34.306569343065696,0.7270705947748749,0.8329627570872706,"[0.7334630350194552, 0.7217898832684825, 0.7237354085603113, 0.7354085603112841, 0.7295719844357976, 0.7276264591439688, 0.7178988326848249]","[0.830739299610895, 0.8326848249027238, 0.8365758754863813, 0.8365758754863813, 0.8404669260700389, 0.8210116731517509, 0.8326848249027238]",3,"[75, 57, 222]"
active_random,211,708,2055,34.45255474452555,0.7306837131739855,0.8368538076709282,"[0.7315175097276264, 0.7237354085603113, 0.72568093385214, 0.7334630350194552, 0.7315175097276264, 0.7315175097276264, 0.7373540856031129]","[0.8287937743190662, 0.8346303501945526, 0.8404669260700389, 0.830739299610895, 0.8404669260700389, 0.8404669260700389, 0.8424124513618677]",3,"[64, 6, 154]"
active_random,212,711,2055,34.5985401459854,0.7273485269594219,0.8368538076709282,"[0.7315175097276264, 0.7237354085603113, 0.7276264591439688, 0.7198443579766537, 0.7334630350194552, 0.7217898832684825, 0.7334630350194552]","[0.8346303501945526, 0.830739299610895, 0.8404669260700389, 0.8326848249027238, 0.8463035019455253, 0.8365758754863813, 0.8365758754863813]",3,"[88, 204, 235]"
active_random,213,714,2055,34.74452554744526,0.7279043913285158,0.8351862145636464,"[0.7276264591439688, 0.7276264591439688, 0.7276264591439688, 0.72568093385214, 0.7295719844357976, 0.7276264591439688, 0.7295719844357976]","[0.8346303501945526, 0.8385214007782101, 0.830739299610895, 0.8287937743190662, 0.8424124513618677, 0.8287937743190662, 0.8424124513618677]",3,"[204, 249, 32]"
active_random,214,717,2055,34.89051094890511,0.7301278488048916,0.8354641467481934,"[0.7334630350194552, 0.7276264591439688, 0.7237354085603113, 0.72568093385214, 0.7354085603112841, 0.7276264591439688, 0.7373540856031129]","[0.8326848249027238, 0.8365758754863813, 0.8424124513618677, 0.8287937743190662, 0.8365758754863813, 0.8326848249027238, 0.8385214007782101]",3,"[214, 5, 213]"
active_random,215,720,2055,35.03649635036496,0.7298499166203447,0.8343524180100055,"[0.72568093385214, 0.745136186770428, 0.72568093385214, 0.7159533073929961, 0.7373540856031129, 0.7276264591439688, 0.7315175097276264]","[0.830739299610895, 0.8365758754863813, 0.8385214007782101, 0.8287937743190662, 0.8346303501945526, 0.8287937743190662, 0.8424124513618677]",3,"[61, 205, 108]"
active_random,216,723,2055,35.18248175182482,0.7356864924958311,0.8360200111172873,"[0.7412451361867705, 0.7392996108949417, 0.7373540856031129, 0.72568093385214, 0.7354085603112841, 0.7392996108949417, 0.7315175097276264]","[0.8346303501945526, 0.8346303501945526, 0.8365758754863813, 0.830739299610895, 0.8385214007782101, 0.8404669260700389, 0.8365758754863813]",3,"[248, 203, 59]"
active_random,217,726,2055,35.32846715328467,0.7276264591439688,0.8351862145636464,"[0.7315175097276264, 0.7276264591439688, 0.7276264591439688, 0.7217898832684825, 0.7295719844357976, 0.7237354085603113, 0.7315175097276264]","[0.8326848249027238, 0.8365758754863813, 0.8365758754863813, 0.8346303501945526, 0.8346303501945526, 0.8326848249027238, 0.8385214007782101]",3,"[109, 3, 102]"
active_random,218,729,2055,35.47445255474452,0.7304057809894386,0.8357420789327403,"[0.7198443579766537, 0.7237354085603113, 0.7295719844357976, 0.7334630350194552, 0.7392996108949417, 0.7354085603112841, 0.7315175097276264]","[0.8346303501945526, 0.8424124513618677, 0.8385214007782101, 0.830739299610895, 0.8346303501945526, 0.8346303501945526, 0.8346303501945526]",3,"[81, 111, 123]"
active_random,219,732,2055,35.62043795620438,0.7284602556976099,0.8365758754863812,"[0.7217898832684825, 0.7276264591439688, 0.7315175097276264, 0.7198443579766537, 0.7334630350194552, 0.7354085603112841, 0.7295719844357976]","[0.8385214007782101, 0.8326848249027238, 0.8326848249027238, 0.8365758754863813, 0.8385214007782101, 0.8385214007782101, 0.8385214007782101]",3,"[240, 229, 234]"
active_random,220,735,2055,35.76642335766423,0.7312395775430796,0.8337965536409115,"[0.7392996108949417, 0.7315175097276264, 0.7237354085603113, 0.7276264591439688, 0.7276264591439688, 0.7392996108949417, 0.7295719844357976]","[0.8365758754863813, 0.8346303501945526, 0.8326848249027238, 0.8346303501945526, 0.8365758754863813, 0.830739299610895, 0.830739299610895]",3,"[234, 213, 5]"
active_random,221,738,2055,35.91240875912409,0.7284602556976097,0.8365758754863812,"[0.7276264591439688, 0.7334630350194552, 0.7276264591439688, 0.7178988326848249, 0.7315175097276264, 0.7334630350194552, 0.7276264591439688]","[0.830739299610895, 0.8365758754863813, 0.8424124513618677, 0.8346303501945526, 0.8404669260700389, 0.8346303501945526, 0.8365758754863813]",3,"[160, 240, 249]"
active_random,222,741,2055,36.058394160583944,0.7301278488048917,0.8340744858254585,"[0.7354085603112841, 0.7276264591439688, 0.7237354085603113, 0.72568093385214, 0.7392996108949417, 0.7276264591439688, 0.7315175097276264]","[0.8326848249027238, 0.8326848249027238, 0.8385214007782101, 0.8287937743190662, 0.8385214007782101, 0.8326848249027238, 0.8346303501945526]",3,"[61, 61, 93]"
active_random,223,744,2055,36.2043795620438,0.7237354085603113,0.8340744858254585,"[0.7217898832684825, 0.7237354085603113, 0.7237354085603113, 0.7198443579766537, 0.7276264591439688, 0.7334630350194552, 0.7159533073929961]","[0.8385214007782101, 0.830739299610895, 0.830739299610895, 0.8326848249027238, 0.8385214007782101, 0.8268482490272373, 0.8404669260700389]",3,"[6, 231, 3]"
active_random,224,747,2055,36.35036496350365,0.7340188993885493,0.8349082823790994,"[0.7354085603112841, 0.7354085603112841, 0.7315175097276264, 0.7334630350194552, 0.7373540856031129, 0.7373540856031129, 0.7276264591439688]","[0.830739299610895, 0.8385214007782101, 0.8326848249027238, 0.8346303501945526, 0.8326848249027238, 0.8346303501945526, 0.8404669260700389]",3,"[5, 3, 249]"
active_random,225,750,2055,36.496350364963504,0.7312395775430796,0.8329627570872706,"[0.7412451361867705, 0.7295719844357976, 0.7217898832684825, 0.72568093385214, 0.7431906614785992, 0.7334630350194552, 0.7237354085603113]","[0.8346303501945526, 0.8385214007782101, 0.830739299610895, 0.8287937743190662, 0.8365758754863813, 0.8268482490272373, 0.8346303501945526]",3,"[6, 3, 195]"
active_random,226,753,2055,36.64233576642336,0.7301278488048917,0.8346303501945525,"[0.7315175097276264, 0.72568093385214, 0.72568093385214, 0.7237354085603113, 0.7373540856031129, 0.7392996108949417, 0.7276264591439688]","[0.830739299610895, 0.8326848249027238, 0.8365758754863813, 0.8326848249027238, 0.8443579766536965, 0.830739299610895, 0.8346303501945526]",3,"[231, 5, 32]"
active_random,227,756,2055,36.78832116788321,0.7304057809894386,0.8301834352418008,"[0.7334630350194552, 0.7354085603112841, 0.7276264591439688, 0.7217898832684825, 0.7334630350194552, 0.7431906614785992, 0.7178988326848249]","[0.8249027237354085, 0.8346303501945526, 0.8268482490272373, 0.8268482490272373, 0.830739299610895, 0.8365758754863813, 0.830739299610895]",3,"[159, 191, 186]"
active_random,228,759,2055,36.934306569343065,0.7345747637576432,0.8304613674263478,"[0.7373540856031129, 0.7334630350194552, 0.7276264591439688, 0.7373540856031129, 0.7373540856031129, 0.745136186770428, 0.7237354085603113]","[0.8229571984435797, 0.830739299610895, 0.8326848249027238, 0.8268482490272373, 0.830739299610895, 0.8287937743190662, 0.8404669260700389]",3,"[125, 213, 217]"
active_random,229,762,2055,37.08029197080292,0.7340188993885493,0.8346303501945525,"[0.7334630350194552, 0.7334630350194552, 0.7412451361867705, 0.7315175097276264, 0.7315175097276264, 0.7315175097276264, 0.7354085603112841]","[0.8346303501945526, 0.8346303501945526, 0.8326848249027238, 0.8365758754863813, 0.8385214007782101, 0.8268482490272373, 0.8385214007782101]",3,"[5, 150, 154]"
active_random,230,765,2055,37.22627737226277,0.7376320177876599,0.8362979433018343,"[0.7373540856031129, 0.7373540856031129, 0.7334630350194552, 0.7334630350194552, 0.7431906614785992, 0.7431906614785992, 0.7354085603112841]","[0.8365758754863813, 0.8424124513618677, 0.8385214007782101, 0.8385214007782101, 0.8424124513618677, 0.8268482490272373, 0.8287937743190662]",3,"[110, 98, 61]"
active_random,231,768,2055,37.372262773722625,0.7395775430794886,0.838799332962757,"[0.7412451361867705, 0.7412451361867705, 0.745136186770428, 0.7295719844357976, 0.7276264591439688, 0.7490272373540856, 0.7431906614785992]","[0.8385214007782101, 0.8365758754863813, 0.8424124513618677, 0.8326848249027238, 0.8385214007782101, 0.8443579766536965, 0.8385214007782101]",3,"[186, 187, 179]"
active_random,232,771,2055,37.518248175182485,0.7398554752640356,0.8376876042245691,"[0.7373540856031129, 0.7373540856031129, 0.7412451361867705, 0.7392996108949417, 0.7431906614785992, 0.7431906614785992, 0.7373540856031129]","[0.8365758754863813, 0.8287937743190662, 0.8365758754863813, 0.8385214007782101, 0.8385214007782101, 0.8463035019455253, 0.8385214007782101]",3,"[3, 101, 96]"
active_random,233,774,2055,37.66423357664234,0.7370761534185659,0.8393551973318509,"[0.7315175097276264, 0.7412451361867705, 0.7412451361867705, 0.7315175097276264, 0.7392996108949417, 0.7373540856031129, 0.7373540856031129]","[0.8385214007782101, 0.8443579766536965, 0.8385214007782101, 0.830739299610895, 0.8463035019455253, 0.8443579766536965, 0.8326848249027238]",3,"[208, 245, 88]"
active_random,234,777,2055,37.81021897810219,0.7412451361867705,0.8371317398554752,"[0.7412451361867705, 0.7392996108949417, 0.7529182879377432, 0.745136186770428, 0.7354085603112841, 0.7470817120622568, 0.7276264591439688]","[0.8385214007782101, 0.8365758754863813, 0.8365758754863813, 0.8404669260700389, 0.8385214007782101, 0.8385214007782101, 0.830739299610895]",3,"[160, 187, 178]"
active_random,235,780,2055,37.956204379562045,0.7390216787103947,0.8410227904391328,"[0.7392996108949417, 0.7392996108949417, 0.745136186770428, 0.7392996108949417, 0.7315175097276264, 0.745136186770428, 0.7334630350194552]","[0.8463035019455253, 0.8463035019455253, 0.8424124513618677, 0.8385214007782101, 0.8346303501945526, 0.8404669260700389, 0.8385214007782101]",3,"[162, 234, 154]"
active_random,236,783,2055,38.1021897810219,0.7392996108949417,0.83852140077821,"[0.7431906614785992, 0.7431906614785992, 0.7276264591439688, 0.7373540856031129, 0.7412451361867705, 0.7431906614785992, 0.7392996108949417]","[0.8463035019455253, 0.8463035019455253, 0.8346303501945526, 0.8404669260700389, 0.8365758754863813, 0.8287937743190662, 0.8365758754863813]",3,"[104, 11, 213]"
active_random,237,786,2055,38.24817518248175,0.7392996108949417,0.839077265147304,"[0.7373540856031129, 0.7509727626459144, 0.7276264591439688, 0.7315175097276264, 0.7431906614785992, 0.7529182879377432, 0.7315175097276264]","[0.8404669260700389, 0.8424124513618677, 0.8404669260700389, 0.8424124513618677, 0.8326848249027238, 0.8346303501945526, 0.8404669260700389]",3,"[5, 3, 75]"
active_random,238,789,2055,38.394160583941606,0.7418010005558644,0.8465814341300721,"[0.7412451361867705, 0.7431906614785992, 0.7470817120622568, 0.7373540856031129, 0.745136186770428, 0.7412451361867705, 0.7373540856031129]","[0.8463035019455253, 0.8482490272373541, 0.8521400778210116, 0.8463035019455253, 0.8424124513618677, 0.8404669260700389, 0.8501945525291829]",3,"[172, 5, 5]"
active_random,239,792,2055,38.54014598540146,0.7390216787103947,0.8424124513618676,"[0.7373540856031129, 0.7354085603112841, 0.7354085603112841, 0.7373540856031129, 0.7431906614785992, 0.7412451361867705, 0.7431906614785992]","[0.8346303501945526, 0.8443579766536965, 0.8404669260700389, 0.8326848249027238, 0.8501945525291829, 0.8424124513618677, 0.8521400778210116]",3,"[5, 3, 3]"
active_random,240,795,2055,38.68613138686131,0.7395775430794886,0.8435241801000555,"[0.745136186770428, 0.7470817120622568, 0.7373540856031129, 0.7392996108949417, 0.7431906614785992, 0.745136186770428, 0.7198443579766537]","[0.8463035019455253, 0.8365758754863813, 0.8501945525291829, 0.8424124513618677, 0.8385214007782101, 0.8463035019455253, 0.8443579766536965]",3,"[195, 160, 11]"
active_random,241,798,2055,38.832116788321166,0.7418010005558644,0.838799332962757,"[0.7470817120622568, 0.7412451361867705, 0.7470817120622568, 0.7354085603112841, 0.7373540856031129, 0.754863813229572, 0.7295719844357976]","[0.8385214007782101, 0.8346303501945526, 0.8424124513618677, 0.8326848249027238, 0.8365758754863813, 0.8463035019455253, 0.8404669260700389]",3,"[5, 108, 43]"
active_random,242,801,2055,38.97810218978102,0.7443023902167871,0.839077265147304,"[0.7470817120622568, 0.7392996108949417, 0.745136186770428, 0.7373540856031129, 0.7373540856031129, 0.754863813229572, 0.7490272373540856]","[0.8385214007782101, 0.8287937743190662, 0.8463035019455253, 0.8463035019455253, 0.8385214007782101, 0.8326848249027238, 0.8424124513618677]",3,"[30, 3, 234]"
active_random,243,804,2055,39.12408759124087,0.7398554752640356,0.8443579766536964,"[0.7392996108949417, 0.7354085603112841, 0.7412451361867705, 0.7431906614785992, 0.7373540856031129, 0.7392996108949417, 0.7431906614785992]","[0.8443579766536965, 0.8385214007782101, 0.8482490272373541, 0.8365758754863813, 0.8521400778210116, 0.8424124513618677, 0.8482490272373541]",3,"[251, 187, 96]"
active_random,244,807,2055,39.27007299270073,0.7412451361867705,0.8396331295163979,"[0.7490272373540856, 0.7354085603112841, 0.7392996108949417, 0.7470817120622568, 0.7470817120622568, 0.7412451361867705, 0.7295719844357976]","[0.8404669260700389, 0.830739299610895, 0.8521400778210116, 0.8385214007782101, 0.8463035019455253, 0.8268482490272373, 0.8424124513618677]",3,"[5, 5, 15]"
active_random,245,810,2055,39.416058394160586,0.7406892718176765,0.8435241801000555,"[0.7431906614785992, 0.7431906614785992, 0.7412451361867705, 0.7392996108949417, 0.7412451361867705, 0.7431906614785992, 0.7334630350194552]","[0.8443579766536965, 0.8463035019455253, 0.8443579766536965, 0.8346303501945526, 0.8443579766536965, 0.8463035019455253, 0.8443579766536965]",3,"[84, 5, 208]"
active_random,246,813,2055,39.56204379562044,0.7387437465258477,0.8421345191773205,"[0.7412451361867705, 0.7354085603112841, 0.7392996108949417, 0.7373540856031129, 0.7354085603112841, 0.7431906614785992, 0.7392996108949417]","[0.8346303501945526, 0.8540856031128404, 0.8424124513618677, 0.8268482490272373, 0.8463035019455253, 0.8482490272373541, 0.8424124513618677]",3,"[5, 160, 151]"
active_random,247,816,2055,39.70802919708029,0.7443023902167871,0.8424124513618676,"[0.7529182879377432, 0.7392996108949417, 0.7412451361867705, 0.745136186770428, 0.7431906614785992, 0.754863813229572, 0.7334630350194552]","[0.8463035019455253, 0.8424124513618677, 0.8424124513618677, 0.8326848249027238, 0.8521400778210116, 0.8424124513618677, 0.8385214007782101]",3,"[159, 203, 245]"
active_random,248,819,2055,39.85401459854015,0.7440244580322402,0.8424124513618676,"[0.7354085603112841, 0.745136186770428, 0.7470817120622568, 0.7373540856031129, 0.7509727626459144, 0.745136186770428, 0.7470817120622568]","[0.8463035019455253, 0.8404669260700389, 0.8463035019455253, 0.8463035019455253, 0.8385214007782101, 0.8365758754863813, 0.8424124513618677]",3,"[231, 178, 40]"
active_random,249,822,2055,40.0,0.7398554752640356,0.8404669260700388,"[0.7412451361867705, 0.7412451361867705, 0.7412451361867705, 0.7315175097276264, 0.7412451361867705, 0.745136186770428, 0.7373540856031129]","[0.8404669260700389, 0.8424124513618677, 0.8463035019455253, 0.830739299610895, 0.8424124513618677, 0.8287937743190662, 0.8521400778210116]",3,"[2, 112, 125]"
active_random,250,825,2055,40.14598540145985,0.7445803224013341,0.8443579766536964,"[0.7470817120622568, 0.7392996108949417, 0.7431906614785992, 0.7470817120622568, 0.7412451361867705, 0.7529182879377432, 0.7412451361867705]","[0.8385214007782101, 0.8443579766536965, 0.8482490272373541, 0.8443579766536965, 0.8521400778210116, 0.8346303501945526, 0.8482490272373541]",3,"[125, 124, 208]"
active_random,251,828,2055,40.29197080291971,0.7434685936631462,0.8435241801000555,"[0.7392996108949417, 0.7509727626459144, 0.7392996108949417, 0.7392996108949417, 0.7431906614785992, 0.745136186770428, 0.7470817120622568]","[0.8424124513618677, 0.8463035019455253, 0.8404669260700389, 0.8424124513618677, 0.8463035019455253, 0.8424124513618677, 0.8443579766536965]",3,"[159, 125, 209]"
active_random,252,831,2055,40.43795620437956,0.7448582545858811,0.8432462479155085,"[0.7412451361867705, 0.7490272373540856, 0.7470817120622568, 0.7354085603112841, 0.7470817120622568, 0.7509727626459144, 0.7431906614785992]","[0.8424124513618677, 0.8443579766536965, 0.8443579766536965, 0.8326848249027238, 0.8540856031128404, 0.8365758754863813, 0.8482490272373541]",3,"[124, 125, 124]"
active_random,253,834,2055,40.583941605839414,0.7445803224013341,0.8401889938854918,"[0.7509727626459144, 0.7373540856031129, 0.7470817120622568, 0.7354085603112841, 0.7490272373540856, 0.7568093385214008, 0.7354085603112841]","[0.8482490272373541, 0.8346303501945526, 0.8443579766536965, 0.8365758754863813, 0.8385214007782101, 0.8365758754863813, 0.8424124513618677]",3,"[27, 124, 154]"
active_random,254,837,2055,40.72992700729927,0.7440244580322402,0.8449138410227903,"[0.7490272373540856, 0.7354085603112841, 0.7470817120622568, 0.7431906614785992, 0.745136186770428, 0.7392996108949417, 0.7490272373540856]","[0.8424124513618677, 0.8443579766536965, 0.8443579766536965, 0.8463035019455253, 0.8463035019455253, 0.8404669260700389, 0.8501945525291829]",3,"[189, 159, 3]"
active_random,255,840,2055,40.87591240875913,0.7445803224013341,0.8440800444691494,"[0.7431906614785992, 0.745136186770428, 0.745136186770428, 0.7431906614785992, 0.7412451361867705, 0.7509727626459144, 0.7431906614785992]","[0.8365758754863813, 0.8463035019455253, 0.8521400778210116, 0.8385214007782101, 0.8501945525291829, 0.8385214007782101, 0.8463035019455253]",3,"[4, 233, 231]"
active_random,256,843,2055,41.02189781021898,0.7443023902167871,0.8413007226236797,"[0.7490272373540856, 0.7490272373540856, 0.7431906614785992, 0.7354085603112841, 0.745136186770428, 0.7490272373540856, 0.7392996108949417]","[0.8463035019455253, 0.8521400778210116, 0.8424124513618677, 0.8346303501945526, 0.8404669260700389, 0.8365758754863813, 0.8365758754863813]",3,"[159, 158, 159]"
active_random,257,846,2055,41.167883211678834,0.7412451361867705,0.8421345191773206,"[0.7431906614785992, 0.7392996108949417, 0.7470817120622568, 0.7354085603112841, 0.7354085603112841, 0.7529182879377432, 0.7354085603112841]","[0.8424124513618677, 0.8443579766536965, 0.8424124513618677, 0.8385214007782101, 0.8404669260700389, 0.8385214007782101, 0.8482490272373541]",3,"[5, 145, 124]"
active_random,258,849,2055,41.31386861313869,0.7420789327404114,0.8438021122846024,"[0.7490272373540856, 0.7470817120622568, 0.745136186770428, 0.7334630350194552, 0.7412451361867705, 0.745136186770428, 0.7334630350194552]","[0.8443579766536965, 0.8443579766536965, 0.8404669260700389, 0.8424124513618677, 0.8424124513618677, 0.8443579766536965, 0.8482490272373541]",3,"[212, 198, 231]"
active_random,259,852,2055,41.45985401459854,0.7423568649249583,0.8440800444691494,"[0.7412451361867705, 0.7431906614785992, 0.7490272373540856, 0.7373540856031129, 0.7373540856031129, 0.7509727626459144, 0.7373540856031129]","[0.8443579766536965, 0.8482490272373541, 0.8424124513618677, 0.8404669260700389, 0.8404669260700389, 0.8385214007782101, 0.8540856031128404]",3,"[111, 125, 226]"
active_random,260,855,2055,41.605839416058394,0.7437465258476932,0.8438021122846024,"[0.7470817120622568, 0.7470817120622568, 0.7412451361867705, 0.7373540856031129, 0.7431906614785992, 0.7509727626459144, 0.7392996108949417]","[0.8482490272373541, 0.8482490272373541, 0.8521400778210116, 0.8287937743190662, 0.8443579766536965, 0.8385214007782101, 0.8463035019455253]",3,"[3, 6, 132]"
active_random,261,858,2055,41.75182481751825,0.7429127292940523,0.8421345191773206,"[0.745136186770428, 0.745136186770428, 0.7315175097276264, 0.745136186770428, 0.7392996108949417, 0.7509727626459144, 0.7431906614785992]","[0.8424124513618677, 0.8521400778210116, 0.8482490272373541, 0.8404669260700389, 0.8365758754863813, 0.8365758754863813, 0.8385214007782101]",3,"[204, 2, 150]"
active_random,262,861,2055,41.8978102189781,0.7401334074485826,0.8457476375764312,"[0.7412451361867705, 0.7392996108949417, 0.7470817120622568, 0.72568093385214, 0.7373540856031129, 0.7509727626459144, 0.7392996108949417]","[0.8443579766536965, 0.8501945525291829, 0.8501945525291829, 0.8365758754863813, 0.8443579766536965, 0.8385214007782101, 0.8560311284046692]",3,"[134, 211, 189]"
active_random,263,864,2055,42.043795620437955,0.7437465258476932,0.8460255697609782,"[0.745136186770428, 0.745136186770428, 0.745136186770428, 0.7315175097276264, 0.7490272373540856, 0.7509727626459144, 0.7392996108949417]","[0.8501945525291829, 0.8443579766536965, 0.8482490272373541, 0.8424124513618677, 0.8463035019455253, 0.8346303501945526, 0.8560311284046692]",3,"[202, 211, 93]"
active_random,264,867,2055,42.18978102189781,0.7437465258476932,0.8465814341300721,"[0.7470817120622568, 0.7373540856031129, 0.7490272373540856, 0.7412451361867705, 0.7373540856031129, 0.7529182879377432, 0.7412451361867705]","[0.8365758754863813, 0.8424124513618677, 0.8501945525291829, 0.8463035019455253, 0.8560311284046692, 0.8404669260700389, 0.8540856031128404]",3,"[97, 49, 222]"
active_random,265,870,2055,42.33576642335766,0.7412451361867705,0.8421345191773206,"[0.7431906614785992, 0.7373540856031129, 0.7490272373540856, 0.7334630350194552, 0.7392996108949417, 0.745136186770428, 0.7412451361867705]","[0.8424124513618677, 0.8463035019455253, 0.8482490272373541, 0.8365758754863813, 0.8346303501945526, 0.8346303501945526, 0.8521400778210116]",3,"[248, 103, 152]"
active_random,266,873,2055,42.481751824817515,0.7440244580322402,0.8488048916064479,"[0.745136186770428, 0.7412451361867705, 0.7490272373540856, 0.7354085603112841, 0.7373540856031129, 0.7490272373540856, 0.7509727626459144]","[0.8540856031128404, 0.8501945525291829, 0.8501945525291829, 0.8404669260700389, 0.8482490272373541, 0.8443579766536965, 0.8540856031128404]",3,"[66, 231, 119]"
active_random,267,876,2055,42.627737226277375,0.7479155086158977,0.8454697053918843,"[0.7470817120622568, 0.7529182879377432, 0.745136186770428, 0.7470817120622568, 0.7431906614785992, 0.7509727626459144, 0.7490272373540856]","[0.8501945525291829, 0.8560311284046692, 0.8463035019455253, 0.8385214007782101, 0.8443579766536965, 0.8365758754863813, 0.8463035019455253]",3,"[5, 3, 194]"
active_random,268,879,2055,42.77372262773723,0.7470817120622568,0.8510283490828237,"[0.7509727626459144, 0.7431906614785992, 0.7470817120622568, 0.7334630350194552, 0.745136186770428, 0.7509727626459144, 0.7587548638132295]","[0.8501945525291829, 0.8482490272373541, 0.8521400778210116, 0.8482490272373541, 0.8521400778210116, 0.8482490272373541, 0.857976653696498]",3,"[160, 27, 158]"
active_random,269,882,2055,42.91970802919708,0.7429127292940523,0.8471372984991662,"[0.7373540856031129, 0.754863813229572, 0.7412451361867705, 0.7412451361867705, 0.7315175097276264, 0.745136186770428, 0.7490272373540856]","[0.8463035019455253, 0.8463035019455253, 0.8424124513618677, 0.8424124513618677, 0.8501945525291829, 0.8424124513618677, 0.8599221789883269]",3,"[211, 29, 5]"
active_random,270,885,2055,43.065693430656935,0.7443023902167871,0.8460255697609782,"[0.7490272373540856, 0.7412451361867705, 0.745136186770428, 0.7373540856031129, 0.7490272373540856, 0.7412451361867705, 0.7470817120622568]","[0.8404669260700389, 0.8404669260700389, 0.8463035019455253, 0.8521400778210116, 0.8521400778210116, 0.8424124513618677, 0.8482490272373541]",3,"[155, 158, 164]"
active_random,271,888,2055,43.21167883211679,0.7501389660922735,0.8488048916064479,"[0.7568093385214008, 0.7392996108949417, 0.7431906614785992, 0.7509727626459144, 0.7470817120622568, 0.754863813229572, 0.7587548638132295]","[0.8501945525291829, 0.8404669260700389, 0.8501945525291829, 0.8443579766536965, 0.8463035019455253, 0.8521400778210116, 0.857976653696498]",3,"[66, 64, 5]"
active_random,272,891,2055,43.35766423357664,0.7470817120622568,0.8471372984991661,"[0.7490272373540856, 0.7373540856031129, 0.7490272373540856, 0.7568093385214008, 0.745136186770428, 0.7529182879377432, 0.7392996108949417]","[0.8482490272373541, 0.8501945525291829, 0.8424124513618677, 0.8404669260700389, 0.8463035019455253, 0.8463035019455253, 0.8560311284046692]",3,"[105, 5, 61]"
active_random,273,894,2055,43.503649635036496,0.7481934408004447,0.8460255697609782,"[0.7568093385214008, 0.7431906614785992, 0.7529182879377432, 0.7373540856031129, 0.7373540856031129, 0.7607003891050583, 0.7490272373540856]","[0.8482490272373541, 0.8463035019455253, 0.8424124513618677, 0.8404669260700389, 0.8521400778210116, 0.8385214007782101, 0.8540856031128404]",3,"[5, 5, 226]"
active_random,274,897,2055,43.64963503649635,0.7501389660922735,0.8488048916064479,"[0.7607003891050583, 0.7529182879377432, 0.7470817120622568, 0.745136186770428, 0.7470817120622568, 0.7509727626459144, 0.7470817120622568]","[0.8463035019455253, 0.8482490272373541, 0.8501945525291829, 0.8443579766536965, 0.8521400778210116, 0.8443579766536965, 0.8560311284046692]",3,"[146, 10, 158]"
active_random,275,900,2055,43.7956204379562,0.7481934408004447,0.848249027237354,"[0.7607003891050583, 0.745136186770428, 0.7509727626459144, 0.7373540856031129, 0.7490272373540856, 0.7529182879377432, 0.7412451361867705]","[0.8501945525291829, 0.8424124513618677, 0.8443579766536965, 0.8482490272373541, 0.8540856031128404, 0.8463035019455253, 0.8521400778210116]",3,"[4, 10, 211]"
active_random,276,903,2055,43.941605839416056,0.7537520844913841,0.84769316286826,"[0.754863813229572, 0.7587548638132295, 0.7490272373540856, 0.7470817120622568, 0.7490272373540856, 0.7587548638132295, 0.7587548638132295]","[0.8463035019455253, 0.8443579766536965, 0.8463035019455253, 0.8424124513618677, 0.8560311284046692, 0.8443579766536965, 0.8540856031128404]",3,"[207, 5, 108]"
active_random,277,906,2055,44.08759124087591,0.7512506948304614,0.8496386881600888,"[0.7529182879377432, 0.7529182879377432, 0.745136186770428, 0.754863813229572, 0.7470817120622568, 0.754863813229572, 0.7509727626459144]","[0.8501945525291829, 0.8540856031128404, 0.8501945525291829, 0.8501945525291829, 0.8443579766536965, 0.8463035019455253, 0.8521400778210116]",3,"[3, 20, 20]"
active_random,278,909,2055,44.23357664233577,0.7512506948304614,0.8454697053918843,"[0.7607003891050583, 0.7490272373540856, 0.7509727626459144, 0.7490272373540856, 0.7431906614785992, 0.7509727626459144, 0.754863813229572]","[0.8385214007782101, 0.8463035019455253, 0.8540856031128404, 0.8424124513618677, 0.8463035019455253, 0.8404669260700389, 0.8501945525291829]",3,"[11, 5, 5]"
active_random,279,912,2055,44.37956204379562,0.7556976097832129,0.8465814341300723,"[0.7665369649805448, 0.7587548638132295, 0.7529182879377432, 0.7490272373540856, 0.7509727626459144, 0.7568093385214008, 0.754863813229572]","[0.8482490272373541, 0.8443579766536965, 0.8424124513618677, 0.8443579766536965, 0.8443579766536965, 0.8424124513618677, 0.8599221789883269]",3,"[3, 231, 231]"
active_random,280,915,2055,44.52554744525548,0.7534741523068371,0.84769316286826,"[0.7587548638132295, 0.7470817120622568, 0.7587548638132295, 0.745136186770428, 0.754863813229572, 0.7587548638132295, 0.7509727626459144]","[0.8501945525291829, 0.8482490272373541, 0.8463035019455253, 0.8443579766536965, 0.8424124513618677, 0.8482490272373541, 0.8540856031128404]",3,"[231, 5, 3]"
active_random,281,918,2055,44.67153284671533,0.754307948860478,0.847415230683713,"[0.754863813229572, 0.7509727626459144, 0.754863813229572, 0.7529182879377432, 0.7509727626459144, 0.7587548638132295, 0.7568093385214008]","[0.8443579766536965, 0.8482490272373541, 0.8501945525291829, 0.8521400778210116, 0.8443579766536965, 0.8521400778210116, 0.8404669260700389]",3,"[249, 247, 3]"
active_random,282,921,2055,44.81751824817518,0.7601445247359644,0.848249027237354,"[0.7568093385214008, 0.7626459143968871, 0.7645914396887159, 0.754863813229572, 0.7607003891050583, 0.7684824902723736, 0.7529182879377432]","[0.8501945525291829, 0.8560311284046692, 0.8404669260700389, 0.8424124513618677, 0.8463035019455253, 0.8482490272373541, 0.8540856031128404]",3,"[64, 109, 101]"
active_random,283,924,2055,44.96350364963504,0.7568093385214008,0.8479710950528071,"[0.745136186770428, 0.7587548638132295, 0.7626459143968871, 0.7568093385214008, 0.754863813229572, 0.7607003891050583, 0.7587548638132295]","[0.8424124513618677, 0.8501945525291829, 0.8501945525291829, 0.8424124513618677, 0.8540856031128404, 0.8365758754863813, 0.8599221789883269]",3,"[231, 231, 3]"
active_random,284,927,2055,45.10948905109489,0.7587548638132295,0.847415230683713,"[0.7607003891050583, 0.745136186770428, 0.7665369649805448, 0.7529182879377432, 0.7529182879377432, 0.7645914396887159, 0.7684824902723736]","[0.8560311284046692, 0.8482490272373541, 0.8463035019455253, 0.8404669260700389, 0.8482490272373541, 0.8404669260700389, 0.8521400778210116]",3,"[249, 249, 247]"
active_random,285,930,2055,45.25547445255474,0.7581989994441356,0.8474152306837132,"[0.7665369649805448, 0.7529182879377432, 0.7587548638132295, 0.7587548638132295, 0.754863813229572, 0.7607003891050583, 0.754863813229572]","[0.8463035019455253, 0.8501945525291829, 0.8463035019455253, 0.8404669260700389, 0.8424124513618677, 0.8443579766536965, 0.8618677042801557]",3,"[245, 176, 246]"
active_random,286,933,2055,45.4014598540146,0.7559755419677598,0.8463035019455252,"[0.7568093385214008, 0.7587548638132295, 0.7587548638132295, 0.7490272373540856, 0.7509727626459144, 0.7568093385214008, 0.7607003891050583]","[0.8482490272373541, 0.8521400778210116, 0.8521400778210116, 0.8501945525291829, 0.8404669260700389, 0.8346303501945526, 0.8463035019455253]",3,"[184, 153, 122]"
active_random,287,936,2055,45.54744525547445,0.7598665925514174,0.848526959421901,"[0.7607003891050583, 0.754863813229572, 0.7645914396887159, 0.7529182879377432, 0.7607003891050583, 0.7607003891050583, 0.7645914396887159]","[0.8540856031128404, 0.8501945525291829, 0.8501945525291829, 0.8346303501945526, 0.8482490272373541, 0.8385214007782101, 0.8638132295719845]",3,"[231, 208, 5]"
active_random,288,939,2055,45.693430656934304,0.7587548638132295,0.8488048916064479,"[0.7607003891050583, 0.7529182879377432, 0.7587548638132295, 0.7568093385214008, 0.7607003891050583, 0.7568093385214008, 0.7645914396887159]","[0.8521400778210116, 0.857976653696498, 0.8482490272373541, 0.8404669260700389, 0.8443579766536965, 0.8404669260700389, 0.857976653696498]",3,"[51, 187, 3]"
active_random,289,942,2055,45.839416058394164,0.7593107281823235,0.8485269594219009,"[0.7704280155642024, 0.754863813229572, 0.7568093385214008, 0.7607003891050583, 0.754863813229572, 0.7568093385214008, 0.7607003891050583]","[0.8501945525291829, 0.8501945525291829, 0.8540856031128404, 0.8385214007782101, 0.8521400778210116, 0.8404669260700389, 0.8540856031128404]",3,"[212, 202, 190]"
active_random,290,945,2055,45.98540145985402,0.7568093385214008,0.8465814341300721,"[0.754863813229572, 0.7529182879377432, 0.754863813229572, 0.7568093385214008, 0.7509727626459144, 0.7626459143968871, 0.7645914396887159]","[0.8404669260700389, 0.8463035019455253, 0.8560311284046692, 0.8404669260700389, 0.8443579766536965, 0.8463035019455253, 0.8521400778210116]",3,"[131, 247, 114]"
active_random,291,948,2055,46.13138686131387,0.7573652028904947,0.8499166203446359,"[0.7490272373540856, 0.7587548638132295, 0.7607003891050583, 0.7509727626459144, 0.7607003891050583, 0.7665369649805448, 0.754863813229572]","[0.8521400778210116, 0.8482490272373541, 0.8463035019455253, 0.8521400778210116, 0.8540856031128404, 0.8365758754863813, 0.8599221789883269]",3,"[3, 50, 5]"
active_random,292,951,2055,46.277372262773724,0.7598665925514174,0.8490828237909949,"[0.7607003891050583, 0.7568093385214008, 0.7645914396887159, 0.7529182879377432, 0.7587548638132295, 0.7626459143968871, 0.7626459143968871]","[0.8463035019455253, 0.8540856031128404, 0.8482490272373541, 0.8463035019455253, 0.8501945525291829, 0.8443579766536965, 0.8540856031128404]",3,"[154, 203, 226]"
active_random,293,954,2055,46.42335766423358,0.7604224569205114,0.8426903835464146,"[0.7645914396887159, 0.7529182879377432, 0.754863813229572, 0.7587548638132295, 0.7568093385214008, 0.7626459143968871, 0.7723735408560312]","[0.8521400778210116, 0.8365758754863813, 0.8521400778210116, 0.8346303501945526, 0.8385214007782101, 0.8365758754863813, 0.8482490272373541]",3,"[182, 3, 90]"
active_random,294,957,2055,46.56934306569343,0.7559755419677598,0.8471372984991661,"[0.7626459143968871, 0.7529182879377432, 0.7509727626459144, 0.7490272373540856, 0.7587548638132295, 0.7645914396887159, 0.7529182879377432]","[0.8482490272373541, 0.8404669260700389, 0.8443579766536965, 0.8521400778210116, 0.8521400778210116, 0.8404669260700389, 0.8521400778210116]",3,"[3, 249, 3]"
active_random,295,960,2055,46.715328467153284,0.7604224569205114,0.8488048916064479,"[0.7645914396887159, 0.7607003891050583, 0.7645914396887159, 0.7529182879377432, 0.7645914396887159, 0.7607003891050583, 0.754863813229572]","[0.8385214007782101, 0.8618677042801557, 0.857976653696498, 0.8385214007782101, 0.8501945525291829, 0.8385214007782101, 0.8560311284046692]",3,"[231, 114, 212]"
active_random,296,963,2055,46.86131386861314,0.7579210672595886,0.8465814341300721,"[0.754863813229572, 0.7607003891050583, 0.7723735408560312, 0.7529182879377432, 0.7568093385214008, 0.754863813229572, 0.7529182879377432]","[0.8424124513618677, 0.8501945525291829, 0.8521400778210116, 0.8424124513618677, 0.8404669260700389, 0.8482490272373541, 0.8501945525291829]",3,"[139, 61, 187]"
active_random,297,966,2055,47.00729927007299,0.7565314063368538,0.8507504168982767,"[0.7626459143968871, 0.7645914396887159, 0.7470817120622568, 0.745136186770428, 0.7529182879377432, 0.7607003891050583, 0.7626459143968871]","[0.8501945525291829, 0.8482490272373541, 0.8463035019455253, 0.8463035019455253, 0.8560311284046692, 0.8521400778210116, 0.8560311284046692]",3,"[39, 190, 118]"
active_random,298,969,2055,47.153284671532845,0.754585881045025,0.8496386881600888,"[0.7626459143968871, 0.7529182879377432, 0.7568093385214008, 0.7470817120622568, 0.7490272373540856, 0.7607003891050583, 0.7529182879377432]","[0.8501945525291829, 0.8443579766536965, 0.8521400778210116, 0.8463035019455253, 0.8599221789883269, 0.8424124513618677, 0.8521400778210116]",3,"[124, 5, 5]"
active_random,299,972,2055,47.2992700729927,0.7618121178432462,0.8499166203446358,"[0.7645914396887159, 0.7645914396887159, 0.7587548638132295, 0.7490272373540856, 0.7607003891050583, 0.7723735408560312, 0.7626459143968871]","[0.8540856031128404, 0.8501945525291829, 0.8482490272373541, 0.8385214007782101, 0.857976653696498, 0.8443579766536965, 0.8560311284046692]",3,"[125, 36, 124]"
active_random,300,975,2055,47.44525547445255,0.7604224569205114,0.8485269594219009,"[0.7645914396887159, 0.7568093385214008, 0.754863813229572, 0.7645914396887159, 0.7568093385214008, 0.7607003891050583, 0.7645914396887159]","[0.8599221789883269, 0.8482490272373541, 0.8443579766536965, 0.8424124513618677, 0.8521400778210116, 0.8404669260700389, 0.8521400778210116]",3,"[117, 125, 125]"
active_random,301,978,2055,47.59124087591241,0.7609783212896053,0.8521400778210115,"[0.7607003891050583, 0.7607003891050583, 0.7490272373540856, 0.7607003891050583, 0.7607003891050583, 0.7665369649805448, 0.7684824902723736]","[0.8501945525291829, 0.8540856031128404, 0.8501945525291829, 0.8482490272373541, 0.8560311284046692, 0.8482490272373541, 0.857976653696498]",3,"[25, 5, 249]"
active_random,302,981,2055,47.737226277372265,0.7643135075041689,0.8532518065591995,"[0.7607003891050583, 0.7587548638132295, 0.77431906614786, 0.7684824902723736, 0.7568093385214008, 0.7684824902723736, 0.7626459143968871]","[0.8501945525291829, 0.8540856031128404, 0.857976653696498, 0.8463035019455253, 0.8501945525291829, 0.8501945525291829, 0.8638132295719845]",3,"[45, 28, 129]"
active_random,303,984,2055,47.88321167883212,0.7645914396887159,0.8543635352973873,"[0.7607003891050583, 0.7626459143968871, 0.7684824902723736, 0.7645914396887159, 0.7626459143968871, 0.77431906614786, 0.7587548638132295]","[0.8540856031128404, 0.8657587548638133, 0.857976653696498, 0.8599221789883269, 0.8501945525291829, 0.8424124513618677, 0.8501945525291829]",3,"[154, 231, 38]"
active_random,304,987,2055,48.02919708029197,0.7670928293496386,0.8504724847137297,"[0.7645914396887159, 0.7684824902723736, 0.7645914396887159, 0.7665369649805448, 0.7684824902723736, 0.7645914396887159, 0.7723735408560312]","[0.8463035019455253, 0.8560311284046692, 0.8501945525291829, 0.8424124513618677, 0.8540856031128404, 0.8482490272373541, 0.8560311284046692]",3,"[203, 220, 6]"
active_random,305,990,2055,48.175182481751825,0.7629238465814341,0.8521400778210116,"[0.7645914396887159, 0.7645914396887159, 0.7607003891050583, 0.7568093385214008, 0.7568093385214008, 0.77431906614786, 0.7626459143968871]","[0.8521400778210116, 0.857976653696498, 0.8501945525291829, 0.8501945525291829, 0.8463035019455253, 0.8463035019455253, 0.8618677042801557]",3,"[102, 24, 5]"
active_random,306,993,2055,48.32116788321168,0.7620900500277932,0.8493607559755418,"[0.7568093385214008, 0.754863813229572, 0.7684824902723736, 0.7704280155642024, 0.754863813229572, 0.7626459143968871, 0.7665369649805448]","[0.8501945525291829, 0.857976653696498, 0.8501945525291829, 0.8404669260700389, 0.8482490272373541, 0.8482490272373541, 0.8501945525291829]",3,"[248, 154, 5]"
active_random,307,996,2055,48.46715328467153,0.7618121178432462,0.8501945525291827,"[0.7665369649805448, 0.7684824902723736, 0.7645914396887159, 0.7529182879377432, 0.7645914396887159, 0.7568093385214008, 0.7587548638132295]","[0.857976653696498, 0.8443579766536965, 0.8501945525291829, 0.8404669260700389, 0.8540856031128404, 0.8501945525291829, 0.8540856031128404]",3,"[5, 36, 18]"
active_random,308,999,2055,48.613138686131386,0.7665369649805447,0.8507504168982767,"[0.7568093385214008, 0.7645914396887159, 0.7782101167315175, 0.7645914396887159, 0.7665369649805448, 0.7607003891050583, 0.77431906614786]","[0.8560311284046692, 0.8560311284046692, 0.8501945525291829, 0.8404669260700389, 0.8521400778210116, 0.8501945525291829, 0.8501945525291829]",3,"[18, 61, 127]"
active_random,309,1002,2055,48.75912408759124,0.7662590327959977,0.8529738743746524,"[0.7645914396887159, 0.7704280155642024, 0.7684824902723736, 0.7607003891050583, 0.7665369649805448, 0.7626459143968871, 0.7704280155642024]","[0.8540856031128404, 0.8521400778210116, 0.8463035019455253, 0.8501945525291829, 0.857976653696498, 0.8521400778210116, 0.857976653696498]",3,"[80, 166, 154]"
active_random,310,1005,2055,48.90510948905109,0.7612562534741523,0.8557531962201221,"[0.7568093385214008, 0.7626459143968871, 0.7645914396887159, 0.7568093385214008, 0.754863813229572, 0.77431906614786, 0.7587548638132295]","[0.857976653696498, 0.8657587548638133, 0.857976653696498, 0.8501945525291829, 0.8560311284046692, 0.8482490272373541, 0.8540856031128404]",3,"[5, 61, 102]"
active_random,311,1008,2055,49.051094890510946,0.7626459143968871,0.8546414674819344,"[0.7626459143968871, 0.7587548638132295, 0.7626459143968871, 0.7568093385214008, 0.7704280155642024, 0.7665369649805448, 0.7607003891050583]","[0.857976653696498, 0.8482490272373541, 0.8540856031128404, 0.8501945525291829, 0.8540856031128404, 0.857976653696498, 0.8599221789883269]",3,"[195, 77, 3]"
active_random,312,1011,2055,49.197080291970806,0.763479710950528,0.8532518065591994,"[0.7626459143968871, 0.7645914396887159, 0.7626459143968871, 0.754863813229572, 0.7645914396887159, 0.7645914396887159, 0.7704280155642024]","[0.8560311284046692, 0.857976653696498, 0.8560311284046692, 0.8482490272373541, 0.8540856031128404, 0.8443579766536965, 0.8560311284046692]",3,"[240, 3, 5]"
active_random,313,1014,2055,49.34306569343066,0.7673707615341857,0.8557531962201221,"[0.7704280155642024, 0.7665369649805448, 0.7723735408560312, 0.7684824902723736, 0.7509727626459144, 0.77431906614786, 0.7684824902723736]","[0.8599221789883269, 0.857976653696498, 0.857976653696498, 0.8501945525291829, 0.857976653696498, 0.8482490272373541, 0.857976653696498]",3,"[5, 77, 108]"
active_random,314,1017,2055,49.48905109489051,0.7659811006114507,0.8488048916064479,"[0.7665369649805448, 0.7665369649805448, 0.7607003891050583, 0.7568093385214008, 0.77431906614786, 0.7684824902723736, 0.7684824902723736]","[0.857976653696498, 0.8540856031128404, 0.8443579766536965, 0.8443579766536965, 0.8501945525291829, 0.8385214007782101, 0.8521400778210116]",3,"[249, 3, 9]"
active_random,315,1020,2055,49.63503649635037,0.764035575319622,0.8501945525291829,"[0.7704280155642024, 0.7568093385214008, 0.7645914396887159, 0.7704280155642024, 0.7626459143968871, 0.7626459143968871, 0.7607003891050583]","[0.8521400778210116, 0.8599221789883269, 0.8501945525291829, 0.8424124513618677, 0.8501945525291829, 0.8365758754863813, 0.8599221789883269]",3,"[51, 81, 3]"
active_random,316,1023,2055,49.78102189781022,0.7654252362423568,0.8574207893274041,"[0.7704280155642024, 0.7568093385214008, 0.7645914396887159, 0.7645914396887159, 0.7607003891050583, 0.7762645914396887, 0.7645914396887159]","[0.8521400778210116, 0.8599221789883269, 0.8618677042801557, 0.857976653696498, 0.8560311284046692, 0.8521400778210116, 0.8618677042801557]",3,"[15, 115, 5]"
active_random,317,1026,2055,49.92700729927007,0.7020566981656475,0.8440800444691494,"[0.7003891050583657, 0.7217898832684825, 0.6770428015564203, 0.6634241245136187, 0.7509727626459144, 0.7237354085603113, 0.6770428015564203]","[0.8521400778210116, 0.8501945525291829, 0.830739299610895, 0.8365758754863813, 0.8560311284046692, 0.8326848249027238, 0.8501945525291829]",3,"[249, 77, 5]"
active_random,318,1029,2055,50.07299270072993,0.6742634797109506,0.8335186214563646,"[0.708171206225681, 0.7042801556420234, 0.622568093385214, 0.6984435797665369, 0.6517509727626459, 0.6926070038910506, 0.642023346303502]","[0.8171206225680934, 0.8365758754863813, 0.8404669260700389, 0.830739299610895, 0.8365758754863813, 0.830739299610895, 0.8424124513618677]",3,"[146, 146, 222]"
active_random,319,1032,2055,50.21897810218978,0.6973318510283492,0.8371317398554752,"[0.708171206225681, 0.6575875486381323, 0.7198443579766537, 0.6828793774319066, 0.6848249027237354, 0.708171206225681, 0.7198443579766537]","[0.8365758754863813, 0.8249027237354085, 0.8404669260700389, 0.830739299610895, 0.8540856031128404, 0.8385214007782101, 0.8346303501945526]",3,"[26, 65, 187]"
active_random,320,1035,2055,50.36496350364963,0.7190105614230129,0.8426903835464146,"[0.7509727626459144, 0.7295719844357976, 0.7178988326848249, 0.6867704280155642, 0.6867704280155642, 0.7120622568093385, 0.7490272373540856]","[0.8463035019455253, 0.8385214007782101, 0.8482490272373541, 0.8326848249027238, 0.8346303501945526, 0.8443579766536965, 0.8540856031128404]",3,"[64, 186, 103]"
active_random,321,1038,2055,50.51094890510949,0.7090050027793219,0.8446359088382434,"[0.7003891050583657, 0.6848249027237354, 0.7237354085603113, 0.7101167315175098, 0.708171206225681, 0.7178988326848249, 0.7178988326848249]","[0.8482490272373541, 0.8463035019455253, 0.8404669260700389, 0.8365758754863813, 0.8424124513618677, 0.8501945525291829, 0.8482490272373541]",3,"[131, 234, 111]"
active_random,322,1041,2055,50.65693430656934,0.7048360200111173,0.8410227904391328,"[0.7101167315175098, 0.7334630350194552, 0.708171206225681, 0.6926070038910506, 0.6964980544747081, 0.669260700389105, 0.7237354085603113]","[0.8463035019455253, 0.8424124513618677, 0.8424124513618677, 0.830739299610895, 0.8385214007782101, 0.8501945525291829, 0.8365758754863813]",3,"[204, 103, 226]"
active_random,323,1044,2055,50.802919708029194,0.7276264591439688,0.847971095052807,"[0.7237354085603113, 0.7334630350194552, 0.7217898832684825, 0.7354085603112841, 0.7295719844357976, 0.7217898832684825, 0.7276264591439688]","[0.8443579766536965, 0.8501945525291829, 0.8443579766536965, 0.8482490272373541, 0.8482490272373541, 0.8521400778210116, 0.8482490272373541]",3,"[203, 138, 29]"
active_random,324,1047,2055,50.948905109489054,0.7376320177876599,0.847971095052807,"[0.7587548638132295, 0.7431906614785992, 0.7237354085603113, 0.7295719844357976, 0.7334630350194552, 0.7490272373540856, 0.72568093385214]","[0.8463035019455253, 0.8443579766536965, 0.8463035019455253, 0.8404669260700389, 0.8482490272373541, 0.8521400778210116, 0.857976653696498]",3,"[233, 0, 61]"
active_random,325,1050,2055,51.09489051094891,0.7326292384658144,0.8449138410227903,"[0.72568093385214, 0.7217898832684825, 0.7509727626459144, 0.745136186770428, 0.7392996108949417, 0.7217898832684825, 0.7237354085603113]","[0.8443579766536965, 0.8404669260700389, 0.8424124513618677, 0.8501945525291829, 0.8424124513618677, 0.8443579766536965, 0.8501945525291829]",3,"[105, 123, 3]"
active_random,326,1053,2055,51.24087591240876,0.7337409672040023,0.8526959421901055,"[0.7373540856031129, 0.7373540856031129, 0.7334630350194552, 0.7198443579766537, 0.745136186770428, 0.7354085603112841, 0.7276264591439688]","[0.8560311284046692, 0.8540856031128404, 0.8521400778210116, 0.8560311284046692, 0.8424124513618677, 0.8540856031128404, 0.8540856031128404]",3,"[66, 113, 62]"
active_random,327,1056,2055,51.386861313868614,0.7373540856031129,0.847415230683713,"[0.7159533073929961, 0.7431906614785992, 0.745136186770428, 0.72568093385214, 0.7412451361867705, 0.7470817120622568, 0.7431906614785992]","[0.8482490272373541, 0.8404669260700389, 0.8443579766536965, 0.8501945525291829, 0.8346303501945526, 0.8599221789883269, 0.8540856031128404]",3,"[4, 222, 3]"
active_random,328,1059,2055,51.53284671532847,0.7426347971095053,0.8521400778210115,"[0.7354085603112841, 0.754863813229572, 0.7470817120622568, 0.7490272373540856, 0.7392996108949417, 0.7470817120622568, 0.72568093385214]","[0.8482490272373541, 0.8540856031128404, 0.8482490272373541, 0.8638132295719845, 0.8618677042801557, 0.8463035019455253, 0.8424124513618677]",3,"[240, 176, 249]"
active_random,329,1062,2055,51.67883211678832,0.7398554752640356,0.8529738743746526,"[0.7509727626459144, 0.7178988326848249, 0.754863813229572, 0.7354085603112841, 0.7431906614785992, 0.7315175097276264, 0.745136186770428]","[0.8540856031128404, 0.8463035019455253, 0.8501945525291829, 0.8482490272373541, 0.857976653696498, 0.8501945525291829, 0.8638132295719845]",3,"[248, 2, 186]"
active_random,330,1065,2055,51.824817518248175,0.745414118954975,0.8468593663146191,"[0.7470817120622568, 0.7315175097276264, 0.7392996108949417, 0.7354085603112841, 0.7529182879377432, 0.7645914396887159, 0.7470817120622568]","[0.8365758754863813, 0.8482490272373541, 0.8443579766536965, 0.8638132295719845, 0.8463035019455253, 0.8385214007782101, 0.8501945525291829]",3,"[96, 240, 138]"
active_random,331,1068,2055,51.97080291970803,0.7418010005558644,0.8490828237909949,"[0.7607003891050583, 0.7412451361867705, 0.7354085603112841, 0.7315175097276264, 0.7354085603112841, 0.7490272373540856, 0.7392996108949417]","[0.8424124513618677, 0.8482490272373541, 0.8424124513618677, 0.857976653696498, 0.8463035019455253, 0.8521400778210116, 0.8540856031128404]",3,"[66, 205, 236]"
active_random,332,1071,2055,52.11678832116788,0.7501389660922735,0.8490828237909949,"[0.7470817120622568, 0.7412451361867705, 0.7568093385214008, 0.7470817120622568, 0.7509727626459144, 0.7529182879377432, 0.754863813229572]","[0.8521400778210116, 0.8560311284046692, 0.8482490272373541, 0.8424124513618677, 0.8424124513618677, 0.8443579766536965, 0.857976653696498]",3,"[104, 208, 226]"
active_random,333,1074,2055,52.262773722627735,0.7481934408004447,0.8560311284046691,"[0.7529182879377432, 0.7315175097276264, 0.7684824902723736, 0.7470817120622568, 0.7334630350194552, 0.7568093385214008, 0.7470817120622568]","[0.8560311284046692, 0.8560311284046692, 0.8618677042801557, 0.8560311284046692, 0.8560311284046692, 0.8540856031128404, 0.8521400778210116]",3,"[222, 249, 237]"
active_random,334,1077,2055,52.40875912408759,0.7418010005558644,0.8521400778210115,"[0.7412451361867705, 0.7295719844357976, 0.7490272373540856, 0.745136186770428, 0.7295719844357976, 0.7568093385214008, 0.7412451361867705]","[0.8521400778210116, 0.8521400778210116, 0.8521400778210116, 0.8540856031128404, 0.8501945525291829, 0.8463035019455253, 0.857976653696498]",3,"[160, 238, 249]"
active_random,335,1080,2055,52.55474452554745,0.7529182879377432,0.8471372984991661,"[0.754863813229572, 0.7373540856031129, 0.77431906614786, 0.7470817120622568, 0.7587548638132295, 0.7412451361867705, 0.7568093385214008]","[0.8385214007782101, 0.8501945525291829, 0.8560311284046692, 0.8404669260700389, 0.8501945525291829, 0.8443579766536965, 0.8501945525291829]",3,"[179, 3, 247]"
active_random,336,1083,2055,52.7007299270073,0.7523624235686492,0.8532518065591995,"[0.7509727626459144, 0.754863813229572, 0.7704280155642024, 0.7295719844357976, 0.7568093385214008, 0.745136186770428, 0.7587548638132295]","[0.8521400778210116, 0.8540856031128404, 0.8521400778210116, 0.8463035019455253, 0.8521400778210116, 0.8560311284046692, 0.8599221789883269]",3,"[127, 248, 249]"
active_random,337,1086,2055,52.846715328467155,0.7584769316286826,0.8515842134519176,"[0.7607003891050583, 0.7684824902723736, 0.7431906614785992, 0.7587548638132295, 0.7509727626459144, 0.7665369649805448, 0.7607003891050583]","[0.8482490272373541, 0.867704280155642, 0.8560311284046692, 0.8443579766536965, 0.8482490272373541, 0.8443579766536965, 0.8521400778210116]",3,"[231, 124, 249]"
active_random,338,1089,2055,52.99270072992701,0.7565314063368538,0.8490828237909949,"[0.7607003891050583, 0.7373540856031129, 0.7568093385214008, 0.7626459143968871, 0.7529182879377432, 0.7684824902723736, 0.7568093385214008]","[0.8521400778210116, 0.8463035019455253, 0.8521400778210116, 0.8463035019455253, 0.8463035019455253, 0.8501945525291829, 0.8501945525291829]",3,"[102, 11, 11]"
active_random,339,1092,2055,53.13868613138686,0.7540300166759311,0.8560311284046691,"[0.7431906614785992, 0.7470817120622568, 0.7509727626459144, 0.754863813229572, 0.7626459143968871, 0.7607003891050583, 0.7587548638132295]","[0.8618677042801557, 0.8463035019455253, 0.8560311284046692, 0.8540856031128404, 0.857976653696498, 0.857976653696498, 0.857976653696498]",3,"[211, 222, 3]"
active_random,340,1095,2055,53.284671532846716,0.7662590327959977,0.8515842134519177,"[0.7684824902723736, 0.7587548638132295, 0.7762645914396887, 0.7704280155642024, 0.7607003891050583, 0.7645914396887159, 0.7645914396887159]","[0.8540856031128404, 0.8443579766536965, 0.8599221789883269, 0.8424124513618677, 0.8540856031128404, 0.8404669260700389, 0.8657587548638133]",3,"[234, 194, 124]"
active_random,341,1098,2055,53.43065693430657,0.7601445247359644,0.8563090605892162,"[0.7645914396887159, 0.7568093385214008, 0.7684824902723736, 0.7626459143968871, 0.7568093385214008, 0.7490272373540856, 0.7626459143968871]","[0.857976653696498, 0.8560311284046692, 0.8560311284046692, 0.857976653696498, 0.8521400778210116, 0.8501945525291829, 0.8638132295719845]",3,"[222, 3, 90]"
active_random,342,1101,2055,53.57664233576642,0.7626459143968871,0.8529738743746526,"[0.7626459143968871, 0.7723735408560312, 0.7782101167315175, 0.7626459143968871, 0.754863813229572, 0.7470817120622568, 0.7607003891050583]","[0.8540856031128404, 0.8618677042801557, 0.8560311284046692, 0.8482490272373541, 0.8599221789883269, 0.8385214007782101, 0.8521400778210116]",3,"[46, 240, 3]"
active_random,343,1104,2055,53.722627737226276,0.754585881045025,0.8507504168982767,"[0.7490272373540856, 0.7723735408560312, 0.7645914396887159, 0.7354085603112841, 0.7626459143968871, 0.7626459143968871, 0.7354085603112841]","[0.8463035019455253, 0.8443579766536965, 0.8599221789883269, 0.8463035019455253, 0.8560311284046692, 0.8540856031128404, 0.8482490272373541]",3,"[205, 171, 3]"
active_random,344,1107,2055,53.86861313868613,0.7579210672595886,0.8576987215119514,"[0.7568093385214008, 0.754863813229572, 0.7626459143968871, 0.7392996108949417, 0.7607003891050583, 0.77431906614786, 0.7568093385214008]","[0.8463035019455253, 0.8599221789883269, 0.8521400778210116, 0.8599221789883269, 0.8618677042801557, 0.8618677042801557, 0.8618677042801557]",3,"[130, 231, 61]"
active_random,345,1110,2055,54.01459854014598,0.7662590327959977,0.8638132295719847,"[0.7607003891050583, 0.7723735408560312, 0.7684824902723736, 0.7626459143968871, 0.7684824902723736, 0.7665369649805448, 0.7645914396887159]","[0.8599221789883269, 0.8715953307392996, 0.8638132295719845, 0.8618677042801557, 0.8618677042801557, 0.8599221789883269, 0.867704280155642]",3,"[231, 238, 103]"
active_random,346,1113,2055,54.160583941605836,0.7720956086714841,0.8582545858810449,"[0.7645914396887159, 0.7607003891050583, 0.7879377431906615, 0.7704280155642024, 0.7723735408560312, 0.7684824902723736, 0.7801556420233463]","[0.857976653696498, 0.8501945525291829, 0.8657587548638133, 0.8560311284046692, 0.8638132295719845, 0.8618677042801557, 0.8521400778210116]",3,"[231, 5, 231]"
active_random,347,1116,2055,54.306569343065696,0.7687604224569204,0.8599221789883268,"[0.7762645914396887, 0.7626459143968871, 0.77431906614786, 0.7568093385214008, 0.7645914396887159, 0.7821011673151751, 0.7645914396887159]","[0.8618677042801557, 0.867704280155642, 0.8638132295719845, 0.8521400778210116, 0.8521400778210116, 0.8618677042801557, 0.8599221789883269]",3,"[120, 211, 5]"
active_random,348,1119,2055,54.45255474452555,0.7704280155642024,0.861033907726515,"[0.7665369649805448, 0.7684824902723736, 0.7704280155642024, 0.7801556420233463, 0.7626459143968871, 0.7723735408560312, 0.7723735408560312]","[0.8599221789883269, 0.8560311284046692, 0.8599221789883269, 0.8618677042801557, 0.8618677042801557, 0.8599221789883269, 0.867704280155642]",3,"[120, 138, 172]"
active_random,349,1122,2055,54.5985401459854,0.7704280155642023,0.857976653696498,"[0.7665369649805448, 0.7645914396887159, 0.7782101167315175, 0.7587548638132295, 0.7762645914396887, 0.7762645914396887, 0.7723735408560312]","[0.8618677042801557, 0.857976653696498, 0.8501945525291829, 0.8599221789883269, 0.8618677042801557, 0.8540856031128404, 0.8599221789883269]",3,"[222, 20, 246]"
active_random,350,1125,2055,54.74452554744526,0.7668148971650917,0.8593663146192332,"[0.7645914396887159, 0.7645914396887159, 0.7587548638132295, 0.7782101167315175, 0.7723735408560312, 0.7626459143968871, 0.7665369649805448]","[0.8618677042801557, 0.8657587548638133, 0.8540856031128404, 0.8521400778210116, 0.8618677042801557, 0.8599221789883269, 0.8599221789883269]",3,"[158, 64, 5]"
active_ordered,1,77,2055,3.7469586374695862,0.2762645914396887,0.367982212340189,"[0.2587548638132296, 0.2704280155642023, 0.29571984435797666, 0.27626459143968873, 0.2801556420233463, 0.26848249027237353, 0.2840466926070039]","[0.36770428015564205, 0.3657587548638132, 0.3754863813229572, 0.3657587548638132, 0.36186770428015563, 0.36770428015564205, 0.3715953307392996]",3,[]
active_ordered,2,80,2055,3.8929440389294405,0.28571428571428564,0.38410227904391325,"[0.2840466926070039, 0.28793774319066145, 0.29377431906614787, 0.2840466926070039, 0.2821011673151751, 0.2801556420233463, 0.28793774319066145]","[0.3754863813229572, 0.37937743190661477, 0.3832684824902724, 0.38910505836575876, 0.38910505836575876, 0.38132295719844356, 0.39105058365758755]",3,"[212, 240, 233]"
active_ordered,3,83,2055,4.038929440389294,0.2932184546970539,0.3877153974430239,"[0.28793774319066145, 0.2918287937743191, 0.29766536964980544, 0.311284046692607, 0.29961089494163423, 0.27431906614785995, 0.2898832684824903]","[0.3832684824902724, 0.3852140077821012, 0.3968871595330739, 0.38910505836575876, 0.3852140077821012, 0.39105058365758755, 0.3832684824902724]",3,"[198, 83, 127]"
active_ordered,4,86,2055,4.184914841849149,0.30044469149527514,0.4113396331295163,"[0.311284046692607, 0.3093385214007782, 0.29961089494163423, 0.29571984435797666, 0.29961089494163423, 0.29766536964980544, 0.2898832684824903]","[0.41050583657587547, 0.41245136186770426, 0.4182879377431907, 0.41050583657587547, 0.4143968871595331, 0.4085603112840467, 0.4046692607003891]",3,"[249, 246, 243]"
active_ordered,5,89,2055,4.330900243309002,0.3146192329071707,0.41467481934408,"[0.3151750972762646, 0.3093385214007782, 0.3229571984435798, 0.31906614785992216, 0.321011673151751, 0.3035019455252918, 0.311284046692607]","[0.41050583657587547, 0.41245136186770426, 0.4163424124513619, 0.4163424124513619, 0.4163424124513619, 0.42023346303501946, 0.41050583657587547]",3,"[249, 181, 249]"
active_ordered,6,92,2055,4.476885644768856,0.31489716509171756,0.42078932740411334,"[0.3151750972762646, 0.3151750972762646, 0.31906614785992216, 0.31712062256809337, 0.3229571984435798, 0.311284046692607, 0.3035019455252918]","[0.4182879377431907, 0.42217898832684825, 0.42217898832684825, 0.42412451361867703, 0.42217898832684825, 0.4143968871595331, 0.42217898832684825]",3,"[222, 187, 75]"
active_ordered,7,95,2055,4.622871046228711,0.3198999444135631,0.42329071706503607,"[0.31906614785992216, 0.31712062256809337, 0.3151750972762646, 0.3229571984435798, 0.32490272373540857, 0.33073929961089493, 0.3093385214007782]","[0.42023346303501946, 0.4143968871595331, 0.42412451361867703, 0.4280155642023346, 0.42217898832684825, 0.4280155642023346, 0.4260700389105058]",3,"[94, 39, 61]"
active_ordered,8,98,2055,4.768856447688565,0.33324068927181766,0.43496386881600885,"[0.33657587548638135, 0.32879377431906615, 0.33852140077821014, 0.32879377431906615, 0.3346303501945525, 0.32490272373540857, 0.3404669260700389]","[0.433852140077821, 0.4377431906614786, 0.433852140077821, 0.433852140077821, 0.4396887159533074, 0.4280155642023346, 0.4377431906614786]",3,"[45, 155, 124]"
active_ordered,9,101,2055,4.914841849148418,0.3476931628682602,0.45803224013340754,"[0.3463035019455253, 0.3404669260700389, 0.3463035019455253, 0.36186770428015563, 0.3521400778210117, 0.33073929961089493, 0.3560311284046693]","[0.4571984435797665, 0.46108949416342415, 0.45330739299610895, 0.46303501945525294, 0.45525291828793774, 0.4571984435797665, 0.4591439688715953]",3,"[198, 186, 249]"
active_ordered,10,104,2055,5.0608272506082725,0.35630906058921624,0.4546970539188439,"[0.3560311284046693, 0.35797665369649806, 0.35797665369649806, 0.3443579766536965, 0.34824902723735407, 0.35992217898832685, 0.36964980544747084]","[0.45525291828793774, 0.45525291828793774, 0.46108949416342415, 0.46303501945525294, 0.4455252918287938, 0.45330739299610895, 0.4494163424124514]",3,"[189, 7, 79]"
active_ordered,11,107,2055,5.206812652068127,0.3738187882156754,0.4855475264035576,"[0.36964980544747084, 0.3754863813229572, 0.377431906614786, 0.377431906614786, 0.36964980544747084, 0.3735408560311284, 0.3735408560311284]","[0.48443579766536965, 0.49221789883268485, 0.48638132295719844, 0.4785992217898833, 0.49416342412451364, 0.4805447470817121, 0.48249027237354086]",3,"[233, 231, 240]"
active_ordered,12,110,2055,5.35279805352798,0.37131739855475265,0.48443579766536965,"[0.35797665369649806, 0.3657587548638132, 0.36770428015564205, 0.3715953307392996, 0.38910505836575876, 0.3715953307392996, 0.3754863813229572]","[0.4766536964980545, 0.48638132295719844, 0.4883268482490272, 0.490272373540856, 0.4785992217898833, 0.48638132295719844, 0.48443579766536965]",3,"[25, 222, 55]"
active_ordered,13,113,2055,5.4987834549878345,0.38688160088938295,0.5105614230127848,"[0.38910505836575876, 0.38715953307393, 0.377431906614786, 0.39299610894941633, 0.39299610894941633, 0.39105058365758755, 0.377431906614786]","[0.5038910505836576, 0.5097276264591439, 0.5097276264591439, 0.5038910505836576, 0.5097276264591439, 0.5155642023346303, 0.5214007782101168]",3,"[245, 77, 207]"
active_ordered,14,116,2055,5.644768856447689,0.4005002779321845,0.5183435241801,"[0.39105058365758755, 0.4066147859922179, 0.39883268482490275, 0.4085603112840467, 0.40077821011673154, 0.40077821011673154, 0.3968871595330739]","[0.5019455252918288, 0.5272373540856031, 0.5155642023346303, 0.5252918287937743, 0.5136186770428015, 0.5214007782101168, 0.5233463035019456]",3,"[178, 14, 111]"
active_ordered,15,119,2055,5.790754257907542,0.3979988882712618,0.5227904391328516,"[0.39299610894941633, 0.4046692607003891, 0.38715953307393, 0.40077821011673154, 0.4066147859922179, 0.39883268482490275, 0.3949416342412451]","[0.519455252918288, 0.5252918287937743, 0.5233463035019456, 0.5291828793774319, 0.5155642023346303, 0.5214007782101168, 0.5252918287937743]",3,"[212, 195, 120]"
active_ordered,16,122,2055,5.9367396593673964,0.4032795997776542,0.5239021678710395,"[0.40077821011673154, 0.4066147859922179, 0.4027237354085603, 0.3968871595330739, 0.4046692607003891, 0.4085603112840467, 0.4027237354085603]","[0.519455252918288, 0.519455252918288, 0.5291828793774319, 0.5233463035019456, 0.5272373540856031, 0.5214007782101168, 0.5272373540856031]",3,"[182, 173, 51]"
active_ordered,17,125,2055,6.082725060827251,0.4005002779321845,0.5241801000555865,"[0.39883268482490275, 0.41050583657587547, 0.38715953307393, 0.4027237354085603, 0.4046692607003891, 0.4027237354085603, 0.3968871595330739]","[0.5233463035019456, 0.5252918287937743, 0.5175097276264592, 0.5175097276264592, 0.5272373540856031, 0.5330739299610895, 0.5252918287937743]",3,"[19, 248, 187]"
active_ordered,18,128,2055,6.228710462287105,0.4077265147304057,0.5305725403001668,"[0.4066147859922179, 0.4027237354085603, 0.39883268482490275, 0.39883268482490275, 0.4143968871595331, 0.4182879377431907, 0.4143968871595331]","[0.5311284046692607, 0.5252918287937743, 0.5291828793774319, 0.5311284046692607, 0.5330739299610895, 0.5291828793774319, 0.5350194552529183]",3,"[234, 1, 246]"
active_ordered,19,131,2055,6.374695863746958,0.41828793774319056,0.5266814897165092,"[0.4143968871595331, 0.4182879377431907, 0.42412451361867703, 0.4046692607003891, 0.4280155642023346, 0.4143968871595331, 0.42412451361867703]","[0.519455252918288, 0.5252918287937743, 0.5272373540856031, 0.5214007782101168, 0.519455252918288, 0.5389105058365758, 0.5350194552529183]",3,"[249, 63, 61]"
active_ordered,20,134,2055,6.520681265206813,0.41884380211228456,0.5322401334074486,"[0.4182879377431907, 0.4085603112840467, 0.42412451361867703, 0.42023346303501946, 0.42996108949416345, 0.4163424124513619, 0.4143968871595331]","[0.5233463035019456, 0.5252918287937743, 0.5330739299610895, 0.5369649805447471, 0.5389105058365758, 0.5311284046692607, 0.5369649805447471]",3,"[97, 138, 127]"
active_ordered,21,137,2055,6.666666666666667,0.4177320733740966,0.5383546414674819,"[0.4143968871595331, 0.41245136186770426, 0.42217898832684825, 0.4066147859922179, 0.4143968871595331, 0.42412451361867703, 0.42996108949416345]","[0.5369649805447471, 0.5408560311284046, 0.5291828793774319, 0.5428015564202334, 0.5389105058365758, 0.5486381322957199, 0.5311284046692607]",3,"[249, 152, 78]"
active_ordered,22,140,2055,6.81265206812652,0.42412451361867703,0.5380767092829349,"[0.42217898832684825, 0.433852140077821, 0.4163424124513619, 0.42217898832684825, 0.42217898832684825, 0.42023346303501946, 0.43190661478599224]","[0.5330739299610895, 0.5369649805447471, 0.5350194552529183, 0.5330739299610895, 0.5311284046692607, 0.546692607003891, 0.5505836575875487]",3,"[207, 112, 112]"
active_ordered,23,143,2055,6.958637469586375,0.4202334630350194,0.537242912729294,"[0.42996108949416345, 0.4046692607003891, 0.42023346303501946, 0.4260700389105058, 0.42412451361867703, 0.4260700389105058, 0.41050583657587547]","[0.5350194552529183, 0.5311284046692607, 0.5369649805447471, 0.5389105058365758, 0.5428015564202334, 0.5350194552529183, 0.5408560311284046]",3,"[61, 16, 111]"
active_ordered,24,146,2055,7.104622871046229,0.42384658143413,0.5411339633129516,"[0.4357976653696498, 0.4260700389105058, 0.42023346303501946, 0.42412451361867703, 0.4182879377431907, 0.4280155642023346, 0.4143968871595331]","[0.5350194552529183, 0.5428015564202334, 0.5389105058365758, 0.5428015564202334, 0.5408560311284046, 0.5486381322957199, 0.5389105058365758]",3,"[212, 140, 237]"
active_ordered,25,149,2055,7.250608272506082,0.4324624791550861,0.5525291828793774,"[0.4260700389105058, 0.42996108949416345, 0.44357976653696496, 0.42412451361867703, 0.4396887159533074, 0.4260700389105058, 0.4377431906614786]","[0.5486381322957199, 0.5525291828793775, 0.5408560311284046, 0.5583657587548638, 0.5505836575875487, 0.5505836575875487, 0.566147859922179]",3,"[5, 248, 5]"
active_ordered,26,152,2055,7.396593673965937,0.43829905503057265,0.5536409116175652,"[0.4377431906614786, 0.433852140077821, 0.44357976653696496, 0.4474708171206226, 0.433852140077821, 0.4396887159533074, 0.43190661478599224]","[0.5525291828793775, 0.5505836575875487, 0.556420233463035, 0.5544747081712063, 0.5525291828793775, 0.5544747081712063, 0.5544747081712063]",3,"[251, 118, 226]"
active_ordered,27,155,2055,7.542579075425791,0.44191217342968325,0.5605892162312395,"[0.44357976653696496, 0.4396887159533074, 0.4494163424124514, 0.44357976653696496, 0.433852140077821, 0.4455252918287938, 0.4377431906614786]","[0.556420233463035, 0.5544747081712063, 0.5544747081712063, 0.566147859922179, 0.566147859922179, 0.566147859922179, 0.5603112840466926]",3,"[17, 59, 31]"
active_ordered,28,158,2055,7.688564476885645,0.44635908838243477,0.5622568093385213,"[0.4377431906614786, 0.4455252918287938, 0.4591439688715953, 0.4455252918287938, 0.45525291828793774, 0.4396887159533074, 0.44163424124513617]","[0.5642023346303502, 0.5622568093385214, 0.5583657587548638, 0.5583657587548638, 0.566147859922179, 0.5642023346303502, 0.5622568093385214]",3,"[231, 224, 246]"
active_ordered,29,161,2055,7.8345498783454985,0.45025013896609234,0.5730961645358531,"[0.4591439688715953, 0.46108949416342415, 0.45330739299610895, 0.45136186770428016, 0.4455252918287938, 0.4474708171206226, 0.433852140077821]","[0.5642023346303502, 0.5817120622568094, 0.5700389105058365, 0.5778210116731517, 0.5680933852140078, 0.5758754863813229, 0.5739299610894941]",3,"[179, 57, 160]"
active_ordered,30,164,2055,7.980535279805353,0.44663702056698174,0.5717065036131183,"[0.45330739299610895, 0.42996108949416345, 0.4377431906614786, 0.44357976653696496, 0.45136186770428016, 0.45525291828793774, 0.45525291828793774]","[0.566147859922179, 0.5680933852140078, 0.5700389105058365, 0.5778210116731517, 0.5758754863813229, 0.5719844357976653, 0.5719844357976653]",3,"[134, 207, 89]"
active_ordered,31,167,2055,8.126520681265207,0.453307392996109,0.5700389105058365,"[0.45330739299610895, 0.45136186770428016, 0.45330739299610895, 0.44357976653696496, 0.4591439688715953, 0.4571984435797665, 0.45525291828793774]","[0.5603112840466926, 0.5719844357976653, 0.5622568093385214, 0.5680933852140078, 0.5739299610894941, 0.5739299610894941, 0.5797665369649806]",3,"[247, 235, 178]"
active_ordered,32,170,2055,8.27250608272506,0.4513618677042802,0.5675375208449137,"[0.45136186770428016, 0.44357976653696496, 0.45525291828793774, 0.4494163424124514, 0.4591439688715953, 0.45330739299610895, 0.4474708171206226]","[0.5603112840466926, 0.5778210116731517, 0.556420233463035, 0.5680933852140078, 0.566147859922179, 0.5758754863813229, 0.5680933852140078]",3,"[238, 212, 72]"
active_ordered,33,173,2055,8.418491484184916,0.444135630906059,0.5683713173985546,"[0.44357976653696496, 0.44357976653696496, 0.4571984435797665, 0.433852140077821, 0.44357976653696496, 0.4474708171206226, 0.4396887159533074]","[0.5642023346303502, 0.5700389105058365, 0.5642023346303502, 0.5700389105058365, 0.5700389105058365, 0.5700389105058365, 0.5700389105058365]",3,"[159, 129, 96]"
active_ordered,34,176,2055,8.564476885644769,0.45469705391884385,0.573929961089494,"[0.46303501945525294, 0.4494163424124514, 0.45136186770428016, 0.4494163424124514, 0.45330739299610895, 0.4669260700389105, 0.4494163424124514]","[0.5719844357976653, 0.5817120622568094, 0.5700389105058365, 0.5680933852140078, 0.5758754863813229, 0.5778210116731517, 0.5719844357976653]",3,"[61, 147, 248]"
active_ordered,35,179,2055,8.710462287104622,0.4613674263479711,0.5797665369649805,"[0.46108949416342415, 0.4669260700389105, 0.4649805447470817, 0.4591439688715953, 0.4591439688715953, 0.4571984435797665, 0.46108949416342415]","[0.5778210116731517, 0.5894941634241245, 0.5739299610894941, 0.5739299610894941, 0.5778210116731517, 0.5797665369649806, 0.585603112840467]",3,"[234, 86, 104]"
active_ordered,36,182,2055,8.856447688564478,0.4580322401334075,0.5811561978877153,"[0.45525291828793774, 0.4591439688715953, 0.4669260700389105, 0.45330739299610895, 0.4591439688715953, 0.45525291828793774, 0.4571984435797665]","[0.5778210116731517, 0.5875486381322957, 0.5739299610894941, 0.5797665369649806, 0.5778210116731517, 0.5836575875486382, 0.5875486381322957]",3,"[194, 226, 249]"
active_ordered,37,185,2055,9.002433090024331,0.4674819344080045,0.5819899944413564,"[0.4727626459143969, 0.4669260700389105, 0.4649805447470817, 0.46108949416342415, 0.4708171206225681, 0.4649805447470817, 0.4708171206225681]","[0.5817120622568094, 0.5875486381322957, 0.5700389105058365, 0.5836575875486382, 0.5836575875486382, 0.5797665369649806, 0.5875486381322957]",3,"[212, 233, 16]"
active_ordered,38,188,2055,9.148418491484184,0.46637020566981663,0.5872707059477488,"[0.4688715953307393, 0.4669260700389105, 0.4708171206225681, 0.4727626459143969, 0.4688715953307393, 0.45330739299610895, 0.46303501945525294]","[0.5739299610894941, 0.5836575875486382, 0.5836575875486382, 0.5836575875486382, 0.5953307392996109, 0.5972762645914397, 0.5933852140077821]",3,"[240, 195, 75]"
active_ordered,39,191,2055,9.29440389294404,0.4747081712062257,0.5894941634241245,"[0.48443579766536965, 0.4688715953307393, 0.4669260700389105, 0.46303501945525294, 0.48249027237354086, 0.4727626459143969, 0.48443579766536965]","[0.5817120622568094, 0.5972762645914397, 0.5933852140077821, 0.5894941634241245, 0.5914396887159533, 0.5875486381322957, 0.585603112840467]",3,"[111, 231, 65]"
active_ordered,40,194,2055,9.440389294403893,0.47971095052807117,0.5919955530850473,"[0.48638132295719844, 0.4805447470817121, 0.4805447470817121, 0.4688715953307393, 0.48249027237354086, 0.48249027237354086, 0.4766536964980545]","[0.5875486381322957, 0.5933852140077821, 0.5933852140077821, 0.5933852140077821, 0.5933852140077821, 0.5894941634241245, 0.5933852140077821]",3,"[127, 13, 22]"
active_ordered,41,197,2055,9.586374695863746,0.4783212896053363,0.5992217898832685,"[0.48638132295719844, 0.4708171206225681, 0.48638132295719844, 0.4727626459143969, 0.48249027237354086, 0.47470817120622566, 0.47470817120622566]","[0.5953307392996109, 0.6089494163424124, 0.5933852140077821, 0.6011673151750972, 0.6011673151750972, 0.6011673151750972, 0.5933852140077821]",3,"[138, 20, 144]"
active_ordered,42,200,2055,9.732360097323602,0.48249027237354086,0.603112840466926,"[0.47470817120622566, 0.4766536964980545, 0.48638132295719844, 0.48443579766536965, 0.48638132295719844, 0.48638132295719844, 0.48249027237354086]","[0.5953307392996109, 0.6011673151750972, 0.603112840466926, 0.6050583657587548, 0.6011673151750972, 0.6070038910505836, 0.6089494163424124]",3,"[234, 236, 231]"
active_ordered,43,203,2055,9.878345498783455,0.48499166203446364,0.603946637020567,"[0.48443579766536965, 0.48249027237354086, 0.4766536964980545, 0.48443579766536965, 0.49221789883268485, 0.4883268482490272, 0.48638132295719844]","[0.5972762645914397, 0.6108949416342413, 0.6011673151750972, 0.603112840466926, 0.6050583657587548, 0.603112840466926, 0.6070038910505836]",3,"[230, 91, 190]"
active_ordered,44,206,2055,10.024330900243308,0.481100611450806,0.60366870483602,"[0.4883268482490272, 0.47470817120622566, 0.4785992217898833, 0.48249027237354086, 0.4727626459143969, 0.48443579766536965, 0.48638132295719844]","[0.5953307392996109, 0.6070038910505836, 0.6070038910505836, 0.6011673151750972, 0.6011673151750972, 0.603112840466926, 0.6108949416342413]",3,"[51, 212, 246]"
active_ordered,45,209,2055,10.170316301703163,0.4858254585881045,0.6020011117287382,"[0.48249027237354086, 0.4805447470817121, 0.4883268482490272, 0.4883268482490272, 0.48638132295719844, 0.4883268482490272, 0.48638132295719844]","[0.603112840466926, 0.5972762645914397, 0.5953307392996109, 0.5992217898832685, 0.6108949416342413, 0.6050583657587548, 0.603112840466926]",3,"[131, 91, 77]"
active_ordered,46,212,2055,10.316301703163017,0.48054474708171213,0.6017231795441912,"[0.49221789883268485, 0.48443579766536965, 0.4727626459143969, 0.48443579766536965, 0.48443579766536965, 0.4727626459143969, 0.4727626459143969]","[0.603112840466926, 0.6050583657587548, 0.6011673151750972, 0.5953307392996109, 0.6089494163424124, 0.6011673151750972, 0.5972762645914397]",3,"[43, 226, 64]"
active_ordered,47,215,2055,10.46228710462287,0.48332406892718177,0.6028349082823791,"[0.4883268482490272, 0.4883268482490272, 0.4883268482490272, 0.47470817120622566, 0.4708171206225681, 0.4883268482490272, 0.48443579766536965]","[0.5953307392996109, 0.6070038910505836, 0.603112840466926, 0.6089494163424124, 0.6011673151750972, 0.5933852140077821, 0.6108949416342413]",3,"[104, 194, 61]"
active_ordered,48,218,2055,10.608272506082725,0.4866592551417454,0.6056142301278488,"[0.48443579766536965, 0.490272373540856, 0.48638132295719844, 0.4805447470817121, 0.48443579766536965, 0.49221789883268485, 0.4883268482490272]","[0.603112840466926, 0.6108949416342413, 0.6070038910505836, 0.5972762645914397, 0.5992217898832685, 0.6128404669260701, 0.6089494163424124]",3,"[66, 5, 233]"
active_ordered,49,221,2055,10.754257907542579,0.481100611450806,0.6058921623123957,"[0.48443579766536965, 0.48638132295719844, 0.47470817120622566, 0.4785992217898833, 0.48249027237354086, 0.4785992217898833, 0.48249027237354086]","[0.603112840466926, 0.6050583657587548, 0.5933852140077821, 0.6070038910505836, 0.6070038910505836, 0.6108949416342413, 0.6147859922178989]",3,"[108, 108, 234]"
active_ordered,50,224,2055,10.900243309002432,0.4785992217898833,0.6083935519733185,"[0.48443579766536965, 0.48443579766536965, 0.4805447470817121, 0.4669260700389105, 0.48249027237354086, 0.46303501945525294, 0.4883268482490272]","[0.603112840466926, 0.6070038910505836, 0.6070038910505836, 0.6108949416342413, 0.6089494163424124, 0.6089494163424124, 0.6128404669260701]",3,"[14, 236, 161]"
active_ordered,51,227,2055,11.046228710462287,0.48638132295719844,0.614508060033352,"[0.4883268482490272, 0.48249027237354086, 0.490272373540856, 0.48249027237354086, 0.48443579766536965, 0.48249027237354086, 0.49416342412451364]","[0.6108949416342413, 0.6128404669260701, 0.6070038910505836, 0.6108949416342413, 0.6108949416342413, 0.6206225680933852, 0.6284046692607004]",3,"[75, 211, 229]"
active_ordered,52,230,2055,11.19221411192214,0.49972206781545303,0.6192329071706505,"[0.5019455252918288, 0.49416342412451364, 0.49221789883268485, 0.5058365758754864, 0.5136186770428015, 0.4961089494163424, 0.49416342412451364]","[0.6186770428015564, 0.6245136186770428, 0.6108949416342413, 0.6186770428015564, 0.6206225680933852, 0.6186770428015564, 0.622568093385214]",3,"[222, 90, 245]"
active_ordered,53,233,2055,11.338199513381996,0.5008337965536409,0.624235686492496,"[0.4883268482490272, 0.5058365758754864, 0.5019455252918288, 0.5019455252918288, 0.5136186770428015, 0.490272373540856, 0.5038910505836576]","[0.6128404669260701, 0.6264591439688716, 0.622568093385214, 0.6264591439688716, 0.6284046692607004, 0.622568093385214, 0.6303501945525292]",3,"[240, 233, 240]"
active_ordered,54,236,2055,11.48418491484185,0.5075041689827682,0.6295163979988884,"[0.4980544747081712, 0.5038910505836576, 0.5019455252918288, 0.5038910505836576, 0.5097276264591439, 0.5252918287937743, 0.5097276264591439]","[0.622568093385214, 0.6264591439688716, 0.632295719844358, 0.632295719844358, 0.6361867704280155, 0.6342412451361867, 0.622568093385214]",3,"[233, 233, 231]"
active_ordered,55,239,2055,11.630170316301703,0.509449694274597,0.6264591439688717,"[0.5116731517509727, 0.5038910505836576, 0.5077821011673151, 0.5116731517509727, 0.5136186770428015, 0.5175097276264592, 0.5]","[0.6147859922178989, 0.6245136186770428, 0.6361867704280155, 0.6245136186770428, 0.6284046692607004, 0.6264591439688716, 0.6303501945525292]",3,"[178, 231, 64]"
active_ordered,56,242,2055,11.776155717761558,0.5102834908282379,0.6303501945525293,"[0.5, 0.5155642023346303, 0.5155642023346303, 0.5058365758754864, 0.5058365758754864, 0.5155642023346303, 0.5136186770428015]","[0.6147859922178989, 0.6264591439688716, 0.632295719844358, 0.632295719844358, 0.6342412451361867, 0.6342412451361867, 0.6381322957198443]",3,"[222, 245, 9]"
active_ordered,57,245,2055,11.922141119221411,0.5069483046136742,0.6292384658143414,"[0.5077821011673151, 0.5038910505836576, 0.5, 0.5058365758754864, 0.5077821011673151, 0.5136186770428015, 0.5097276264591439]","[0.6284046692607004, 0.622568093385214, 0.6284046692607004, 0.6342412451361867, 0.6342412451361867, 0.632295719844358, 0.6245136186770428]",3,"[61, 246, 191]"
active_ordered,58,248,2055,12.068126520681265,0.5047248471372985,0.6347971095052808,"[0.4980544747081712, 0.5019455252918288, 0.5038910505836576, 0.5038910505836576, 0.5077821011673151, 0.5097276264591439, 0.5077821011673151]","[0.6264591439688716, 0.6361867704280155, 0.6303501945525292, 0.6361867704280155, 0.6342412451361867, 0.642023346303502, 0.6381322957198443]",3,"[157, 42, 237]"
active_ordered,59,251,2055,12.21411192214112,0.5161200667037242,0.6489716509171762,"[0.5155642023346303, 0.519455252918288, 0.5175097276264592, 0.5019455252918288, 0.5272373540856031, 0.5214007782101168, 0.5097276264591439]","[0.6478599221789884, 0.6459143968871596, 0.6498054474708171, 0.6478599221789884, 0.6536964980544747, 0.6517509727626459, 0.6459143968871596]",3,"[20, 51, 250]"
active_ordered,60,254,2055,12.360097323600973,0.5261256253474151,0.6484157865480823,"[0.5252918287937743, 0.5330739299610895, 0.5155642023346303, 0.5155642023346303, 0.5311284046692607, 0.5311284046692607, 0.5311284046692607]","[0.6478599221789884, 0.6478599221789884, 0.6478599221789884, 0.6478599221789884, 0.6478599221789884, 0.6400778210116731, 0.6595330739299611]",3,"[213, 187, 154]"
active_ordered,61,257,2055,12.506082725060827,0.5300166759310728,0.6559199555308505,"[0.519455252918288, 0.5350194552529183, 0.519455252918288, 0.5311284046692607, 0.5389105058365758, 0.5408560311284046, 0.5252918287937743]","[0.6459143968871596, 0.6575875486381323, 0.6595330739299611, 0.6614785992217899, 0.6517509727626459, 0.6634241245136187, 0.6517509727626459]",3,"[138, 45, 179]"
active_ordered,62,260,2055,12.652068126520682,0.5275152862701501,0.6556420233463035,"[0.5233463035019456, 0.5233463035019456, 0.5272373540856031, 0.5252918287937743, 0.5330739299610895, 0.5252918287937743, 0.5350194552529183]","[0.6498054474708171, 0.6614785992217899, 0.6653696498054474, 0.6498054474708171, 0.6536964980544747, 0.6556420233463035, 0.6536964980544747]",3,"[247, 51, 212]"
active_ordered,63,263,2055,12.798053527980535,0.5252918287937743,0.6564758198999444,"[0.5272373540856031, 0.5233463035019456, 0.5350194552529183, 0.5252918287937743, 0.5233463035019456, 0.5252918287937743, 0.5175097276264592]","[0.6439688715953308, 0.6614785992217899, 0.6595330739299611, 0.6575875486381323, 0.6498054474708171, 0.669260700389105, 0.6536964980544747]",3,"[11, 131, 41]"
active_ordered,64,266,2055,12.944038929440389,0.5314063368538077,0.6620344635908838,"[0.5330739299610895, 0.5350194552529183, 0.5252918287937743, 0.5272373540856031, 0.5291828793774319, 0.5330739299610895, 0.5369649805447471]","[0.6498054474708171, 0.6673151750972762, 0.669260700389105, 0.6614785992217899, 0.669260700389105, 0.6536964980544747, 0.6634241245136187]",3,"[113, 158, 202]"
active_ordered,65,269,2055,13.090024330900244,0.5327959977765425,0.6650917176209005,"[0.5233463035019456, 0.5408560311284046, 0.5272373540856031, 0.5311284046692607, 0.5330739299610895, 0.5486381322957199, 0.5252918287937743]","[0.6595330739299611, 0.6712062256809338, 0.6634241245136187, 0.6634241245136187, 0.669260700389105, 0.6634241245136187, 0.6653696498054474]",3,"[231, 231, 30]"
active_ordered,66,272,2055,13.236009732360097,0.5350194552529183,0.6648137854363535,"[0.5408560311284046, 0.5389105058365758, 0.5330739299610895, 0.5389105058365758, 0.5389105058365758, 0.5272373540856031, 0.5272373540856031]","[0.6556420233463035, 0.6653696498054474, 0.6634241245136187, 0.669260700389105, 0.6634241245136187, 0.6653696498054474, 0.6712062256809338]",3,"[236, 77, 89]"
active_ordered,67,275,2055,13.38199513381995,0.5444691495275152,0.67065036131184,"[0.5447470817120622, 0.5447470817120622, 0.5369649805447471, 0.546692607003891, 0.5525291828793775, 0.5428015564202334, 0.5428015564202334]","[0.6634241245136187, 0.6673151750972762, 0.6712062256809338, 0.6673151750972762, 0.6750972762645915, 0.6867704280155642, 0.6634241245136187]",3,"[249, 135, 124]"
active_ordered,68,278,2055,13.527980535279806,0.5514174541411895,0.6695386325736521,"[0.5583657587548638, 0.5428015564202334, 0.5544747081712063, 0.5447470817120622, 0.5544747081712063, 0.5486381322957199, 0.556420233463035]","[0.6634241245136187, 0.6750972762645915, 0.6653696498054474, 0.6789883268482491, 0.6653696498054474, 0.669260700389105, 0.669260700389105]",3,"[211, 10, 61]"
active_ordered,69,281,2055,13.673965936739659,0.5472484713729849,0.6714841578654809,"[0.5369649805447471, 0.5486381322957199, 0.546692607003891, 0.5544747081712063, 0.5486381322957199, 0.5447470817120622, 0.5505836575875487]","[0.669260700389105, 0.6750972762645915, 0.6731517509727627, 0.6653696498054474, 0.6731517509727627, 0.6789883268482491, 0.6653696498054474]",3,"[45, 160, 249]"
active_ordered,70,284,2055,13.819951338199514,0.5528071150639243,0.6839911061700946,"[0.556420233463035, 0.5428015564202334, 0.5486381322957199, 0.5583657587548638, 0.5447470817120622, 0.5642023346303502, 0.5544747081712063]","[0.6770428015564203, 0.6789883268482491, 0.6809338521400778, 0.708171206225681, 0.6867704280155642, 0.6770428015564203, 0.6789883268482491]",3,"[44, 40, 249]"
active_ordered,71,287,2055,13.965936739659368,0.5550305725403001,0.6762090050027794,"[0.5583657587548638, 0.5505836575875487, 0.5525291828793775, 0.5583657587548638, 0.5544747081712063, 0.556420233463035, 0.5544747081712063]","[0.6731517509727627, 0.6770428015564203, 0.6828793774319066, 0.6712062256809338, 0.6770428015564203, 0.6770428015564203, 0.6750972762645915]",3,"[71, 88, 240]"
active_ordered,72,290,2055,14.111922141119221,0.5541967759866592,0.6773207337409672,"[0.556420233463035, 0.5603112840466926, 0.556420233463035, 0.5505836575875487, 0.5525291828793775, 0.5486381322957199, 0.5544747081712063]","[0.6770428015564203, 0.6789883268482491, 0.6809338521400778, 0.6712062256809338, 0.6828793774319066, 0.6809338521400778, 0.669260700389105]",3,"[118, 222, 231]"
active_ordered,73,293,2055,14.257907542579076,0.5497498610339077,0.6737076153418566,"[0.5408560311284046, 0.5525291828793775, 0.556420233463035, 0.5525291828793775, 0.5544747081712063, 0.546692607003891, 0.5447470817120622]","[0.6673151750972762, 0.6731517509727627, 0.6750972762645915, 0.669260700389105, 0.6789883268482491, 0.6770428015564203, 0.6750972762645915]",3,"[234, 52, 204]"
active_ordered,74,296,2055,14.40389294403893,0.5519733185102834,0.6759310728182325,"[0.5447470817120622, 0.556420233463035, 0.556420233463035, 0.5505836575875487, 0.5505836575875487, 0.556420233463035, 0.5486381322957199]","[0.6712062256809338, 0.669260700389105, 0.6750972762645915, 0.6750972762645915, 0.6789883268482491, 0.6828793774319066, 0.6789883268482491]",3,"[231, 51, 118]"
active_ordered,75,299,2055,14.549878345498783,0.5547526403557531,0.6795441912173431,"[0.5486381322957199, 0.5642023346303502, 0.5544747081712063, 0.5525291828793775, 0.5544747081712063, 0.5603112840466926, 0.5486381322957199]","[0.669260700389105, 0.669260700389105, 0.6809338521400778, 0.6750972762645915, 0.6770428015564203, 0.7062256809338522, 0.6789883268482491]",3,"[1, 25, 162]"
active_ordered,76,302,2055,14.695863746958638,0.5544747081712061,0.680377987770984,"[0.5447470817120622, 0.5583657587548638, 0.556420233463035, 0.5583657587548638, 0.556420233463035, 0.5544747081712063, 0.5525291828793775]","[0.6770428015564203, 0.6848249027237354, 0.6789883268482491, 0.688715953307393, 0.6789883268482491, 0.6789883268482491, 0.6750972762645915]",3,"[231, 135, 151]"
active_ordered,77,305,2055,14.841849148418492,0.5528071150639243,0.680933852140078,"[0.546692607003891, 0.5505836575875487, 0.5544747081712063, 0.5583657587548638, 0.5583657587548638, 0.5583657587548638, 0.5428015564202334]","[0.6828793774319066, 0.6789883268482491, 0.6750972762645915, 0.6770428015564203, 0.6828793774319066, 0.6828793774319066, 0.6867704280155642]",3,"[27, 21, 46]"
active_ordered,78,308,2055,14.987834549878345,0.5580878265703167,0.6826014452473598,"[0.5544747081712063, 0.5719844357976653, 0.5603112840466926, 0.5447470817120622, 0.5603112840466926, 0.5680933852140078, 0.546692607003891]","[0.6770428015564203, 0.6770428015564203, 0.6848249027237354, 0.6809338521400778, 0.6867704280155642, 0.6828793774319066, 0.688715953307393]",3,"[34, 15, 61]"
active_ordered,79,311,2055,15.1338199513382,0.5583657587548637,0.6845469705391886,"[0.5505836575875487, 0.5622568093385214, 0.5525291828793775, 0.5505836575875487, 0.5642023346303502, 0.5680933852140078, 0.5603112840466926]","[0.6789883268482491, 0.6789883268482491, 0.6809338521400778, 0.688715953307393, 0.688715953307393, 0.6926070038910506, 0.6828793774319066]",3,"[160, 211, 45]"
active_ordered,80,314,2055,15.279805352798054,0.5575319622012228,0.6856586992773764,"[0.5525291828793775, 0.5719844357976653, 0.5544747081712063, 0.5447470817120622, 0.5642023346303502, 0.5622568093385214, 0.5525291828793775]","[0.6809338521400778, 0.6964980544747081, 0.6926070038910506, 0.6809338521400778, 0.6828793774319066, 0.6809338521400778, 0.6848249027237354]",3,"[58, 81, 82]"
active_ordered,81,317,2055,15.425790754257907,0.5619788771539743,0.690105614230128,"[0.5603112840466926, 0.5680933852140078, 0.5642023346303502, 0.5583657587548638, 0.5525291828793775, 0.5622568093385214, 0.5680933852140078]","[0.6867704280155642, 0.6906614785992218, 0.6926070038910506, 0.6984435797665369, 0.6906614785992218, 0.6809338521400778, 0.6906614785992218]",3,"[234, 77, 11]"
active_ordered,82,320,2055,15.571776155717762,0.5642023346303501,0.6862145636464704,"[0.5544747081712063, 0.5700389105058365, 0.5700389105058365, 0.556420233463035, 0.5583657587548638, 0.5739299610894941, 0.566147859922179]","[0.6828793774319066, 0.6809338521400778, 0.6926070038910506, 0.6867704280155642, 0.6926070038910506, 0.6848249027237354, 0.6828793774319066]",3,"[213, 211, 49]"
active_ordered,83,323,2055,15.717761557177615,0.5639244024458031,0.6937187326292386,"[0.5525291828793775, 0.5680933852140078, 0.5700389105058365, 0.5700389105058365, 0.5603112840466926, 0.5622568093385214, 0.5642023346303502]","[0.6906614785992218, 0.6984435797665369, 0.6926070038910506, 0.6945525291828794, 0.6867704280155642, 0.6926070038910506, 0.7003891050583657]",3,"[211, 207, 247]"
active_ordered,84,326,2055,15.863746958637469,0.5675375208449137,0.6923290717065037,"[0.5642023346303502, 0.566147859922179, 0.5797665369649806, 0.5622568093385214, 0.5680933852140078, 0.5700389105058365, 0.5622568093385214]","[0.6906614785992218, 0.6906614785992218, 0.6906614785992218, 0.6926070038910506, 0.6964980544747081, 0.6945525291828794, 0.6906614785992218]",3,"[240, 161, 56]"
active_ordered,85,329,2055,16.009732360097324,0.5675375208449137,0.6881600889382992,"[0.5680933852140078, 0.5680933852140078, 0.5680933852140078, 0.566147859922179, 0.5778210116731517, 0.5642023346303502, 0.5603112840466926]","[0.6828793774319066, 0.688715953307393, 0.6848249027237354, 0.6789883268482491, 0.6964980544747081, 0.6984435797665369, 0.6867704280155642]",3,"[231, 114, 231]"
active_ordered,86,332,2055,16.155717761557177,0.5675375208449137,0.6934408004446916,"[0.5583657587548638, 0.5680933852140078, 0.5797665369649806, 0.5680933852140078, 0.5544747081712063, 0.5758754863813229, 0.5680933852140078]","[0.6945525291828794, 0.6964980544747081, 0.6945525291828794, 0.688715953307393, 0.6848249027237354, 0.708171206225681, 0.6867704280155642]",3,"[205, 186, 236]"
active_ordered,87,335,2055,16.30170316301703,0.5686492495831016,0.6931628682601446,"[0.5680933852140078, 0.5758754863813229, 0.5758754863813229, 0.566147859922179, 0.5622568093385214, 0.566147859922179, 0.566147859922179]","[0.688715953307393, 0.6926070038910506, 0.6945525291828794, 0.6964980544747081, 0.6945525291828794, 0.6926070038910506, 0.6926070038910506]",3,"[224, 12, 249]"
active_ordered,88,338,2055,16.447688564476884,0.5703168426903834,0.6948304613674264,"[0.5622568093385214, 0.5739299610894941, 0.5758754863813229, 0.5680933852140078, 0.5680933852140078, 0.5719844357976653, 0.5719844357976653]","[0.6828793774319066, 0.6926070038910506, 0.6926070038910506, 0.6984435797665369, 0.6984435797665369, 0.6984435797665369, 0.7003891050583657]",3,"[231, 35, 231]"
active_ordered,89,341,2055,16.59367396593674,0.5692051139521955,0.6931628682601446,"[0.5603112840466926, 0.5739299610894941, 0.5719844357976653, 0.5642023346303502, 0.5739299610894941, 0.5739299610894941, 0.566147859922179]","[0.6867704280155642, 0.6964980544747081, 0.7003891050583657, 0.6906614785992218, 0.6945525291828794, 0.7023346303501945, 0.6809338521400778]",3,"[39, 129, 170]"
active_ordered,90,344,2055,16.739659367396595,0.5714285714285713,0.6962201222901613,"[0.566147859922179, 0.5739299610894941, 0.5836575875486382, 0.566147859922179, 0.566147859922179, 0.5719844357976653, 0.5719844357976653]","[0.6867704280155642, 0.7003891050583657, 0.6964980544747081, 0.6848249027237354, 0.6906614785992218, 0.7159533073929961, 0.6984435797665369]",3,"[248, 236, 75]"
active_ordered,91,347,2055,16.885644768856448,0.575319622012229,0.6937187326292386,"[0.5700389105058365, 0.585603112840467, 0.5778210116731517, 0.5622568093385214, 0.5719844357976653, 0.5817120622568094, 0.5778210116731517]","[0.6964980544747081, 0.7003891050583657, 0.688715953307393, 0.6906614785992218, 0.688715953307393, 0.6926070038910506, 0.6984435797665369]",3,"[178, 20, 62]"
active_ordered,92,350,2055,17.0316301703163,0.573929961089494,0.6903835464146749,"[0.5622568093385214, 0.5778210116731517, 0.5797665369649806, 0.5680933852140078, 0.5739299610894941, 0.5778210116731517, 0.5778210116731517]","[0.6848249027237354, 0.6964980544747081, 0.6945525291828794, 0.6867704280155642, 0.6848249027237354, 0.6945525291828794, 0.6906614785992218]",3,"[90, 93, 11]"
active_ordered,93,353,2055,17.177615571776155,0.5728182323513061,0.6953863257365204,"[0.5719844357976653, 0.5778210116731517, 0.5875486381322957, 0.5700389105058365, 0.5642023346303502, 0.5642023346303502, 0.5739299610894941]","[0.6964980544747081, 0.7003891050583657, 0.6964980544747081, 0.6926070038910506, 0.6945525291828794, 0.6945525291828794, 0.6926070038910506]",3,"[4, 36, 172]"
active_ordered,94,356,2055,17.323600973236008,0.5778210116731517,0.6945525291828795,"[0.5739299610894941, 0.5836575875486382, 0.5817120622568094, 0.5719844357976653, 0.5758754863813229, 0.5817120622568094, 0.5758754863813229]","[0.688715953307393, 0.708171206225681, 0.6945525291828794, 0.688715953307393, 0.6945525291828794, 0.6926070038910506, 0.6945525291828794]",3,"[103, 26, 205]"
active_ordered,95,359,2055,17.469586374695865,0.5778210116731516,0.6948304613674264,"[0.5739299610894941, 0.5817120622568094, 0.5875486381322957, 0.5680933852140078, 0.5680933852140078, 0.5758754863813229, 0.5894941634241245]","[0.7003891050583657, 0.6926070038910506, 0.6984435797665369, 0.6945525291828794, 0.6926070038910506, 0.6926070038910506, 0.6926070038910506]",3,"[178, 220, 202]"
active_ordered,96,362,2055,17.61557177615572,0.5750416898276819,0.6951083935519734,"[0.5700389105058365, 0.5836575875486382, 0.5758754863813229, 0.5739299610894941, 0.5642023346303502, 0.5778210116731517, 0.5797665369649806]","[0.6945525291828794, 0.6984435797665369, 0.6926070038910506, 0.6945525291828794, 0.6945525291828794, 0.6926070038910506, 0.6984435797665369]",3,"[5, 231, 128]"
active_ordered,97,365,2055,17.761557177615572,0.5792106725958865,0.6995553085047249,"[0.5700389105058365, 0.5953307392996109, 0.5875486381322957, 0.5719844357976653, 0.5700389105058365, 0.5817120622568094, 0.5778210116731517]","[0.6964980544747081, 0.7023346303501945, 0.7023346303501945, 0.6906614785992218, 0.6984435797665369, 0.7023346303501945, 0.7042801556420234]",3,"[45, 187, 249]"
active_ordered,98,368,2055,17.907542579075425,0.5800444691495276,0.6973318510283492,"[0.566147859922179, 0.5836575875486382, 0.5817120622568094, 0.5797665369649806, 0.5700389105058365, 0.5817120622568094, 0.5972762645914397]","[0.6906614785992218, 0.7003891050583657, 0.7003891050583657, 0.6945525291828794, 0.6945525291828794, 0.6945525291828794, 0.7062256809338522]",3,"[191, 204, 96]"
active_ordered,99,371,2055,18.05352798053528,0.5861589772095609,0.6970539188438022,"[0.5797665369649806, 0.585603112840467, 0.5817120622568094, 0.5914396887159533, 0.585603112840467, 0.5894941634241245, 0.5894941634241245]","[0.688715953307393, 0.708171206225681, 0.6906614785992218, 0.6945525291828794, 0.6964980544747081, 0.6906614785992218, 0.7101167315175098]",3,"[102, 248, 111]"
active_ordered,100,374,2055,18.199513381995136,0.5908838243468594,0.7006670372429128,"[0.5875486381322957, 0.6011673151750972, 0.5972762645914397, 0.5797665369649806, 0.5836575875486382, 0.5953307392996109, 0.5914396887159533]","[0.6984435797665369, 0.7042801556420234, 0.7003891050583657, 0.7042801556420234, 0.7042801556420234, 0.7003891050583657, 0.6926070038910506]",3,"[90, 176, 187]"
active_ordered,101,377,2055,18.34549878345499,0.5900500277932185,0.7001111728738189,"[0.5817120622568094, 0.6050583657587548, 0.5914396887159533, 0.5836575875486382, 0.5953307392996109, 0.5953307392996109, 0.5778210116731517]","[0.6964980544747081, 0.7023346303501945, 0.7023346303501945, 0.7003891050583657, 0.6964980544747081, 0.7023346303501945, 0.7003891050583657]",3,"[154, 154, 133]"
active_ordered,102,380,2055,18.491484184914842,0.5928293496386882,0.6978877153974431,"[0.5914396887159533, 0.6070038910505836, 0.5817120622568094, 0.5933852140077821, 0.5836575875486382, 0.5992217898832685, 0.5933852140077821]","[0.6945525291828794, 0.7003891050583657, 0.7023346303501945, 0.7003891050583657, 0.6945525291828794, 0.7023346303501945, 0.6906614785992218]",3,"[160, 226, 181]"
active_ordered,103,383,2055,18.637469586374696,0.5919955530850473,0.7020566981656476,"[0.5797665369649806, 0.6011673151750972, 0.5933852140077821, 0.5914396887159533, 0.5817120622568094, 0.6011673151750972, 0.5953307392996109]","[0.6984435797665369, 0.7101167315175098, 0.7042801556420234, 0.6945525291828794, 0.7101167315175098, 0.6945525291828794, 0.7023346303501945]",3,"[53, 66, 71]"
active_ordered,104,386,2055,18.78345498783455,0.5994997220678154,0.707893274041134,"[0.5817120622568094, 0.6050583657587548, 0.6089494163424124, 0.5972762645914397, 0.5992217898832685, 0.5992217898832685, 0.6050583657587548]","[0.7023346303501945, 0.7140077821011673, 0.7101167315175098, 0.7023346303501945, 0.7101167315175098, 0.7042801556420234, 0.7120622568093385]",3,"[182, 210, 184]"
active_ordered,105,389,2055,18.929440389294403,0.6017231795441912,0.7070594774874931,"[0.5992217898832685, 0.6108949416342413, 0.6108949416342413, 0.5914396887159533, 0.603112840466926, 0.6011673151750972, 0.5953307392996109]","[0.708171206225681, 0.708171206225681, 0.7101167315175098, 0.7023346303501945, 0.7023346303501945, 0.7101167315175098, 0.708171206225681]",3,"[15, 227, 230]"
active_ordered,106,392,2055,19.07542579075426,0.5983879933296276,0.7095608671484158,"[0.5894941634241245, 0.603112840466926, 0.6011673151750972, 0.5992217898832685, 0.5894941634241245, 0.6050583657587548, 0.6011673151750972]","[0.6945525291828794, 0.7178988326848249, 0.7140077821011673, 0.7140077821011673, 0.7178988326848249, 0.7023346303501945, 0.7062256809338522]",3,"[15, 182, 223]"
active_ordered,107,395,2055,19.221411192214113,0.6081156197887715,0.7187326292384659,"[0.6070038910505836, 0.6147859922178989, 0.6108949416342413, 0.6050583657587548, 0.6128404669260701, 0.6050583657587548, 0.6011673151750972]","[0.7120622568093385, 0.7431906614785992, 0.708171206225681, 0.7237354085603113, 0.7042801556420234, 0.7198443579766537, 0.7198443579766537]",3,"[46, 8, 88]"
active_ordered,108,398,2055,19.367396593673966,0.6086714841578654,0.7192884936075599,"[0.6070038910505836, 0.6070038910505836, 0.6089494163424124, 0.6089494163424124, 0.6147859922178989, 0.6108949416342413, 0.603112840466926]","[0.7062256809338522, 0.7217898832684825, 0.7237354085603113, 0.7140077821011673, 0.7101167315175098, 0.7392996108949417, 0.7198443579766537]",3,"[213, 231, 208]"
active_ordered,109,401,2055,19.51338199513382,0.6120066703724291,0.7181767648693719,"[0.6147859922178989, 0.6186770428015564, 0.6050583657587548, 0.6089494163424124, 0.6147859922178989, 0.622568093385214, 0.5992217898832685]","[0.7198443579766537, 0.7217898832684825, 0.7178988326848249, 0.7140077821011673, 0.7159533073929961, 0.7159533073929961, 0.7217898832684825]",3,"[125, 205, 42]"
active_ordered,110,404,2055,19.659367396593673,0.6075597554196775,0.7215119510839355,"[0.6070038910505836, 0.6089494163424124, 0.6128404669260701, 0.6070038910505836, 0.6089494163424124, 0.6050583657587548, 0.603112840466926]","[0.7198443579766537, 0.7237354085603113, 0.7178988326848249, 0.7178988326848249, 0.7198443579766537, 0.7295719844357976, 0.7217898832684825]",3,"[235, 179, 5]"
active_ordered,111,407,2055,19.805352798053526,0.6117287381878823,0.7262367982212341,"[0.603112840466926, 0.6264591439688716, 0.6070038910505836, 0.6108949416342413, 0.6070038910505836, 0.6147859922178989, 0.6128404669260701]","[0.7178988326848249, 0.7373540856031129, 0.7140077821011673, 0.7198443579766537, 0.7295719844357976, 0.745136186770428, 0.7198443579766537]",3,"[212, 176, 161]"
active_ordered,112,410,2055,19.951338199513383,0.6136742634797109,0.7229016120066704,"[0.6128404669260701, 0.6147859922178989, 0.6128404669260701, 0.6108949416342413, 0.6147859922178989, 0.6206225680933852, 0.6089494163424124]","[0.7198443579766537, 0.7217898832684825, 0.7198443579766537, 0.7276264591439688, 0.7178988326848249, 0.7217898832684825, 0.7315175097276264]",3,"[2, 184, 65]"
active_ordered,113,413,2055,20.097323600973237,0.6111728738187884,0.7259588660366871,"[0.6050583657587548, 0.6128404669260701, 0.6089494163424124, 0.6128404669260701, 0.6070038910505836, 0.6186770428015564, 0.6128404669260701]","[0.7101167315175098, 0.7470817120622568, 0.7237354085603113, 0.7198443579766537, 0.7237354085603113, 0.7354085603112841, 0.7217898832684825]",3,"[2, 245, 245]"
active_ordered,114,416,2055,20.24330900243309,0.6108949416342414,0.7195664257921067,"[0.6070038910505836, 0.6186770428015564, 0.6089494163424124, 0.6050583657587548, 0.6070038910505836, 0.6147859922178989, 0.6147859922178989]","[0.7120622568093385, 0.7276264591439688, 0.7198443579766537, 0.708171206225681, 0.72568093385214, 0.7237354085603113, 0.7198443579766537]",3,"[248, 72, 133]"
active_ordered,115,419,2055,20.389294403892944,0.6147859922178988,0.7251250694830461,"[0.6128404669260701, 0.6245136186770428, 0.6264591439688716, 0.6108949416342413, 0.6147859922178989, 0.6147859922178989, 0.5992217898832685]","[0.7178988326848249, 0.7334630350194552, 0.72568093385214, 0.7276264591439688, 0.72568093385214, 0.7276264591439688, 0.7178988326848249]",3,"[208, 51, 106]"
active_ordered,116,422,2055,20.535279805352797,0.6106170094496942,0.7279043913285159,"[0.6050583657587548, 0.6108949416342413, 0.6167315175097277, 0.6147859922178989, 0.6167315175097277, 0.6108949416342413, 0.5992217898832685]","[0.7140077821011673, 0.7334630350194552, 0.7315175097276264, 0.7198443579766537, 0.7295719844357976, 0.7392996108949417, 0.7276264591439688]",3,"[20, 154, 127]"
active_ordered,117,425,2055,20.68126520681265,0.6125625347415232,0.7248471372984991,"[0.6167315175097277, 0.6128404669260701, 0.6206225680933852, 0.6128404669260701, 0.6050583657587548, 0.6089494163424124, 0.6108949416342413]","[0.7178988326848249, 0.7276264591439688, 0.72568093385214, 0.7237354085603113, 0.7217898832684825, 0.7295719844357976, 0.7276264591439688]",3,"[99, 87, 88]"
active_ordered,118,428,2055,20.827250608272507,0.614508060033352,0.7295719844357977,"[0.6108949416342413, 0.6128404669260701, 0.6186770428015564, 0.6167315175097277, 0.6206225680933852, 0.6089494163424124, 0.6128404669260701]","[0.7198443579766537, 0.7373540856031129, 0.7334630350194552, 0.7295719844357976, 0.72568093385214, 0.7276264591439688, 0.7334630350194552]",3,"[114, 6, 201]"
active_ordered,119,431,2055,20.97323600973236,0.6136742634797109,0.7320733740967205,"[0.6108949416342413, 0.622568093385214, 0.6128404669260701, 0.6206225680933852, 0.6147859922178989, 0.6089494163424124, 0.6050583657587548]","[0.7198443579766537, 0.7276264591439688, 0.7412451361867705, 0.7354085603112841, 0.7198443579766537, 0.7490272373540856, 0.7315175097276264]",3,"[5, 158, 88]"
active_ordered,120,434,2055,21.119221411192214,0.6114508060033351,0.7340188993885493,"[0.6167315175097277, 0.6167315175097277, 0.6147859922178989, 0.6167315175097277, 0.6108949416342413, 0.6089494163424124, 0.5953307392996109]","[0.7237354085603113, 0.7334630350194552, 0.7373540856031129, 0.7334630350194552, 0.72568093385214, 0.7237354085603113, 0.7607003891050583]",3,"[34, 113, 2]"
active_ordered,121,437,2055,21.265206812652067,0.6158977209560869,0.7704280155642023,"[0.6108949416342413, 0.6186770428015564, 0.6147859922178989, 0.6186770428015564, 0.6128404669260701, 0.622568093385214, 0.6128404669260701]","[0.7470817120622568, 0.7723735408560312, 0.7723735408560312, 0.7704280155642024, 0.77431906614786, 0.7801556420233463, 0.7762645914396887]",3,"[5, 121, 247]"
active_ordered,122,440,2055,21.41119221411192,0.6186770428015566,0.7712618121178432,"[0.6167315175097277, 0.6186770428015564, 0.6186770428015564, 0.6167315175097277, 0.622568093385214, 0.6167315175097277, 0.6206225680933852]","[0.7568093385214008, 0.7801556420233463, 0.7645914396887159, 0.7645914396887159, 0.7723735408560312, 0.7782101167315175, 0.7821011673151751]",3,"[187, 79, 109]"
active_ordered,123,443,2055,21.557177615571778,0.6211784324624793,0.7754307948860477,"[0.6186770428015564, 0.6284046692607004, 0.6167315175097277, 0.6167315175097277, 0.6264591439688716, 0.6186770428015564, 0.622568093385214]","[0.7529182879377432, 0.7821011673151751, 0.7879377431906615, 0.77431906614786, 0.7684824902723736, 0.7840466926070039, 0.7782101167315175]",3,"[186, 154, 146]"
active_ordered,124,446,2055,21.70316301703163,0.6264591439688717,0.7812673707615342,"[0.6245136186770428, 0.6245136186770428, 0.6264591439688716, 0.6361867704280155, 0.6264591439688716, 0.6206225680933852, 0.6264591439688716]","[0.7723735408560312, 0.7859922178988327, 0.7840466926070039, 0.77431906614786, 0.7859922178988327, 0.7840466926070039, 0.7821011673151751]",3,"[3, 194, 146]"
active_ordered,125,449,2055,21.849148418491485,0.6336853807670929,0.7837687604224569,"[0.632295719844358, 0.632295719844358, 0.6284046692607004, 0.632295719844358, 0.6342412451361867, 0.6381322957198443, 0.6381322957198443]","[0.7762645914396887, 0.7898832684824902, 0.7821011673151751, 0.7782101167315175, 0.7801556420233463, 0.791828793774319, 0.7879377431906615]",3,"[5, 64, 6]"
active_ordered,126,452,2055,21.995133819951338,0.632573652028905,0.7876598110061145,"[0.6245136186770428, 0.6284046692607004, 0.6264591439688716, 0.6284046692607004, 0.6478599221789884, 0.632295719844358, 0.6400778210116731]","[0.7782101167315175, 0.791828793774319, 0.7898832684824902, 0.7840466926070039, 0.7898832684824902, 0.7898832684824902, 0.7898832684824902]",3,"[38, 105, 3]"
active_ordered,127,455,2055,22.14111922141119,0.6281267370761535,0.7846025569760978,"[0.632295719844358, 0.632295719844358, 0.6206225680933852, 0.6186770428015564, 0.632295719844358, 0.6245136186770428, 0.6361867704280155]","[0.7723735408560312, 0.7898832684824902, 0.791828793774319, 0.7859922178988327, 0.7762645914396887, 0.7898832684824902, 0.7859922178988327]",3,"[125, 220, 88]"
active_ordered,128,458,2055,22.287104622871045,0.6347971095052808,0.7915508615897721,"[0.6303501945525292, 0.6303501945525292, 0.6381322957198443, 0.632295719844358, 0.6400778210116731, 0.6381322957198443, 0.6342412451361867]","[0.7898832684824902, 0.7976653696498055, 0.7898832684824902, 0.7840466926070039, 0.7898832684824902, 0.791828793774319, 0.7976653696498055]",3,"[246, 29, 46]"
active_ordered,129,461,2055,22.4330900243309,0.6306281267370762,0.7929405225125069,"[0.6303501945525292, 0.6264591439688716, 0.6245136186770428, 0.6264591439688716, 0.6284046692607004, 0.6381322957198443, 0.6400778210116731]","[0.7898832684824902, 0.7976653696498055, 0.7898832684824902, 0.7937743190661478, 0.7996108949416343, 0.791828793774319, 0.7879377431906615]",3,"[202, 8, 37]"
active_ordered,130,464,2055,22.579075425790755,0.6306281267370762,0.7934963868816008,"[0.6186770428015564, 0.632295719844358, 0.622568093385214, 0.6284046692607004, 0.6303501945525292, 0.6361867704280155, 0.6459143968871596]","[0.7859922178988327, 0.8054474708171206, 0.7898832684824902, 0.7898832684824902, 0.7879377431906615, 0.7957198443579766, 0.7996108949416343]",3,"[146, 133, 20]"
active_ordered,131,467,2055,22.72506082725061,0.6431350750416899,0.7934963868816008,"[0.6400778210116731, 0.642023346303502, 0.6459143968871596, 0.6459143968871596, 0.6400778210116731, 0.6439688715953308, 0.6439688715953308]","[0.7859922178988327, 0.8015564202334631, 0.7976653696498055, 0.7821011673151751, 0.791828793774319, 0.7996108949416343, 0.7957198443579766]",3,"[9, 5, 181]"
active_ordered,132,470,2055,22.871046228710462,0.6397998888271262,0.7943301834352418,"[0.6361867704280155, 0.6361867704280155, 0.6342412451361867, 0.6361867704280155, 0.6439688715953308, 0.6459143968871596, 0.6459143968871596]","[0.7840466926070039, 0.7996108949416343, 0.791828793774319, 0.7937743190661478, 0.7898832684824902, 0.7996108949416343, 0.8015564202334631]",3,"[10, 3, 5]"
active_ordered,133,473,2055,23.017031630170315,0.6314619232907172,0.7937743190661478,"[0.622568093385214, 0.6284046692607004, 0.6361867704280155, 0.6342412451361867, 0.6381322957198443, 0.6284046692607004, 0.632295719844358]","[0.7879377431906615, 0.7976653696498055, 0.7879377431906615, 0.7937743190661478, 0.7976653696498055, 0.791828793774319, 0.7996108949416343]",3,"[107, 3, 3]"
active_ordered,134,476,2055,23.16301703163017,0.6278488048916065,0.7971095052807115,"[0.6245136186770428, 0.6264591439688716, 0.6284046692607004, 0.6303501945525292, 0.6303501945525292, 0.632295719844358, 0.622568093385214]","[0.7937743190661478, 0.8073929961089494, 0.7937743190661478, 0.791828793774319, 0.8015564202334631, 0.7976653696498055, 0.7937743190661478]",3,"[44, 5, 187]"
active_ordered,135,479,2055,23.309002433090026,0.6245136186770429,0.8001667593107281,"[0.6186770428015564, 0.6206225680933852, 0.6186770428015564, 0.632295719844358, 0.6264591439688716, 0.6245136186770428, 0.6303501945525292]","[0.7976653696498055, 0.7996108949416343, 0.8073929961089494, 0.8015564202334631, 0.7976653696498055, 0.7976653696498055, 0.7996108949416343]",3,"[78, 23, 9]"
active_ordered,136,482,2055,23.45498783454988,0.6309060589216232,0.7984991662034463,"[0.6128404669260701, 0.6284046692607004, 0.6303501945525292, 0.6284046692607004, 0.6400778210116731, 0.642023346303502, 0.6342412451361867]","[0.7937743190661478, 0.8015564202334631, 0.7976653696498055, 0.7937743190661478, 0.7976653696498055, 0.8054474708171206, 0.7996108949416343]",3,"[237, 189, 32]"
active_ordered,137,485,2055,23.600973236009732,0.6317398554752641,0.7968315730961645,"[0.6264591439688716, 0.6439688715953308, 0.6264591439688716, 0.6303501945525292, 0.6284046692607004, 0.6361867704280155, 0.6303501945525292]","[0.7957198443579766, 0.811284046692607, 0.7898832684824902, 0.7898832684824902, 0.7976653696498055, 0.7976653696498055, 0.7957198443579766]",3,"[3, 3, 201]"
active_ordered,138,488,2055,23.746958637469586,0.6359088382434687,0.7965536409116175,"[0.6303501945525292, 0.6400778210116731, 0.6284046692607004, 0.6342412451361867, 0.6361867704280155, 0.6459143968871596, 0.6361867704280155]","[0.791828793774319, 0.8093385214007782, 0.7937743190661478, 0.7957198443579766, 0.7976653696498055, 0.7976653696498055, 0.7898832684824902]",3,"[102, 3, 200]"
active_ordered,139,491,2055,23.89294403892944,0.6411895497498611,0.800722623679822,"[0.6361867704280155, 0.6478599221789884, 0.6400778210116731, 0.6439688715953308, 0.6439688715953308, 0.6400778210116731, 0.6361867704280155]","[0.7937743190661478, 0.8054474708171206, 0.7976653696498055, 0.7976653696498055, 0.7976653696498055, 0.811284046692607, 0.8015564202334631]",3,"[64, 100, 46]"
active_ordered,140,494,2055,24.038929440389296,0.6436909394107838,0.7993329627570872,"[0.642023346303502, 0.6498054474708171, 0.6381322957198443, 0.6361867704280155, 0.6478599221789884, 0.6459143968871596, 0.6459143968871596]","[0.7976653696498055, 0.8054474708171206, 0.7957198443579766, 0.7957198443579766, 0.8035019455252919, 0.7937743190661478, 0.8035019455252919]",3,"[123, 234, 120]"
active_ordered,141,497,2055,24.18491484184915,0.6445247359644247,0.8032240133407448,"[0.6459143968871596, 0.6381322957198443, 0.6439688715953308, 0.642023346303502, 0.6439688715953308, 0.6498054474708171, 0.6478599221789884]","[0.7976653696498055, 0.8093385214007782, 0.8035019455252919, 0.8054474708171206, 0.8151750972762646, 0.8035019455252919, 0.7879377431906615]",3,"[2, 3, 231]"
active_ordered,142,500,2055,24.330900243309003,0.6492495831017232,0.7998888271261811,"[0.6342412451361867, 0.6536964980544747, 0.6381322957198443, 0.6478599221789884, 0.6575875486381323, 0.6556420233463035, 0.6575875486381323]","[0.791828793774319, 0.8073929961089494, 0.7976653696498055, 0.7996108949416343, 0.7937743190661478, 0.7996108949416343, 0.8093385214007782]",3,"[3, 102, 9]"
active_ordered,143,503,2055,24.476885644768856,0.6500833796553641,0.7965536409116175,"[0.6381322957198443, 0.6595330739299611, 0.6517509727626459, 0.6478599221789884, 0.6498054474708171, 0.6575875486381323, 0.6459143968871596]","[0.7898832684824902, 0.8151750972762646, 0.7898832684824902, 0.7937743190661478, 0.7937743190661478, 0.7937743190661478, 0.7996108949416343]",3,"[2, 222, 3]"
active_ordered,144,506,2055,24.62287104622871,0.6475819899944414,0.7976653696498054,"[0.6439688715953308, 0.6575875486381323, 0.6361867704280155, 0.6361867704280155, 0.6478599221789884, 0.6575875486381323, 0.6536964980544747]","[0.7879377431906615, 0.8035019455252919, 0.7957198443579766, 0.7898832684824902, 0.7957198443579766, 0.8073929961089494, 0.8035019455252919]",3,"[25, 13, 3]"
active_ordered,145,509,2055,24.768856447688563,0.6489716509171762,0.7976653696498054,"[0.6439688715953308, 0.6478599221789884, 0.6478599221789884, 0.6478599221789884, 0.6498054474708171, 0.6634241245136187, 0.642023346303502]","[0.7898832684824902, 0.7937743190661478, 0.7957198443579766, 0.7957198443579766, 0.8093385214007782, 0.7976653696498055, 0.8015564202334631]",3,"[159, 162, 201]"
active_ordered,146,512,2055,24.91484184914842,0.6481378543635353,0.7984991662034463,"[0.642023346303502, 0.6536964980544747, 0.6342412451361867, 0.6459143968871596, 0.6536964980544747, 0.6517509727626459, 0.6556420233463035]","[0.7879377431906615, 0.8015564202334631, 0.7976653696498055, 0.7937743190661478, 0.8015564202334631, 0.8093385214007782, 0.7976653696498055]",3,"[240, 247, 150]"
active_ordered,147,515,2055,25.060827250608273,0.6448026681489717,0.7984991662034463,"[0.6361867704280155, 0.6536964980544747, 0.6400778210116731, 0.6342412451361867, 0.6439688715953308, 0.6517509727626459, 0.6536964980544747]","[0.7976653696498055, 0.7937743190661478, 0.7996108949416343, 0.7879377431906615, 0.8035019455252919, 0.8035019455252919, 0.8035019455252919]",3,"[4, 251, 171]"
active_ordered,148,518,2055,25.206812652068127,0.6431350750416899,0.7993329627570872,"[0.6342412451361867, 0.6400778210116731, 0.6459143968871596, 0.6361867704280155, 0.642023346303502, 0.6556420233463035, 0.6478599221789884]","[0.7957198443579766, 0.8093385214007782, 0.8054474708171206, 0.7937743190661478, 0.7879377431906615, 0.7976653696498055, 0.8054474708171206]",3,"[5, 225, 203]"
active_ordered,149,521,2055,25.35279805352798,0.6461923290717065,0.800722623679822,"[0.6400778210116731, 0.6459143968871596, 0.642023346303502, 0.6400778210116731, 0.642023346303502, 0.6614785992217899, 0.6517509727626459]","[0.7937743190661478, 0.7976653696498055, 0.8035019455252919, 0.7957198443579766, 0.8073929961089494, 0.8035019455252919, 0.8035019455252919]",3,"[216, 231, 87]"
active_ordered,150,524,2055,25.498783454987834,0.6478599221789884,0.8021122846025569,"[0.6498054474708171, 0.6556420233463035, 0.642023346303502, 0.632295719844358, 0.6517509727626459, 0.6459143968871596, 0.6575875486381323]","[0.7957198443579766, 0.8073929961089494, 0.791828793774319, 0.7996108949416343, 0.7996108949416343, 0.8035019455252919, 0.8171206225680934]",3,"[225, 150, 172]"
active_ordered,151,527,2055,25.644768856447687,0.6442468037798778,0.800722623679822,"[0.6381322957198443, 0.6556420233463035, 0.6381322957198443, 0.6400778210116731, 0.6517509727626459, 0.642023346303502, 0.6439688715953308]","[0.7898832684824902, 0.7996108949416343, 0.7976653696498055, 0.7957198443579766, 0.8073929961089494, 0.8093385214007782, 0.8054474708171206]",3,"[3, 5, 131]"
active_ordered,152,530,2055,25.790754257907544,0.6523068371317399,0.8048916064480266,"[0.6459143968871596, 0.6575875486381323, 0.6478599221789884, 0.6459143968871596, 0.6536964980544747, 0.6517509727626459, 0.6634241245136187]","[0.791828793774319, 0.8151750972762646, 0.7996108949416343, 0.8015564202334631, 0.8073929961089494, 0.811284046692607, 0.8073929961089494]",3,"[154, 66, 202]"
active_ordered,153,533,2055,25.936739659367397,0.6503613118399111,0.7987770983879933,"[0.6517509727626459, 0.6536964980544747, 0.6536964980544747, 0.6459143968871596, 0.6498054474708171, 0.642023346303502, 0.6556420233463035]","[0.791828793774319, 0.8015564202334631, 0.7937743190661478, 0.8015564202334631, 0.8054474708171206, 0.8015564202334631, 0.7957198443579766]",3,"[158, 159, 186]"
active_ordered,154,536,2055,26.08272506082725,0.6517509727626459,0.8021122846025569,"[0.6478599221789884, 0.6517509727626459, 0.6400778210116731, 0.6556420233463035, 0.6536964980544747, 0.6536964980544747, 0.6595330739299611]","[0.791828793774319, 0.8073929961089494, 0.8073929961089494, 0.7957198443579766, 0.8054474708171206, 0.8015564202334631, 0.8054474708171206]",3,"[174, 117, 172]"
active_ordered,155,539,2055,26.228710462287104,0.651473040578099,0.8004446914952751,"[0.6459143968871596, 0.6575875486381323, 0.6439688715953308, 0.6498054474708171, 0.6575875486381323, 0.6595330739299611, 0.6459143968871596]","[0.7879377431906615, 0.8073929961089494, 0.7996108949416343, 0.7957198443579766, 0.811284046692607, 0.7996108949416343, 0.8015564202334631]",3,"[246, 117, 172]"
active_ordered,156,542,2055,26.374695863746958,0.6531406336853808,0.8046136742634796,"[0.6439688715953308, 0.6614785992217899, 0.6517509727626459, 0.6400778210116731, 0.6595330739299611, 0.6556420233463035, 0.6595330739299611]","[0.7937743190661478, 0.8190661478599222, 0.8054474708171206, 0.8054474708171206, 0.7996108949416343, 0.7957198443579766, 0.8132295719844358]",3,"[117, 179, 10]"
active_ordered,157,545,2055,26.52068126520681,0.6536964980544747,0.8054474708171205,"[0.6536964980544747, 0.6478599221789884, 0.6595330739299611, 0.6361867704280155, 0.6634241245136187, 0.6575875486381323, 0.6575875486381323]","[0.7976653696498055, 0.8093385214007782, 0.7996108949416343, 0.8035019455252919, 0.8093385214007782, 0.8093385214007782, 0.8093385214007782]",3,"[187, 101, 75]"
active_ordered,158,548,2055,26.666666666666668,0.6542523624235687,0.8057254030016675,"[0.6556420233463035, 0.6478599221789884, 0.6478599221789884, 0.6517509727626459, 0.6634241245136187, 0.6556420233463035, 0.6575875486381323]","[0.8015564202334631, 0.8151750972762646, 0.7976653696498055, 0.8073929961089494, 0.8093385214007782, 0.8035019455252919, 0.8054474708171206]",3,"[187, 3, 74]"
active_ordered,159,551,2055,26.81265206812652,0.6573096164535853,0.8057254030016675,"[0.6459143968871596, 0.6614785992217899, 0.6517509727626459, 0.6575875486381323, 0.6673151750972762, 0.6556420233463035, 0.6614785992217899]","[0.8015564202334631, 0.8151750972762646, 0.7976653696498055, 0.7976653696498055, 0.8093385214007782, 0.8093385214007782, 0.8093385214007782]",3,"[5, 249, 161]"
active_ordered,160,554,2055,26.958637469586375,0.6553640911617565,0.8062812673707614,"[0.6439688715953308, 0.6517509727626459, 0.6595330739299611, 0.6614785992217899, 0.6595330739299611, 0.6556420233463035, 0.6556420233463035]","[0.7976653696498055, 0.8073929961089494, 0.8073929961089494, 0.8054474708171206, 0.8093385214007782, 0.8132295719844358, 0.8035019455252919]",3,"[66, 186, 75]"
active_ordered,161,557,2055,27.104622871046228,0.6639799888827127,0.8054474708171205,"[0.6536964980544747, 0.6750972762645915, 0.6614785992217899, 0.6536964980544747, 0.6731517509727627, 0.6770428015564203, 0.6536964980544747]","[0.7996108949416343, 0.811284046692607, 0.8035019455252919, 0.8015564202334631, 0.8132295719844358, 0.8035019455252919, 0.8054474708171206]",3,"[5, 5, 246]"
active_ordered,162,560,2055,27.25060827250608,0.6578654808226793,0.8054474708171205,"[0.6459143968871596, 0.6614785992217899, 0.6498054474708171, 0.6556420233463035, 0.6673151750972762, 0.6634241245136187, 0.6614785992217899]","[0.8035019455252919, 0.8190661478599222, 0.8015564202334631, 0.7996108949416343, 0.8054474708171206, 0.8073929961089494, 0.8015564202334631]",3,"[240, 117, 109]"
active_ordered,163,563,2055,27.39659367396594,0.6539744302390217,0.8046136742634796,"[0.642023346303502, 0.6575875486381323, 0.6498054474708171, 0.6575875486381323, 0.6517509727626459, 0.6614785992217899, 0.6575875486381323]","[0.7976653696498055, 0.811284046692607, 0.8015564202334631, 0.7996108949416343, 0.8035019455252919, 0.8171206225680934, 0.8015564202334631]",3,"[233, 240, 231]"
active_ordered,164,566,2055,27.54257907542579,0.6586992773763202,0.8018343524180099,"[0.6556420233463035, 0.6712062256809338, 0.6517509727626459, 0.6517509727626459, 0.6595330739299611, 0.6614785992217899, 0.6595330739299611]","[0.7957198443579766, 0.8132295719844358, 0.8035019455252919, 0.7957198443579766, 0.7976653696498055, 0.7996108949416343, 0.8073929961089494]",3,"[242, 207, 246]"
active_ordered,165,569,2055,27.688564476885645,0.6570316842690384,0.8071150639244024,"[0.6517509727626459, 0.6575875486381323, 0.6517509727626459, 0.6517509727626459, 0.6653696498054474, 0.6536964980544747, 0.6673151750972762]","[0.8054474708171206, 0.8132295719844358, 0.8054474708171206, 0.7996108949416343, 0.8054474708171206, 0.811284046692607, 0.8093385214007782]",3,"[5, 192, 118]"
active_ordered,166,572,2055,27.8345498783455,0.6525847693162868,0.8065591995553084,"[0.6517509727626459, 0.6653696498054474, 0.6478599221789884, 0.6478599221789884, 0.6536964980544747, 0.642023346303502, 0.6595330739299611]","[0.8015564202334631, 0.8093385214007782, 0.8015564202334631, 0.7996108949416343, 0.8132295719844358, 0.8073929961089494, 0.8132295719844358]",3,"[245, 97, 3]"
active_ordered,167,575,2055,27.980535279805352,0.6545302946081156,0.8062812673707614,"[0.6556420233463035, 0.6556420233463035, 0.6517509727626459, 0.6556420233463035, 0.6536964980544747, 0.6498054474708171, 0.6595330739299611]","[0.7937743190661478, 0.8171206225680934, 0.8073929961089494, 0.8035019455252919, 0.8054474708171206, 0.8093385214007782, 0.8073929961089494]",3,"[61, 222, 113]"
active_ordered,168,578,2055,28.126520681265205,0.6553640911617565,0.8093385214007781,"[0.6517509727626459, 0.6634241245136187, 0.6498054474708171, 0.6459143968871596, 0.6595330739299611, 0.6536964980544747, 0.6634241245136187]","[0.8035019455252919, 0.8171206225680934, 0.811284046692607, 0.7976653696498055, 0.8054474708171206, 0.8151750972762646, 0.8151750972762646]",3,"[203, 104, 59]"
active_ordered,169,581,2055,28.272506082725062,0.6523068371317399,0.810450250138966,"[0.642023346303502, 0.6536964980544747, 0.6536964980544747, 0.6459143968871596, 0.6536964980544747, 0.6614785992217899, 0.6556420233463035]","[0.8035019455252919, 0.8171206225680934, 0.8073929961089494, 0.7996108949416343, 0.8210116731517509, 0.8151750972762646, 0.8093385214007782]",3,"[125, 76, 3]"
active_ordered,170,584,2055,28.418491484184916,0.6548082267926626,0.810450250138966,"[0.6517509727626459, 0.6634241245136187, 0.6478599221789884, 0.6556420233463035, 0.6556420233463035, 0.6595330739299611, 0.6498054474708171]","[0.8035019455252919, 0.811284046692607, 0.8035019455252919, 0.811284046692607, 0.8229571984435797, 0.8015564202334631, 0.8190661478599222]",3,"[18, 219, 93]"
active_ordered,171,587,2055,28.56447688564477,0.6559199555308505,0.8062812673707614,"[0.6478599221789884, 0.6614785992217899, 0.6478599221789884, 0.6439688715953308, 0.6653696498054474, 0.6712062256809338, 0.6536964980544747]","[0.8054474708171206, 0.8132295719844358, 0.8054474708171206, 0.8015564202334631, 0.8073929961089494, 0.8054474708171206, 0.8054474708171206]",3,"[108, 36, 45]"
active_ordered,172,590,2055,28.710462287104622,0.6564758198999444,0.809894385769872,"[0.6381322957198443, 0.6614785992217899, 0.6595330739299611, 0.6556420233463035, 0.6575875486381323, 0.6653696498054474, 0.6575875486381323]","[0.8054474708171206, 0.8229571984435797, 0.8132295719844358, 0.8015564202334631, 0.8151750972762646, 0.8015564202334631, 0.8093385214007782]",3,"[120, 5, 101]"
active_ordered,173,593,2055,28.856447688564476,0.6595330739299611,0.8096164535853251,"[0.6459143968871596, 0.6634241245136187, 0.6536964980544747, 0.6634241245136187, 0.6595330739299611, 0.6614785992217899, 0.669260700389105]","[0.7996108949416343, 0.8093385214007782, 0.811284046692607, 0.8093385214007782, 0.8054474708171206, 0.8132295719844358, 0.8190661478599222]",3,"[90, 101, 86]"
active_ordered,174,596,2055,29.00243309002433,0.6645358532518065,0.8085047248471372,"[0.6556420233463035, 0.6750972762645915, 0.6575875486381323, 0.6614785992217899, 0.6634241245136187, 0.6712062256809338, 0.6673151750972762]","[0.8035019455252919, 0.8132295719844358, 0.811284046692607, 0.8054474708171206, 0.811284046692607, 0.8073929961089494, 0.8073929961089494]",3,"[11, 114, 38]"
active_ordered,175,599,2055,29.148418491484186,0.6617565314063368,0.810728182323513,"[0.6653696498054474, 0.6673151750972762, 0.6459143968871596, 0.6517509727626459, 0.6731517509727627, 0.6634241245136187, 0.6653696498054474]","[0.811284046692607, 0.8190661478599222, 0.8093385214007782, 0.811284046692607, 0.8054474708171206, 0.8073929961089494, 0.811284046692607]",3,"[75, 160, 5]"
active_ordered,176,602,2055,29.29440389294404,0.6714841578654809,0.8087826570316842,"[0.6673151750972762, 0.6750972762645915, 0.6575875486381323, 0.6750972762645915, 0.6712062256809338, 0.6653696498054474, 0.688715953307393]","[0.8035019455252919, 0.8210116731517509, 0.8132295719844358, 0.8035019455252919, 0.8054474708171206, 0.8035019455252919, 0.811284046692607]",3,"[35, 5, 78]"
active_ordered,177,605,2055,29.440389294403893,0.6684269038354641,0.8135075041689827,"[0.6614785992217899, 0.6712062256809338, 0.6653696498054474, 0.6595330739299611, 0.6789883268482491, 0.6634241245136187, 0.6789883268482491]","[0.8035019455252919, 0.8132295719844358, 0.811284046692607, 0.8093385214007782, 0.8210116731517509, 0.8151750972762646, 0.8210116731517509]",3,"[120, 178, 222]"
active_ordered,178,608,2055,29.586374695863746,0.6806559199555309,0.8137854363535296,"[0.6789883268482491, 0.6828793774319066, 0.6770428015564203, 0.6712062256809338, 0.688715953307393, 0.6867704280155642, 0.6789883268482491]","[0.8093385214007782, 0.8132295719844358, 0.8171206225680934, 0.811284046692607, 0.8249027237354085, 0.811284046692607, 0.8093385214007782]",3,"[151, 5, 5]"
active_ordered,179,611,2055,29.7323600973236,0.689271817676487,0.8135075041689827,"[0.6828793774319066, 0.6984435797665369, 0.6789883268482491, 0.6906614785992218, 0.6848249027237354, 0.6867704280155642, 0.7023346303501945]","[0.8073929961089494, 0.8132295719844358, 0.8132295719844358, 0.8132295719844358, 0.8132295719844358, 0.8151750972762646, 0.8190661478599222]",3,"[25, 29, 20]"
active_ordered,180,614,2055,29.878345498783457,0.6887159533073931,0.8148971650917175,"[0.6926070038910506, 0.6945525291828794, 0.6750972762645915, 0.6867704280155642, 0.6964980544747081, 0.688715953307393, 0.6867704280155642]","[0.8054474708171206, 0.811284046692607, 0.8171206225680934, 0.8171206225680934, 0.8268482490272373, 0.811284046692607, 0.8151750972762646]",3,"[61, 234, 3]"
active_ordered,181,617,2055,30.02433090024331,0.6934408004446916,0.8135075041689827,"[0.688715953307393, 0.6945525291828794, 0.6964980544747081, 0.6828793774319066, 0.6945525291828794, 0.7023346303501945, 0.6945525291828794]","[0.8093385214007782, 0.8229571984435797, 0.8132295719844358, 0.8073929961089494, 0.811284046692607, 0.8132295719844358, 0.8171206225680934]",3,"[4, 3, 124]"
active_ordered,182,620,2055,30.170316301703163,0.6931628682601446,0.8137854363535296,"[0.6867704280155642, 0.688715953307393, 0.6926070038910506, 0.6964980544747081, 0.6945525291828794, 0.6964980544747081, 0.6964980544747081]","[0.8093385214007782, 0.8171206225680934, 0.8151750972762646, 0.8073929961089494, 0.8210116731517509, 0.8151750972762646, 0.811284046692607]",3,"[160, 81, 117]"
active_ordered,183,623,2055,30.316301703163017,0.6951083935519734,0.8123957754307948,"[0.6964980544747081, 0.6926070038910506, 0.6906614785992218, 0.7042801556420234, 0.6926070038910506, 0.6906614785992218, 0.6984435797665369]","[0.811284046692607, 0.8151750972762646, 0.8132295719844358, 0.8132295719844358, 0.8151750972762646, 0.8132295719844358, 0.8054474708171206]",3,"[205, 117, 5]"
active_ordered,184,626,2055,30.46228710462287,0.6937187326292386,0.8154530294608114,"[0.6809338521400778, 0.7023346303501945, 0.6848249027237354, 0.6867704280155642, 0.6984435797665369, 0.7062256809338522, 0.6964980544747081]","[0.8035019455252919, 0.8151750972762646, 0.8151750972762646, 0.8132295719844358, 0.8151750972762646, 0.8249027237354085, 0.8210116731517509]",3,"[240, 211, 130]"
active_ordered,185,629,2055,30.608272506082724,0.6973318510283492,0.8146192329071705,"[0.688715953307393, 0.7003891050583657, 0.7003891050583657, 0.6906614785992218, 0.6984435797665369, 0.7062256809338522, 0.6964980544747081]","[0.8151750972762646, 0.8171206225680934, 0.8210116731517509, 0.8035019455252919, 0.8171206225680934, 0.8132295719844358, 0.8151750972762646]",3,"[114, 194, 25]"
active_ordered,186,632,2055,30.75425790754258,0.6951083935519734,0.8160088938299054,"[0.6848249027237354, 0.7062256809338522, 0.688715953307393, 0.688715953307393, 0.6964980544747081, 0.7023346303501945, 0.6984435797665369]","[0.8171206225680934, 0.8171206225680934, 0.8249027237354085, 0.8073929961089494, 0.8151750972762646, 0.811284046692607, 0.8190661478599222]",3,"[63, 25, 109]"
active_ordered,187,635,2055,30.900243309002434,0.7031684269038355,0.8221234018899387,"[0.6945525291828794, 0.7101167315175098, 0.7003891050583657, 0.688715953307393, 0.708171206225681, 0.7140077821011673, 0.7062256809338522]","[0.8171206225680934, 0.8190661478599222, 0.8249027237354085, 0.8190661478599222, 0.8268482490272373, 0.8190661478599222, 0.8287937743190662]",3,"[63, 130, 212]"
active_ordered,188,638,2055,31.046228710462287,0.7067815453029461,0.8246247915508614,"[0.7101167315175098, 0.7159533073929961, 0.7023346303501945, 0.7003891050583657, 0.7003891050583657, 0.7062256809338522, 0.7120622568093385]","[0.8171206225680934, 0.8268482490272373, 0.8249027237354085, 0.8249027237354085, 0.8249027237354085, 0.8287937743190662, 0.8249027237354085]",3,"[77, 187, 15]"
active_ordered,189,641,2055,31.19221411192214,0.7073374096720401,0.8262923846581434,"[0.6984435797665369, 0.708171206225681, 0.7062256809338522, 0.7101167315175098, 0.7003891050583657, 0.708171206225681, 0.7198443579766537]","[0.8190661478599222, 0.8249027237354085, 0.8326848249027238, 0.8287937743190662, 0.8287937743190662, 0.8249027237354085, 0.8249027237354085]",3,"[63, 205, 124]"
active_ordered,190,644,2055,31.338199513381994,0.7051139521956643,0.8268482490272373,"[0.6984435797665369, 0.7062256809338522, 0.7062256809338522, 0.7003891050583657, 0.7101167315175098, 0.708171206225681, 0.7062256809338522]","[0.8210116731517509, 0.8229571984435797, 0.8249027237354085, 0.830739299610895, 0.830739299610895, 0.8249027237354085, 0.8326848249027238]",3,"[240, 211, 139]"
active_ordered,191,647,2055,31.484184914841848,0.7084491384102279,0.8243468593663145,"[0.708171206225681, 0.708171206225681, 0.708171206225681, 0.7003891050583657, 0.7023346303501945, 0.7178988326848249, 0.7140077821011673]","[0.8190661478599222, 0.8249027237354085, 0.8249027237354085, 0.8190661478599222, 0.8249027237354085, 0.8287937743190662, 0.8287937743190662]",3,"[201, 124, 171]"
active_ordered,192,650,2055,31.630170316301705,0.7084491384102279,0.8271261812117843,"[0.7120622568093385, 0.7159533073929961, 0.7003891050583657, 0.7003891050583657, 0.6964980544747081, 0.7178988326848249, 0.7159533073929961]","[0.8229571984435797, 0.8249027237354085, 0.8229571984435797, 0.830739299610895, 0.8268482490272373, 0.8268482490272373, 0.8346303501945526]",3,"[39, 109, 178]"
active_ordered,193,653,2055,31.776155717761558,0.7098387993329628,0.8251806559199554,"[0.7062256809338522, 0.7217898832684825, 0.7159533073929961, 0.7023346303501945, 0.7042801556420234, 0.7159533073929961, 0.7023346303501945]","[0.8249027237354085, 0.8268482490272373, 0.8287937743190662, 0.8249027237354085, 0.8249027237354085, 0.8210116731517509, 0.8249027237354085]",3,"[131, 4, 204]"
active_ordered,194,656,2055,31.92214111922141,0.7090050027793219,0.8260144524735963,"[0.6926070038910506, 0.72568093385214, 0.7042801556420234, 0.7023346303501945, 0.7042801556420234, 0.7178988326848249, 0.7159533073929961]","[0.8171206225680934, 0.8287937743190662, 0.8287937743190662, 0.8190661478599222, 0.8326848249027238, 0.8249027237354085, 0.830739299610895]",3,"[204, 245, 5]"
active_ordered,195,659,2055,32.06812652068127,0.7134519177320734,0.828515842134519,"[0.7120622568093385, 0.7159533073929961, 0.7140077821011673, 0.7120622568093385, 0.7178988326848249, 0.7159533073929961, 0.7062256809338522]","[0.8171206225680934, 0.8268482490272373, 0.8326848249027238, 0.8229571984435797, 0.830739299610895, 0.8404669260700389, 0.8287937743190662]",3,"[5, 65, 5]"
active_ordered,196,662,2055,32.21411192214112,0.7126181211784325,0.8279599777654252,"[0.7042801556420234, 0.7198443579766537, 0.708171206225681, 0.7101167315175098, 0.7198443579766537, 0.7120622568093385, 0.7140077821011673]","[0.8210116731517509, 0.8249027237354085, 0.8326848249027238, 0.830739299610895, 0.8346303501945526, 0.8210116731517509, 0.830739299610895]",3,"[237, 3, 7]"
active_ordered,197,665,2055,32.360097323600975,0.7106725958866037,0.8262923846581433,"[0.7120622568093385, 0.7062256809338522, 0.7120622568093385, 0.7042801556420234, 0.7101167315175098, 0.7178988326848249, 0.7120622568093385]","[0.8268482490272373, 0.8229571984435797, 0.8249027237354085, 0.8249027237354085, 0.8287937743190662, 0.830739299610895, 0.8249027237354085]",3,"[45, 245, 102]"
active_ordered,198,668,2055,32.50608272506083,0.7106725958866037,0.8257365202890493,"[0.708171206225681, 0.7120622568093385, 0.6984435797665369, 0.7159533073929961, 0.7023346303501945, 0.7237354085603113, 0.7140077821011673]","[0.8229571984435797, 0.8249027237354085, 0.8268482490272373, 0.8229571984435797, 0.830739299610895, 0.8249027237354085, 0.8268482490272373]",3,"[208, 84, 158]"
active_ordered,199,671,2055,32.65206812652068,0.7056698165647582,0.8279599777654251,"[0.6964980544747081, 0.7159533073929961, 0.7023346303501945, 0.6964980544747081, 0.7062256809338522, 0.7159533073929961, 0.7062256809338522]","[0.8249027237354085, 0.8229571984435797, 0.8346303501945526, 0.8190661478599222, 0.830739299610895, 0.8287937743190662, 0.8346303501945526]",3,"[5, 188, 187]"
active_ordered,200,674,2055,32.798053527980535,0.7070594774874931,0.8262923846581433,"[0.7003891050583657, 0.708171206225681, 0.7140077821011673, 0.7023346303501945, 0.7023346303501945, 0.7101167315175098, 0.7120622568093385]","[0.8210116731517509, 0.8249027237354085, 0.830739299610895, 0.8210116731517509, 0.8287937743190662, 0.8249027237354085, 0.8326848249027238]",3,"[203, 89, 88]"
active_ordered,201,677,2055,32.94403892944039,0.708171206225681,0.8268482490272372,"[0.708171206225681, 0.7120622568093385, 0.6964980544747081, 0.7023346303501945, 0.708171206225681, 0.7198443579766537, 0.7101167315175098]","[0.8249027237354085, 0.8249027237354085, 0.830739299610895, 0.8249027237354085, 0.8287937743190662, 0.8268482490272373, 0.8268482490272373]",3,"[5, 18, 105]"
active_ordered,202,680,2055,33.09002433090024,0.7098387993329628,0.828515842134519,"[0.7062256809338522, 0.7159533073929961, 0.6984435797665369, 0.7062256809338522, 0.7101167315175098, 0.7217898832684825, 0.7101167315175098]","[0.8268482490272373, 0.8268482490272373, 0.8287937743190662, 0.8151750972762646, 0.8346303501945526, 0.830739299610895, 0.8365758754863813]",3,"[3, 3, 184]"
active_ordered,203,683,2055,33.236009732360095,0.7131739855475264,0.8279599777654251,"[0.7023346303501945, 0.7178988326848249, 0.7140077821011673, 0.708171206225681, 0.7198443579766537, 0.7159533073929961, 0.7140077821011673]","[0.8268482490272373, 0.8287937743190662, 0.8346303501945526, 0.8190661478599222, 0.8346303501945526, 0.8268482490272373, 0.8249027237354085]",3,"[5, 3, 127]"
active_ordered,204,686,2055,33.38199513381995,0.7101167315175098,0.8268482490272372,"[0.7042801556420234, 0.7120622568093385, 0.708171206225681, 0.7101167315175098, 0.7140077821011673, 0.7159533073929961, 0.7062256809338522]","[0.8249027237354085, 0.8287937743190662, 0.830739299610895, 0.8171206225680934, 0.830739299610895, 0.8287937743190662, 0.8268482490272373]",3,"[4, 109, 5]"
active_ordered,205,689,2055,33.5279805352798,0.7159533073929961,0.8268482490272372,"[0.708171206225681, 0.7237354085603113, 0.7178988326848249, 0.708171206225681, 0.7140077821011673, 0.7159533073929961, 0.7237354085603113]","[0.8249027237354085, 0.8268482490272373, 0.830739299610895, 0.8190661478599222, 0.8249027237354085, 0.8326848249027238, 0.8287937743190662]",3,"[3, 11, 3]"
active_ordered,206,692,2055,33.67396593673966,0.7178988326848249,0.8312951639799887,"[0.7217898832684825, 0.7237354085603113, 0.7120622568093385, 0.7101167315175098, 0.7120622568093385, 0.7217898832684825, 0.7237354085603113]","[0.8287937743190662, 0.8365758754863813, 0.8346303501945526, 0.8268482490272373, 0.830739299610895, 0.830739299610895, 0.830739299610895]",3,"[145, 119, 5]"
active_ordered,207,695,2055,33.819951338199516,0.7198443579766538,0.8304613674263479,"[0.7023346303501945, 0.7217898832684825, 0.7159533073929961, 0.7159533073929961, 0.7217898832684825, 0.7373540856031129, 0.7237354085603113]","[0.8268482490272373, 0.8346303501945526, 0.8229571984435797, 0.830739299610895, 0.8365758754863813, 0.830739299610895, 0.830739299610895]",3,"[68, 5, 3]"
active_ordered,208,698,2055,33.96593673965937,0.7195664257921067,0.8404669260700388,"[0.7237354085603113, 0.7334630350194552, 0.7062256809338522, 0.7159533073929961, 0.7159533073929961, 0.7178988326848249, 0.7237354085603113]","[0.8346303501945526, 0.8365758754863813, 0.8443579766536965, 0.8385214007782101, 0.8463035019455253, 0.8365758754863813, 0.8463035019455253]",3,"[102, 6, 3]"
active_ordered,209,701,2055,34.11192214111922,0.7295719844357977,0.8415786548082267,"[0.7237354085603113, 0.7470817120622568, 0.7217898832684825, 0.7295719844357976, 0.7237354085603113, 0.7295719844357976, 0.7315175097276264]","[0.8365758754863813, 0.8404669260700389, 0.8404669260700389, 0.8346303501945526, 0.8482490272373541, 0.8443579766536965, 0.8463035019455253]",3,"[6, 6, 145]"
active_ordered,210,704,2055,34.257907542579076,0.7287381878821568,0.8410227904391328,"[0.72568093385214, 0.7334630350194552, 0.7295719844357976, 0.7178988326848249, 0.7295719844357976, 0.7373540856031129, 0.7276264591439688]","[0.8385214007782101, 0.8404669260700389, 0.8482490272373541, 0.8346303501945526, 0.8404669260700389, 0.8424124513618677, 0.8424124513618677]",3,"[45, 68, 5]"
active_ordered,211,707,2055,34.40389294403893,0.7298499166203447,0.8460255697609782,"[0.7295719844357976, 0.7354085603112841, 0.7217898832684825, 0.7315175097276264, 0.7198443579766537, 0.7412451361867705, 0.7295719844357976]","[0.8482490272373541, 0.8501945525291829, 0.8443579766536965, 0.8404669260700389, 0.8521400778210116, 0.8463035019455253, 0.8404669260700389]",3,"[179, 154, 240]"
active_ordered,212,710,2055,34.54987834549878,0.7317954419121735,0.8435241801000555,"[0.7237354085603113, 0.7354085603112841, 0.7315175097276264, 0.7276264591439688, 0.7334630350194552, 0.7373540856031129, 0.7334630350194552]","[0.8346303501945526, 0.8443579766536965, 0.8424124513618677, 0.8424124513618677, 0.8540856031128404, 0.8463035019455253, 0.8404669260700389]",3,"[19, 77, 3]"
active_ordered,213,713,2055,34.695863746958636,0.7334630350194553,0.8449138410227903,"[0.72568093385214, 0.7392996108949417, 0.72568093385214, 0.7315175097276264, 0.7431906614785992, 0.7354085603112841, 0.7334630350194552]","[0.8424124513618677, 0.8482490272373541, 0.8424124513618677, 0.8404669260700389, 0.8482490272373541, 0.8443579766536965, 0.8482490272373541]",3,"[88, 5, 90]"
active_ordered,214,716,2055,34.84184914841849,0.7320733740967205,0.8451917732073373,"[0.7334630350194552, 0.7354085603112841, 0.7334630350194552, 0.7217898832684825, 0.7276264591439688, 0.72568093385214, 0.7470817120622568]","[0.8404669260700389, 0.8463035019455253, 0.8482490272373541, 0.8365758754863813, 0.8482490272373541, 0.8482490272373541, 0.8482490272373541]",3,"[6, 169, 5]"
active_ordered,215,719,2055,34.98783454987834,0.7284602556976099,0.8446359088382434,"[0.7159533073929961, 0.7315175097276264, 0.7237354085603113, 0.7237354085603113, 0.7295719844357976, 0.7412451361867705, 0.7334630350194552]","[0.8385214007782101, 0.8443579766536965, 0.8443579766536965, 0.8463035019455253, 0.8385214007782101, 0.8501945525291829, 0.8501945525291829]",3,"[61, 108, 102]"
active_ordered,216,722,2055,35.1338199513382,0.7292940522512508,0.8432462479155085,"[0.7178988326848249, 0.7334630350194552, 0.7373540856031129, 0.7295719844357976, 0.7237354085603113, 0.7315175097276264, 0.7315175097276264]","[0.8424124513618677, 0.8404669260700389, 0.8443579766536965, 0.8346303501945526, 0.8443579766536965, 0.8482490272373541, 0.8482490272373541]",3,"[6, 3, 77]"
active_ordered,217,725,2055,35.27980535279806,0.7329071706503614,0.8440800444691494,"[0.7315175097276264, 0.7276264591439688, 0.7354085603112841, 0.7237354085603113, 0.72568093385214, 0.7392996108949417, 0.7470817120622568]","[0.8463035019455253, 0.8385214007782101, 0.8443579766536965, 0.8424124513618677, 0.857976653696498, 0.8404669260700389, 0.8385214007782101]",3,"[233, 90, 245]"
active_ordered,218,728,2055,35.42579075425791,0.7309616453585326,0.8440800444691494,"[0.7334630350194552, 0.7354085603112841, 0.7276264591439688, 0.7237354085603113, 0.7217898832684825, 0.7392996108949417, 0.7354085603112841]","[0.8424124513618677, 0.8443579766536965, 0.8463035019455253, 0.8463035019455253, 0.8463035019455253, 0.8404669260700389, 0.8424124513618677]",3,"[124, 245, 150]"
active_ordered,219,731,2055,35.571776155717764,0.7354085603112841,0.8454697053918843,"[0.745136186770428, 0.7431906614785992, 0.7276264591439688, 0.72568093385214, 0.7354085603112841, 0.7373540856031129, 0.7334630350194552]","[0.8443579766536965, 0.8443579766536965, 0.8482490272373541, 0.8482490272373541, 0.8385214007782101, 0.8482490272373541, 0.8463035019455253]",3,"[3, 5, 249]"
active_ordered,220,734,2055,35.71776155717762,0.7356864924958311,0.8438021122846024,"[0.7373540856031129, 0.7295719844357976, 0.7392996108949417, 0.7315175097276264, 0.7354085603112841, 0.7470817120622568, 0.7295719844357976]","[0.8404669260700389, 0.8463035019455253, 0.8443579766536965, 0.8463035019455253, 0.8463035019455253, 0.8404669260700389, 0.8424124513618677]",3,"[248, 226, 160]"
active_ordered,221,737,2055,35.86374695863747,0.7351306281267371,0.8449138410227903,"[0.7354085603112841, 0.7354085603112841, 0.7354085603112841, 0.7354085603112841, 0.7354085603112841, 0.7334630350194552, 0.7354085603112841]","[0.8424124513618677, 0.8501945525291829, 0.8443579766536965, 0.8404669260700389, 0.8501945525291829, 0.8443579766536965, 0.8424124513618677]",3,"[57, 124, 246]"
active_ordered,222,740,2055,36.009732360097324,0.7340188993885493,0.8449138410227903,"[0.7276264591439688, 0.7431906614785992, 0.72568093385214, 0.7315175097276264, 0.7412451361867705, 0.7392996108949417, 0.7295719844357976]","[0.8424124513618677, 0.8404669260700389, 0.8463035019455253, 0.8521400778210116, 0.8463035019455253, 0.8501945525291829, 0.8365758754863813]",3,"[204, 7, 61]"
active_ordered,223,743,2055,36.15571776155718,0.7334630350194553,0.8446359088382434,"[0.7276264591439688, 0.7373540856031129, 0.7373540856031129, 0.7276264591439688, 0.7315175097276264, 0.7315175097276264, 0.7412451361867705]","[0.8424124513618677, 0.8501945525291829, 0.8501945525291829, 0.8385214007782101, 0.8463035019455253, 0.8443579766536965, 0.8404669260700389]",3,"[179, 5, 5]"
active_ordered,224,746,2055,36.30170316301703,0.7340188993885493,0.8451917732073373,"[0.7295719844357976, 0.7392996108949417, 0.72568093385214, 0.7295719844357976, 0.7373540856031129, 0.7334630350194552, 0.7431906614785992]","[0.8463035019455253, 0.8501945525291829, 0.8463035019455253, 0.8404669260700389, 0.8482490272373541, 0.8424124513618677, 0.8424124513618677]",3,"[248, 163, 240]"
active_ordered,225,749,2055,36.447688564476884,0.7387437465258477,0.8463035019455252,"[0.72568093385214, 0.7431906614785992, 0.7295719844357976, 0.7470817120622568, 0.7392996108949417, 0.745136186770428, 0.7412451361867705]","[0.8385214007782101, 0.8482490272373541, 0.8521400778210116, 0.8424124513618677, 0.8501945525291829, 0.8443579766536965, 0.8482490272373541]",3,"[213, 237, 3]"
active_ordered,226,752,2055,36.59367396593674,0.7354085603112841,0.8451917732073373,"[0.7198443579766537, 0.7431906614785992, 0.7373540856031129, 0.7354085603112841, 0.7431906614785992, 0.7295719844357976, 0.7392996108949417]","[0.8501945525291829, 0.8443579766536965, 0.8385214007782101, 0.8501945525291829, 0.8463035019455253, 0.8443579766536965, 0.8424124513618677]",3,"[3, 154, 88]"
active_ordered,227,755,2055,36.73965936739659,0.7356864924958311,0.84769316286826,"[0.7373540856031129, 0.7295719844357976, 0.7237354085603113, 0.7412451361867705, 0.7412451361867705, 0.7431906614785992, 0.7334630350194552]","[0.8463035019455253, 0.8560311284046692, 0.8463035019455253, 0.8385214007782101, 0.8463035019455253, 0.8482490272373541, 0.8521400778210116]",3,"[178, 5, 102]"
active_ordered,228,758,2055,36.885644768856444,0.7356864924958311,0.8429683157309615,"[0.7354085603112841, 0.745136186770428, 0.7334630350194552, 0.7334630350194552, 0.7315175097276264, 0.7315175097276264, 0.7392996108949417]","[0.8346303501945526, 0.8443579766536965, 0.8404669260700389, 0.8443579766536965, 0.8463035019455253, 0.8404669260700389, 0.8501945525291829]",3,"[148, 88, 88]"
active_ordered,229,761,2055,37.031630170316305,0.7406892718176765,0.8468593663146191,"[0.7315175097276264, 0.7509727626459144, 0.7315175097276264, 0.7373540856031129, 0.7373540856031129, 0.7470817120622568, 0.7490272373540856]","[0.8424124513618677, 0.8443579766536965, 0.8521400778210116, 0.8424124513618677, 0.8463035019455253, 0.8560311284046692, 0.8443579766536965]",3,"[231, 3, 231]"
active_ordered,230,764,2055,37.17761557177616,0.7295719844357977,0.8446359088382434,"[0.7159533073929961, 0.7354085603112841, 0.7295719844357976, 0.7392996108949417, 0.7217898832684825, 0.7392996108949417, 0.72568093385214]","[0.8385214007782101, 0.8443579766536965, 0.8463035019455253, 0.8463035019455253, 0.8482490272373541, 0.8463035019455253, 0.8424124513618677]",3,"[154, 249, 172]"
active_ordered,231,767,2055,37.32360097323601,0.7370761534185659,0.8488048916064479,"[0.7276264591439688, 0.7373540856031129, 0.7354085603112841, 0.7412451361867705, 0.7373540856031129, 0.7373540856031129, 0.7431906614785992]","[0.8482490272373541, 0.8424124513618677, 0.8521400778210116, 0.8521400778210116, 0.8501945525291829, 0.8482490272373541, 0.8482490272373541]",3,"[249, 102, 5]"
active_ordered,232,770,2055,37.469586374695865,0.7373540856031129,0.8468593663146191,"[0.7295719844357976, 0.7470817120622568, 0.7276264591439688, 0.7315175097276264, 0.7470817120622568, 0.7373540856031129, 0.7412451361867705]","[0.8385214007782101, 0.8443579766536965, 0.8482490272373541, 0.8482490272373541, 0.8540856031128404, 0.8463035019455253, 0.8482490272373541]",3,"[70, 3, 154]"
active_ordered,233,773,2055,37.61557177615572,0.735964424680378,0.847971095052807,"[0.7198443579766537, 0.7354085603112841, 0.7431906614785992, 0.7295719844357976, 0.7431906614785992, 0.7392996108949417, 0.7412451361867705]","[0.8463035019455253, 0.8501945525291829, 0.8501945525291829, 0.8463035019455253, 0.8521400778210116, 0.8482490272373541, 0.8424124513618677]",3,"[242, 3, 11]"
active_ordered,234,776,2055,37.76155717761557,0.7342968315730962,0.8463035019455252,"[0.7237354085603113, 0.7354085603112841, 0.7412451361867705, 0.7315175097276264, 0.7276264591439688, 0.7470817120622568, 0.7334630350194552]","[0.8482490272373541, 0.8443579766536965, 0.8482490272373541, 0.8424124513618677, 0.8521400778210116, 0.8482490272373541, 0.8404669260700389]",3,"[32, 153, 249]"
active_ordered,235,779,2055,37.907542579075425,0.7326292384658143,0.8460255697609782,"[0.7295719844357976, 0.7334630350194552, 0.7276264591439688, 0.7276264591439688, 0.7392996108949417, 0.7315175097276264, 0.7392996108949417]","[0.8443579766536965, 0.8424124513618677, 0.8463035019455253, 0.8501945525291829, 0.8482490272373541, 0.8443579766536965, 0.8463035019455253]",3,"[171, 61, 32]"
active_ordered,236,782,2055,38.05352798053528,0.7334630350194553,0.8443579766536964,"[0.7276264591439688, 0.7334630350194552, 0.7276264591439688, 0.7276264591439688, 0.7412451361867705, 0.7431906614785992, 0.7334630350194552]","[0.8424124513618677, 0.8385214007782101, 0.8385214007782101, 0.8443579766536965, 0.857976653696498, 0.8482490272373541, 0.8404669260700389]",3,"[111, 15, 3]"
active_ordered,237,785,2055,38.19951338199513,0.7351306281267371,0.8440800444691494,"[0.7334630350194552, 0.7412451361867705, 0.7217898832684825, 0.7334630350194552, 0.7276264591439688, 0.7412451361867705, 0.7470817120622568]","[0.8424124513618677, 0.8424124513618677, 0.8424124513618677, 0.8424124513618677, 0.8482490272373541, 0.8482490272373541, 0.8424124513618677]",3,"[6, 111, 104]"
active_ordered,238,788,2055,38.345498783454985,0.7317954419121735,0.8432462479155085,"[0.72568093385214, 0.7276264591439688, 0.7276264591439688, 0.72568093385214, 0.7373540856031129, 0.7373540856031129, 0.7412451361867705]","[0.8385214007782101, 0.8443579766536965, 0.8424124513618677, 0.8404669260700389, 0.8424124513618677, 0.8501945525291829, 0.8443579766536965]",3,"[2, 3, 3]"
active_ordered,239,791,2055,38.49148418491484,0.736520289049472,0.8446359088382434,"[0.7315175097276264, 0.7431906614785992, 0.7334630350194552, 0.72568093385214, 0.7373540856031129, 0.7354085603112841, 0.7490272373540856]","[0.8463035019455253, 0.8482490272373541, 0.8443579766536965, 0.8404669260700389, 0.8501945525291829, 0.8443579766536965, 0.8385214007782101]",3,"[98, 251, 1]"
active_ordered,240,794,2055,38.6374695863747,0.7334630350194553,0.8451917732073373,"[0.7217898832684825, 0.7412451361867705, 0.7392996108949417, 0.7295719844357976, 0.7315175097276264, 0.7334630350194552, 0.7373540856031129]","[0.8463035019455253, 0.8463035019455253, 0.8424124513618677, 0.8463035019455253, 0.8482490272373541, 0.8463035019455253, 0.8404669260700389]",3,"[98, 3, 249]"
active_ordered,241,797,2055,38.78345498783455,0.7323513062812674,0.847415230683713,"[0.7237354085603113, 0.7315175097276264, 0.72568093385214, 0.7295719844357976, 0.7334630350194552, 0.745136186770428, 0.7373540856031129]","[0.8365758754863813, 0.8482490272373541, 0.8540856031128404, 0.8501945525291829, 0.8560311284046692, 0.8463035019455253, 0.8404669260700389]",3,"[5, 89, 249]"
active_ordered,242,800,2055,38.929440389294406,0.736520289049472,0.8471372984991661,"[0.7334630350194552, 0.7334630350194552, 0.7373540856031129, 0.7373540856031129, 0.7431906614785992, 0.7392996108949417, 0.7315175097276264]","[0.8482490272373541, 0.8521400778210116, 0.8443579766536965, 0.8482490272373541, 0.8501945525291829, 0.8482490272373541, 0.8385214007782101]",3,"[6, 44, 125]"
active_ordered,243,803,2055,39.07542579075426,0.736242356864925,0.8513062812673706,"[0.7354085603112841, 0.7392996108949417, 0.7276264591439688, 0.7315175097276264, 0.7354085603112841, 0.745136186770428, 0.7392996108949417]","[0.8482490272373541, 0.8540856031128404, 0.8521400778210116, 0.8482490272373541, 0.8521400778210116, 0.8560311284046692, 0.8482490272373541]",3,"[124, 234, 231]"
active_ordered,244,806,2055,39.22141119221411,0.7387437465258477,0.8501945525291827,"[0.7354085603112841, 0.745136186770428, 0.7315175097276264, 0.7354085603112841, 0.7392996108949417, 0.745136186770428, 0.7392996108949417]","[0.8521400778210116, 0.8501945525291829, 0.8482490272373541, 0.8482490272373541, 0.857976653696498, 0.8482490272373541, 0.8463035019455253]",3,"[3, 160, 208]"
active_ordered,245,809,2055,39.367396593673966,0.7412451361867705,0.848249027237354,"[0.7295719844357976, 0.7470817120622568, 0.7373540856031129, 0.7470817120622568, 0.745136186770428, 0.7431906614785992, 0.7392996108949417]","[0.8463035019455253, 0.8501945525291829, 0.8501945525291829, 0.8482490272373541, 0.8482490272373541, 0.8501945525291829, 0.8443579766536965]",3,"[5, 164, 189]"
active_ordered,246,812,2055,39.51338199513382,0.736242356864925,0.84769316286826,"[0.7373540856031129, 0.7334630350194552, 0.7315175097276264, 0.7354085603112841, 0.7431906614785992, 0.7392996108949417, 0.7334630350194552]","[0.8501945525291829, 0.8482490272373541, 0.8501945525291829, 0.8501945525291829, 0.8482490272373541, 0.8443579766536965, 0.8424124513618677]",3,"[207, 114, 93]"
active_ordered,247,815,2055,39.65936739659367,0.7345747637576432,0.84769316286826,"[0.7392996108949417, 0.7315175097276264, 0.7315175097276264, 0.7354085603112841, 0.7373540856031129, 0.7354085603112841, 0.7315175097276264]","[0.8424124513618677, 0.8463035019455253, 0.8501945525291829, 0.8482490272373541, 0.8521400778210116, 0.8482490272373541, 0.8463035019455253]",3,"[5, 3, 3]"
active_ordered,248,818,2055,39.805352798053526,0.7395775430794886,0.8471372984991661,"[0.7295719844357976, 0.7431906614785992, 0.7334630350194552, 0.745136186770428, 0.745136186770428, 0.7392996108949417, 0.7412451361867705]","[0.8404669260700389, 0.8482490272373541, 0.8521400778210116, 0.8540856031128404, 0.8463035019455253, 0.8482490272373541, 0.8404669260700389]",3,"[248, 61, 5]"
active_ordered,249,821,2055,39.95133819951338,0.7387437465258477,0.8485269594219009,"[0.7373540856031129, 0.7373540856031129, 0.7354085603112841, 0.7392996108949417, 0.7354085603112841, 0.7470817120622568, 0.7392996108949417]","[0.8482490272373541, 0.8521400778210116, 0.8463035019455253, 0.8501945525291829, 0.8482490272373541, 0.8501945525291829, 0.8443579766536965]",3,"[159, 212, 180]"
active_ordered,250,824,2055,40.09732360097323,0.7412451361867705,0.8446359088382434,"[0.7392996108949417, 0.7392996108949417, 0.7373540856031129, 0.7412451361867705, 0.7490272373540856, 0.745136186770428, 0.7373540856031129]","[0.8326848249027238, 0.8424124513618677, 0.8463035019455253, 0.8540856031128404, 0.8443579766536965, 0.8540856031128404, 0.8385214007782101]",3,"[29, 198, 90]"
active_ordered,251,827,2055,40.24330900243309,0.7459699833240689,0.8460255697609782,"[0.7470817120622568, 0.7470817120622568, 0.7276264591439688, 0.7412451361867705, 0.7568093385214008, 0.7509727626459144, 0.7509727626459144]","[0.8463035019455253, 0.8482490272373541, 0.8443579766536965, 0.8443579766536965, 0.8501945525291829, 0.8404669260700389, 0.8482490272373541]",3,"[187, 9, 43]"
active_ordered,252,830,2055,40.38929440389295,0.7379099499722068,0.8451917732073373,"[0.7392996108949417, 0.7354085603112841, 0.7412451361867705, 0.7295719844357976, 0.7392996108949417, 0.7490272373540856, 0.7315175097276264]","[0.8463035019455253, 0.8463035019455253, 0.8385214007782101, 0.8424124513618677, 0.8521400778210116, 0.8443579766536965, 0.8463035019455253]",3,"[5, 5, 226]"
active_ordered,253,833,2055,40.5352798053528,0.7390216787103947,0.848249027237354,"[0.7354085603112841, 0.7470817120622568, 0.7470817120622568, 0.7334630350194552, 0.7334630350194552, 0.7431906614785992, 0.7334630350194552]","[0.8443579766536965, 0.8482490272373541, 0.8385214007782101, 0.8521400778210116, 0.8521400778210116, 0.8501945525291829, 0.8521400778210116]",3,"[6, 235, 134]"
active_ordered,254,836,2055,40.681265206812654,0.7406892718176765,0.8465814341300721,"[0.7354085603112841, 0.7470817120622568, 0.7354085603112841, 0.7315175097276264, 0.7529182879377432, 0.7373540856031129, 0.745136186770428]","[0.8404669260700389, 0.8501945525291829, 0.8463035019455253, 0.8463035019455253, 0.8521400778210116, 0.8463035019455253, 0.8443579766536965]",3,"[10, 3, 247]"
active_ordered,255,839,2055,40.82725060827251,0.7445803224013341,0.847971095052807,"[0.7431906614785992, 0.7412451361867705, 0.7431906614785992, 0.7431906614785992, 0.7490272373540856, 0.7509727626459144, 0.7412451361867705]","[0.8443579766536965, 0.8463035019455253, 0.8540856031128404, 0.8424124513618677, 0.8482490272373541, 0.8482490272373541, 0.8521400778210116]",3,"[5, 159, 5]"
active_ordered,256,842,2055,40.97323600973236,0.7479155086158977,0.8451917732073373,"[0.7490272373540856, 0.7431906614785992, 0.7412451361867705, 0.7529182879377432, 0.754863813229572, 0.754863813229572, 0.7392996108949417]","[0.8385214007782101, 0.8482490272373541, 0.8521400778210116, 0.8404669260700389, 0.8463035019455253, 0.8482490272373541, 0.8424124513618677]",3,"[5, 159, 249]"
active_ordered,257,845,2055,41.119221411192214,0.7484713729849917,0.8449138410227903,"[0.7431906614785992, 0.7568093385214008, 0.7490272373540856, 0.7431906614785992, 0.745136186770428, 0.7568093385214008, 0.745136186770428]","[0.8443579766536965, 0.8521400778210116, 0.8385214007782101, 0.8501945525291829, 0.8540856031128404, 0.8385214007782101, 0.8365758754863813]",3,"[158, 249, 191]"
active_ordered,258,848,2055,41.26520681265207,0.7473596442468038,0.8471372984991661,"[0.7373540856031129, 0.7490272373540856, 0.7392996108949417, 0.745136186770428, 0.754863813229572, 0.7607003891050583, 0.745136186770428]","[0.8482490272373541, 0.8521400778210116, 0.8501945525291829, 0.8443579766536965, 0.8501945525291829, 0.8424124513618677, 0.8424124513618677]",3,"[101, 231, 120]"
active_ordered,259,851,2055,41.41119221411192,0.745692051139522,0.8468593663146191,"[0.7392996108949417, 0.7587548638132295, 0.7509727626459144, 0.7431906614785992, 0.7373540856031129, 0.7470817120622568, 0.7431906614785992]","[0.8385214007782101, 0.8521400778210116, 0.8463035019455253, 0.8424124513618677, 0.8501945525291829, 0.8540856031128404, 0.8443579766536965]",3,"[5, 231, 47]"
active_ordered,260,854,2055,41.557177615571774,0.7462479155086159,0.8454697053918843,"[0.7354085603112841, 0.7587548638132295, 0.7276264591439688, 0.7431906614785992, 0.7568093385214008, 0.7587548638132295, 0.7431906614785992]","[0.8404669260700389, 0.8482490272373541, 0.8424124513618677, 0.8443579766536965, 0.8443579766536965, 0.8443579766536965, 0.8540856031128404]",3,"[249, 3, 106]"
active_ordered,261,857,2055,41.70316301703163,0.745136186770428,0.8446359088382434,"[0.7431906614785992, 0.754863813229572, 0.7373540856031129, 0.754863813229572, 0.7354085603112841, 0.7470817120622568, 0.7431906614785992]","[0.8482490272373541, 0.8482490272373541, 0.8482490272373541, 0.8482490272373541, 0.8424124513618677, 0.8385214007782101, 0.8385214007782101]",3,"[3, 5, 20]"
active_ordered,262,860,2055,41.84914841849148,0.7470817120622568,0.8438021122846024,"[0.7431906614785992, 0.745136186770428, 0.7529182879377432, 0.7412451361867705, 0.7509727626459144, 0.7490272373540856, 0.7470817120622568]","[0.8385214007782101, 0.8443579766536965, 0.8501945525291829, 0.8385214007782101, 0.8424124513618677, 0.8482490272373541, 0.8443579766536965]",3,"[11, 3, 81]"
active_ordered,263,863,2055,41.99513381995134,0.7484713729849917,0.8454697053918843,"[0.7354085603112841, 0.7470817120622568, 0.754863813229572, 0.7470817120622568, 0.7529182879377432, 0.7568093385214008, 0.745136186770428]","[0.8443579766536965, 0.8482490272373541, 0.8404669260700389, 0.8463035019455253, 0.8501945525291829, 0.8443579766536965, 0.8443579766536965]",3,"[3, 247, 87]"
active_ordered,264,866,2055,42.141119221411195,0.7487493051695386,0.8449138410227903,"[0.7412451361867705, 0.7529182879377432, 0.7509727626459144, 0.7412451361867705, 0.7529182879377432, 0.754863813229572, 0.7470817120622568]","[0.8443579766536965, 0.8482490272373541, 0.8443579766536965, 0.8404669260700389, 0.8540856031128404, 0.8463035019455253, 0.8365758754863813]",3,"[16, 5, 51]"
active_ordered,265,869,2055,42.28710462287105,0.7462479155086159,0.8451917732073373,"[0.7431906614785992, 0.7509727626459144, 0.7373540856031129, 0.7490272373540856, 0.7412451361867705, 0.7529182879377432, 0.7490272373540856]","[0.8443579766536965, 0.8424124513618677, 0.8521400778210116, 0.8463035019455253, 0.8463035019455253, 0.8443579766536965, 0.8404669260700389]",3,"[105, 187, 3]"
active_ordered,266,872,2055,42.4330900243309,0.745414118954975,0.8429683157309615,"[0.7431906614785992, 0.7490272373540856, 0.7412451361867705, 0.7392996108949417, 0.7470817120622568, 0.7529182879377432, 0.745136186770428]","[0.8424124513618677, 0.8443579766536965, 0.8424124513618677, 0.8424124513618677, 0.8424124513618677, 0.8424124513618677, 0.8443579766536965]",3,"[86, 29, 138]"
active_ordered,267,875,2055,42.579075425790755,0.7493051695386326,0.8471372984991661,"[0.7490272373540856, 0.745136186770428, 0.7509727626459144, 0.7490272373540856, 0.7490272373540856, 0.754863813229572, 0.7470817120622568]","[0.8482490272373541, 0.8540856031128404, 0.8424124513618677, 0.8482490272373541, 0.8521400778210116, 0.8443579766536965, 0.8404669260700389]",3,"[39, 88, 190]"
active_ordered,268,878,2055,42.72506082725061,0.7509727626459144,0.8410227904391328,"[0.7412451361867705, 0.7568093385214008, 0.7529182879377432, 0.7529182879377432, 0.7431906614785992, 0.7529182879377432, 0.7568093385214008]","[0.8346303501945526, 0.8443579766536965, 0.8463035019455253, 0.8404669260700389, 0.8404669260700389, 0.8404669260700389, 0.8404669260700389]",3,"[138, 176, 3]"
active_ordered,269,881,2055,42.87104622871046,0.7423568649249583,0.8404669260700388,"[0.7373540856031129, 0.7470817120622568, 0.7412451361867705, 0.7431906614785992, 0.7431906614785992, 0.7470817120622568, 0.7373540856031129]","[0.8404669260700389, 0.8404669260700389, 0.8404669260700389, 0.8482490272373541, 0.8346303501945526, 0.8404669260700389, 0.8385214007782101]",3,"[176, 176, 38]"
active_ordered,270,884,2055,43.017031630170315,0.7462479155086159,0.8438021122846024,"[0.7354085603112841, 0.7529182879377432, 0.7529182879377432, 0.7354085603112841, 0.7490272373540856, 0.754863813229572, 0.7431906614785992]","[0.8424124513618677, 0.8482490272373541, 0.8501945525291829, 0.8443579766536965, 0.8404669260700389, 0.8443579766536965, 0.8365758754863813]",3,"[241, 122, 13]"
active_ordered,271,887,2055,43.16301703163017,0.7493051695386326,0.8449138410227903,"[0.7470817120622568, 0.7470817120622568, 0.745136186770428, 0.7490272373540856, 0.7490272373540856, 0.754863813229572, 0.7529182879377432]","[0.8463035019455253, 0.8424124513618677, 0.8521400778210116, 0.8365758754863813, 0.8540856031128404, 0.8404669260700389, 0.8424124513618677]",3,"[212, 204, 20]"
active_ordered,272,890,2055,43.30900243309002,0.7504168982768205,0.84769316286826,"[0.754863813229572, 0.7529182879377432, 0.7529182879377432, 0.7431906614785992, 0.7529182879377432, 0.7490272373540856, 0.7470817120622568]","[0.8501945525291829, 0.8463035019455253, 0.8501945525291829, 0.8501945525291829, 0.8521400778210116, 0.8424124513618677, 0.8424124513618677]",3,"[247, 5, 28]"
active_ordered,273,893,2055,43.454987834549875,0.7501389660922735,0.8407448582545858,"[0.745136186770428, 0.745136186770428, 0.7509727626459144, 0.7509727626459144, 0.754863813229572, 0.7529182879377432, 0.7509727626459144]","[0.8443579766536965, 0.8385214007782101, 0.8540856031128404, 0.8326848249027238, 0.8443579766536965, 0.8365758754863813, 0.8346303501945526]",3,"[154, 5, 5]"
active_ordered,274,896,2055,43.60097323600973,0.7443023902167871,0.8471372984991661,"[0.7373540856031129, 0.754863813229572, 0.7392996108949417, 0.7373540856031129, 0.7392996108949417, 0.7529182879377432, 0.7490272373540856]","[0.8424124513618677, 0.8501945525291829, 0.8540856031128404, 0.8443579766536965, 0.8482490272373541, 0.8443579766536965, 0.8463035019455253]",3,"[5, 3, 24]"
active_ordered,275,899,2055,43.74695863746959,0.7495831017231795,0.8485269594219009,"[0.7470817120622568, 0.7568093385214008, 0.745136186770428, 0.7490272373540856, 0.754863813229572, 0.7431906614785992, 0.7509727626459144]","[0.8540856031128404, 0.8521400778210116, 0.857976653696498, 0.8404669260700389, 0.8443579766536965, 0.8463035019455253, 0.8443579766536965]",3,"[231, 187, 110]"
active_ordered,276,902,2055,43.89294403892944,0.7504168982768205,0.8454697053918843,"[0.745136186770428, 0.7509727626459144, 0.754863813229572, 0.7490272373540856, 0.7431906614785992, 0.7509727626459144, 0.7587548638132295]","[0.8463035019455253, 0.8482490272373541, 0.8443579766536965, 0.8463035019455253, 0.8463035019455253, 0.8482490272373541, 0.8385214007782101]",3,"[7, 134, 3]"
active_ordered,277,905,2055,44.038929440389296,0.7512506948304614,0.8485269594219009,"[0.745136186770428, 0.7529182879377432, 0.7412451361867705, 0.7568093385214008, 0.7568093385214008, 0.7490272373540856, 0.7568093385214008]","[0.8501945525291829, 0.8482490272373541, 0.8501945525291829, 0.8501945525291829, 0.8521400778210116, 0.8501945525291829, 0.8385214007782101]",3,"[36, 249, 103]"
active_ordered,278,908,2055,44.18491484184915,0.7523624235686492,0.8485269594219009,"[0.745136186770428, 0.7431906614785992, 0.754863813229572, 0.745136186770428, 0.7607003891050583, 0.7529182879377432, 0.7645914396887159]","[0.8501945525291829, 0.8482490272373541, 0.8501945525291829, 0.8482490272373541, 0.8443579766536965, 0.8521400778210116, 0.8463035019455253]",3,"[249, 226, 125]"
active_ordered,279,911,2055,44.330900243309,0.7526403557531962,0.847971095052807,"[0.7529182879377432, 0.7529182879377432, 0.7509727626459144, 0.745136186770428, 0.7529182879377432, 0.7607003891050583, 0.7529182879377432]","[0.8463035019455253, 0.8560311284046692, 0.8463035019455253, 0.8501945525291829, 0.8443579766536965, 0.8463035019455253, 0.8463035019455253]",3,"[131, 88, 132]"
active_ordered,280,914,2055,44.476885644768856,0.7490272373540856,0.8507504168982767,"[0.745136186770428, 0.745136186770428, 0.7529182879377432, 0.745136186770428, 0.7568093385214008, 0.754863813229572, 0.7431906614785992]","[0.8521400778210116, 0.8540856031128404, 0.857976653696498, 0.8521400778210116, 0.8521400778210116, 0.8424124513618677, 0.8443579766536965]",3,"[248, 248, 178]"
active_ordered,281,917,2055,44.62287104622871,0.7573652028904947,0.8521400778210115,"[0.7568093385214008, 0.7509727626459144, 0.7645914396887159, 0.7529182879377432, 0.7626459143968871, 0.7626459143968871, 0.7509727626459144]","[0.8501945525291829, 0.8638132295719845, 0.8501945525291829, 0.8443579766536965, 0.8540856031128404, 0.8501945525291829, 0.8521400778210116]",3,"[3, 115, 54]"
active_ordered,282,920,2055,44.76885644768856,0.7526403557531962,0.8524180100055585,"[0.7529182879377432, 0.7490272373540856, 0.7568093385214008, 0.7509727626459144, 0.754863813229572, 0.7568093385214008, 0.7470817120622568]","[0.8482490272373541, 0.8540856031128404, 0.8560311284046692, 0.8501945525291829, 0.8540856031128404, 0.8540856031128404, 0.8501945525291829]",3,"[6, 3, 225]"
active_ordered,283,923,2055,44.91484184914842,0.7584769316286826,0.8521400778210115,"[0.7587548638132295, 0.7490272373540856, 0.754863813229572, 0.7607003891050583, 0.7626459143968871, 0.7607003891050583, 0.7626459143968871]","[0.8501945525291829, 0.8540856031128404, 0.8540856031128404, 0.8521400778210116, 0.8599221789883269, 0.8482490272373541, 0.8463035019455253]",3,"[217, 3, 5]"
active_ordered,284,926,2055,45.06082725060827,0.7579210672595886,0.8540856031128403,"[0.7568093385214008, 0.7626459143968871, 0.7568093385214008, 0.7665369649805448, 0.7470817120622568, 0.7684824902723736, 0.7470817120622568]","[0.8560311284046692, 0.857976653696498, 0.857976653696498, 0.8482490272373541, 0.8618677042801557, 0.8521400778210116, 0.8443579766536965]",3,"[209, 64, 146]"
active_ordered,285,929,2055,45.20681265206812,0.7593107281823235,0.8488048916064479,"[0.7509727626459144, 0.7529182879377432, 0.7684824902723736, 0.7568093385214008, 0.7587548638132295, 0.7684824902723736, 0.7587548638132295]","[0.8501945525291829, 0.8443579766536965, 0.8501945525291829, 0.8501945525291829, 0.8482490272373541, 0.8463035019455253, 0.8521400778210116]",3,"[51, 125, 125]"
active_ordered,286,932,2055,45.352798053527984,0.7595886603668704,0.8504724847137297,"[0.7587548638132295, 0.7587548638132295, 0.7587548638132295, 0.7509727626459144, 0.7626459143968871, 0.7626459143968871, 0.7645914396887159]","[0.8463035019455253, 0.8540856031128404, 0.8540856031128404, 0.8482490272373541, 0.8560311284046692, 0.8501945525291829, 0.8443579766536965]",3,"[124, 231, 125]"
active_ordered,287,935,2055,45.49878345498784,0.7598665925514174,0.8510283490828237,"[0.7490272373540856, 0.7665369649805448, 0.7607003891050583, 0.754863813229572, 0.7645914396887159, 0.7645914396887159, 0.7587548638132295]","[0.8463035019455253, 0.8521400778210116, 0.8540856031128404, 0.8540856031128404, 0.8501945525291829, 0.8482490272373541, 0.8521400778210116]",3,"[125, 183, 61]"
active_ordered,288,938,2055,45.64476885644769,0.7618121178432462,0.8529738743746524,"[0.7626459143968871, 0.7509727626459144, 0.7665369649805448, 0.7607003891050583, 0.7587548638132295, 0.7704280155642024, 0.7626459143968871]","[0.8540856031128404, 0.8618677042801557, 0.8501945525291829, 0.8560311284046692, 0.8482490272373541, 0.8501945525291829, 0.8501945525291829]",3,"[63, 5, 226]"
active_ordered,289,941,2055,45.790754257907544,0.7659811006114507,0.8518621456364646,"[0.7665369649805448, 0.7723735408560312, 0.7723735408560312, 0.7645914396887159, 0.7665369649805448, 0.7587548638132295, 0.7607003891050583]","[0.8463035019455253, 0.8599221789883269, 0.8560311284046692, 0.8482490272373541, 0.8521400778210116, 0.8463035019455253, 0.8540856031128404]",3,"[249, 233, 208]"
active_ordered,290,944,2055,45.9367396593674,0.7607003891050583,0.8526959421901055,"[0.7587548638132295, 0.7568093385214008, 0.7587548638132295, 0.754863813229572, 0.7645914396887159, 0.7665369649805448, 0.7645914396887159]","[0.8501945525291829, 0.8540856031128404, 0.857976653696498, 0.8521400778210116, 0.8540856031128404, 0.8521400778210116, 0.8482490272373541]",3,"[249, 27, 231]"
active_ordered,291,947,2055,46.08272506082725,0.7607003891050583,0.8535297387437464,"[0.7626459143968871, 0.7568093385214008, 0.7607003891050583, 0.7529182879377432, 0.7645914396887159, 0.7665369649805448, 0.7607003891050583]","[0.8521400778210116, 0.8424124513618677, 0.8599221789883269, 0.8521400778210116, 0.8599221789883269, 0.857976653696498, 0.8501945525291829]",3,"[205, 27, 178]"
active_ordered,292,950,2055,46.228710462287104,0.7612562534741523,0.8563090605892161,"[0.7684824902723736, 0.7509727626459144, 0.7587548638132295, 0.7626459143968871, 0.7607003891050583, 0.7665369649805448, 0.7607003891050583]","[0.8560311284046692, 0.857976653696498, 0.8599221789883269, 0.8560311284046692, 0.8560311284046692, 0.8521400778210116, 0.8560311284046692]",3,"[231, 88, 160]"
active_ordered,293,953,2055,46.37469586374696,0.7620900500277932,0.8588104502501391,"[0.7587548638132295, 0.7568093385214008, 0.7587548638132295, 0.754863813229572, 0.7723735408560312, 0.7665369649805448, 0.7665369649805448]","[0.8521400778210116, 0.8618677042801557, 0.8618677042801557, 0.8599221789883269, 0.8638132295719845, 0.8618677042801557, 0.8501945525291829]",3,"[240, 231, 234]"
active_ordered,294,956,2055,46.52068126520681,0.7573652028904947,0.8538076709282933,"[0.7529182879377432, 0.754863813229572, 0.754863813229572, 0.7490272373540856, 0.7607003891050583, 0.7684824902723736, 0.7607003891050583]","[0.8540856031128404, 0.8599221789883269, 0.8560311284046692, 0.8560311284046692, 0.8540856031128404, 0.8482490272373541, 0.8482490272373541]",3,"[27, 27, 11]"
active_ordered,295,959,2055,46.666666666666664,0.764313507504169,0.8582545858810449,"[0.7665369649805448, 0.7665369649805448, 0.7684824902723736, 0.7607003891050583, 0.7626459143968871, 0.7665369649805448, 0.7587548638132295]","[0.8560311284046692, 0.8540856031128404, 0.8618677042801557, 0.8618677042801557, 0.8599221789883269, 0.857976653696498, 0.8560311284046692]",3,"[120, 51, 154]"
active_ordered,296,962,2055,46.81265206812652,0.7587548638132295,0.8546414674819343,"[0.7568093385214008, 0.7587548638132295, 0.7607003891050583, 0.7529182879377432, 0.7607003891050583, 0.7587548638132295, 0.7626459143968871]","[0.8540856031128404, 0.8540856031128404, 0.8560311284046692, 0.8463035019455253, 0.857976653696498, 0.857976653696498, 0.8560311284046692]",3,"[203, 195, 88]"
active_ordered,297,965,2055,46.95863746958638,0.7607003891050583,0.857420789327404,"[0.7568093385214008, 0.7607003891050583, 0.7607003891050583, 0.7645914396887159, 0.7626459143968871, 0.7626459143968871, 0.7568093385214008]","[0.8599221789883269, 0.8560311284046692, 0.8599221789883269, 0.8540856031128404, 0.8560311284046692, 0.857976653696498, 0.857976653696498]",3,"[36, 45, 179]"
active_ordered,298,968,2055,47.10462287104623,0.7626459143968871,0.8588104502501388,"[0.7626459143968871, 0.7626459143968871, 0.7607003891050583, 0.7607003891050583, 0.7645914396887159, 0.7762645914396887, 0.7509727626459144]","[0.8618677042801557, 0.8657587548638133, 0.857976653696498, 0.857976653696498, 0.857976653696498, 0.8599221789883269, 0.8501945525291829]",3,"[46, 212, 234]"
active_ordered,299,971,2055,47.250608272506085,0.7643135075041689,0.8560311284046691,"[0.754863813229572, 0.7568093385214008, 0.7723735408560312, 0.7607003891050583, 0.7704280155642024, 0.7801556420233463, 0.754863813229572]","[0.8560311284046692, 0.8599221789883269, 0.8560311284046692, 0.8599221789883269, 0.8540856031128404, 0.8521400778210116, 0.8540856031128404]",3,"[5, 2, 88]"
active_ordered,300,974,2055,47.39659367396594,0.7618121178432462,0.8596442468037802,"[0.7587548638132295, 0.7607003891050583, 0.7626459143968871, 0.7587548638132295, 0.7665369649805448, 0.7704280155642024, 0.754863813229572]","[0.8540856031128404, 0.8599221789883269, 0.8618677042801557, 0.8560311284046692, 0.8618677042801557, 0.8618677042801557, 0.8618677042801557]",3,"[181, 222, 176]"
active_ordered,301,977,2055,47.54257907542579,0.7609783212896053,0.8590883824346859,"[0.7587548638132295, 0.7568093385214008, 0.7626459143968871, 0.7684824902723736, 0.7626459143968871, 0.7568093385214008, 0.7607003891050583]","[0.8560311284046692, 0.8560311284046692, 0.8599221789883269, 0.8599221789883269, 0.867704280155642, 0.8540856031128404, 0.8599221789883269]",3,"[86, 124, 232]"
active_ordered,302,980,2055,47.688564476885645,0.763757643135075,0.8579766536964979,"[0.7645914396887159, 0.7568093385214008, 0.7665369649805448, 0.7626459143968871, 0.7607003891050583, 0.7684824902723736, 0.7665369649805448]","[0.8618677042801557, 0.8521400778210116, 0.8657587548638133, 0.857976653696498, 0.8560311284046692, 0.8560311284046692, 0.8560311284046692]",3,"[125, 145, 154]"
active_ordered,303,983,2055,47.8345498783455,0.763757643135075,0.858254585881045,"[0.7645914396887159, 0.7626459143968871, 0.7704280155642024, 0.7626459143968871, 0.7587548638132295, 0.7645914396887159, 0.7626459143968871]","[0.8540856031128404, 0.857976653696498, 0.867704280155642, 0.8540856031128404, 0.857976653696498, 0.8540856031128404, 0.8618677042801557]",3,"[191, 167, 6]"
active_ordered,304,986,2055,47.98053527980535,0.7648693718732629,0.857142857142857,"[0.7665369649805448, 0.7665369649805448, 0.7587548638132295, 0.7568093385214008, 0.7645914396887159, 0.7704280155642024, 0.7704280155642024]","[0.8540856031128404, 0.857976653696498, 0.8618677042801557, 0.857976653696498, 0.8540856031128404, 0.8560311284046692, 0.857976653696498]",3,"[124, 138, 2]"
active_ordered,305,989,2055,48.126520681265205,0.7654252362423568,0.8563090605892161,"[0.7607003891050583, 0.7704280155642024, 0.7626459143968871, 0.7607003891050583, 0.7645914396887159, 0.7704280155642024, 0.7684824902723736]","[0.8540856031128404, 0.8599221789883269, 0.8599221789883269, 0.8560311284046692, 0.8560311284046692, 0.8540856031128404, 0.8540856031128404]",3,"[14, 138, 248]"
active_ordered,306,992,2055,48.27250608272506,0.7629238465814341,0.8565869927737632,"[0.754863813229572, 0.7665369649805448, 0.7587548638132295, 0.7626459143968871, 0.7645914396887159, 0.7704280155642024, 0.7626459143968871]","[0.8599221789883269, 0.8618677042801557, 0.8618677042801557, 0.8521400778210116, 0.8599221789883269, 0.8482490272373541, 0.8521400778210116]",3,"[240, 3, 222]"
active_ordered,307,995,2055,48.41849148418491,0.7604224569205114,0.8565869927737632,"[0.7607003891050583, 0.7587548638132295, 0.7587548638132295, 0.7607003891050583, 0.7587548638132295, 0.7665369649805448, 0.7587548638132295]","[0.8599221789883269, 0.8618677042801557, 0.8618677042801557, 0.8521400778210116, 0.8638132295719845, 0.8482490272373541, 0.8482490272373541]",3,"[231, 231, 103]"
active_ordered,308,998,2055,48.564476885644766,0.7618121178432462,0.8632573652028908,"[0.7490272373540856, 0.7645914396887159, 0.7645914396887159, 0.7587548638132295, 0.7684824902723736, 0.7645914396887159, 0.7626459143968871]","[0.8638132295719845, 0.867704280155642, 0.8618677042801557, 0.8599221789883269, 0.8638132295719845, 0.8618677042801557, 0.8638132295719845]",3,"[40, 90, 212]"
active_ordered,309,1001,2055,48.710462287104626,0.7643135075041689,0.8610339077265147,"[0.7587548638132295, 0.7665369649805448, 0.7587548638132295, 0.7587548638132295, 0.77431906614786, 0.7665369649805448, 0.7665369649805448]","[0.8599221789883269, 0.8540856031128404, 0.867704280155642, 0.8696498054474708, 0.8618677042801557, 0.8540856031128404, 0.8599221789883269]",3,"[101, 2, 194]"
active_ordered,310,1004,2055,48.85644768856448,0.7643135075041689,0.8599221789883268,"[0.7626459143968871, 0.7587548638132295, 0.7665369649805448, 0.7587548638132295, 0.7684824902723736, 0.7665369649805448, 0.7684824902723736]","[0.8599221789883269, 0.8638132295719845, 0.8618677042801557, 0.8618677042801557, 0.8599221789883269, 0.8560311284046692, 0.8560311284046692]",3,"[146, 11, 61]"
active_ordered,311,1007,2055,49.00243309002433,0.7654252362423568,0.8585325180655919,"[0.7704280155642024, 0.7607003891050583, 0.7704280155642024, 0.7684824902723736, 0.7568093385214008, 0.7684824902723736, 0.7626459143968871]","[0.8618677042801557, 0.8638132295719845, 0.8638132295719845, 0.8540856031128404, 0.8540856031128404, 0.8501945525291829, 0.8618677042801557]",3,"[234, 203, 103]"
active_ordered,312,1010,2055,49.148418491484186,0.7662590327959977,0.8618677042801556,"[0.7568093385214008, 0.7568093385214008, 0.7665369649805448, 0.7665369649805448, 0.7665369649805448, 0.7801556420233463, 0.7704280155642024]","[0.8560311284046692, 0.8638132295719845, 0.8657587548638133, 0.8599221789883269, 0.8696498054474708, 0.8560311284046692, 0.8618677042801557]",3,"[222, 125, 111]"
active_ordered,313,1013,2055,49.29440389294404,0.7659811006114507,0.8627015008337967,"[0.7626459143968871, 0.7607003891050583, 0.7684824902723736, 0.7626459143968871, 0.7626459143968871, 0.7782101167315175, 0.7665369649805448]","[0.8657587548638133, 0.8638132295719845, 0.8735408560311284, 0.8618677042801557, 0.8599221789883269, 0.8618677042801557, 0.8521400778210116]",3,"[103, 195, 108]"
active_ordered,314,1016,2055,49.44038929440389,0.7670928293496386,0.8585325180655919,"[0.7607003891050583, 0.7626459143968871, 0.7607003891050583, 0.7704280155642024, 0.7684824902723736, 0.7801556420233463, 0.7665369649805448]","[0.857976653696498, 0.8618677042801557, 0.8599221789883269, 0.8560311284046692, 0.8618677042801557, 0.857976653696498, 0.8540856031128404]",3,"[123, 2, 92]"
active_ordered,315,1019,2055,49.586374695863746,0.763479710950528,0.8604780433574207,"[0.7645914396887159, 0.7626459143968871, 0.754863813229572, 0.7645914396887159, 0.7645914396887159, 0.7684824902723736, 0.7645914396887159]","[0.8599221789883269, 0.8599221789883269, 0.8638132295719845, 0.8599221789883269, 0.857976653696498, 0.8599221789883269, 0.8618677042801557]",3,"[93, 93, 93]"
active_ordered,316,1022,2055,49.7323600973236,0.7651473040578098,0.857698721511951,"[0.7587548638132295, 0.7645914396887159, 0.7704280155642024, 0.7568093385214008, 0.7723735408560312, 0.7665369649805448, 0.7665369649805448]","[0.8540856031128404, 0.8618677042801557, 0.857976653696498, 0.8521400778210116, 0.8521400778210116, 0.8638132295719845, 0.8618677042801557]",3,"[1, 103, 143]"
active_ordered,317,1025,2055,49.87834549878345,0.7342968315730962,0.857142857142857,"[0.6673151750972762, 0.7470817120622568, 0.7315175097276264, 0.7412451361867705, 0.754863813229572, 0.7607003891050583, 0.7373540856031129]","[0.8463035019455253, 0.857976653696498, 0.8618677042801557, 0.8618677042801557, 0.8638132295719845, 0.8560311284046692, 0.8521400778210116]",3,"[249, 182, 53]"
active_ordered,318,1028,2055,50.02433090024331,0.698443579766537,0.8410227904391328,"[0.7217898832684825, 0.6828793774319066, 0.6634241245136187, 0.7140077821011673, 0.7178988326848249, 0.6712062256809338, 0.7178988326848249]","[0.8521400778210116, 0.8346303501945526, 0.8443579766536965, 0.8326848249027238, 0.8385214007782101, 0.8404669260700389, 0.8443579766536965]",3,"[146, 160, 20]"
active_ordered,319,1031,2055,50.17031630170316,0.6962201222901613,0.8413007226236797,"[0.7023346303501945, 0.6556420233463035, 0.7373540856031129, 0.6926070038910506, 0.7198443579766537, 0.6867704280155642, 0.6789883268482491]","[0.8482490272373541, 0.8287937743190662, 0.8463035019455253, 0.8404669260700389, 0.8365758754863813, 0.8443579766536965, 0.8443579766536965]",3,"[246, 88, 129]"
active_ordered,320,1034,2055,50.31630170316302,0.7045580878265704,0.8432462479155085,"[0.6945525291828794, 0.7178988326848249, 0.6964980544747081, 0.7295719844357976, 0.6945525291828794, 0.7003891050583657, 0.6984435797665369]","[0.8268482490272373, 0.8482490272373541, 0.8501945525291829, 0.8482490272373541, 0.8501945525291829, 0.8346303501945526, 0.8443579766536965]",3,"[131, 236, 79]"
active_ordered,321,1037,2055,50.462287104622874,0.7151195108393553,0.8460255697609782,"[0.745136186770428, 0.7217898832684825, 0.7334630350194552, 0.6731517509727627, 0.7062256809338522, 0.7198443579766537, 0.7062256809338522]","[0.8463035019455253, 0.8424124513618677, 0.8521400778210116, 0.8424124513618677, 0.8638132295719845, 0.8404669260700389, 0.8346303501945526]",3,"[239, 226, 222]"
active_ordered,322,1040,2055,50.60827250608273,0.7092829349638688,0.8438021122846024,"[0.6945525291828794, 0.7295719844357976, 0.7003891050583657, 0.7101167315175098, 0.6964980544747081, 0.7334630350194552, 0.7003891050583657]","[0.8501945525291829, 0.8482490272373541, 0.8365758754863813, 0.8424124513618677, 0.8463035019455253, 0.857976653696498, 0.8249027237354085]",3,"[222, 112, 3]"
active_ordered,323,1043,2055,50.75425790754258,0.7217898832684826,0.8507504168982767,"[0.7412451361867705, 0.7334630350194552, 0.7042801556420234, 0.7178988326848249, 0.708171206225681, 0.7217898832684825, 0.72568093385214]","[0.8463035019455253, 0.8482490272373541, 0.8424124513618677, 0.857976653696498, 0.8521400778210116, 0.8521400778210116, 0.8560311284046692]",3,"[20, 89, 35]"
active_ordered,324,1046,2055,50.900243309002434,0.7242912729294053,0.8532518065591994,"[0.7178988326848249, 0.72568093385214, 0.7470817120622568, 0.7334630350194552, 0.7198443579766537, 0.72568093385214, 0.7003891050583657]","[0.8501945525291829, 0.8501945525291829, 0.8540856031128404, 0.8560311284046692, 0.8560311284046692, 0.8521400778210116, 0.8540856031128404]",3,"[182, 108, 231]"
active_ordered,325,1049,2055,51.04622871046229,0.7237354085603113,0.8518621456364646,"[0.7334630350194552, 0.7295719844357976, 0.6964980544747081, 0.708171206225681, 0.72568093385214, 0.7334630350194552, 0.7392996108949417]","[0.8540856031128404, 0.8560311284046692, 0.8346303501945526, 0.8521400778210116, 0.8540856031128404, 0.8540856031128404, 0.857976653696498]",3,"[217, 90, 11]"
active_ordered,326,1052,2055,51.19221411192214,0.7326292384658144,0.8499166203446358,"[0.7217898832684825, 0.7373540856031129, 0.7373540856031129, 0.7354085603112841, 0.72568093385214, 0.7431906614785992, 0.7276264591439688]","[0.8443579766536965, 0.8521400778210116, 0.8560311284046692, 0.8463035019455253, 0.8482490272373541, 0.8501945525291829, 0.8521400778210116]",3,"[215, 103, 203]"
active_ordered,327,1055,2055,51.338199513381994,0.7240133407448583,0.8526959421901055,"[0.72568093385214, 0.7217898832684825, 0.7373540856031129, 0.7003891050583657, 0.7178988326848249, 0.7509727626459144, 0.7140077821011673]","[0.8560311284046692, 0.8482490272373541, 0.8443579766536965, 0.8638132295719845, 0.8521400778210116, 0.8463035019455253, 0.857976653696498]",3,"[17, 77, 66]"
active_ordered,328,1058,2055,51.48418491484185,0.7215119510839355,0.848249027237354,"[0.7217898832684825, 0.7159533073929961, 0.688715953307393, 0.7334630350194552, 0.7334630350194552, 0.7315175097276264, 0.72568093385214]","[0.8463035019455253, 0.8540856031128404, 0.8540856031128404, 0.8424124513618677, 0.8540856031128404, 0.8443579766536965, 0.8424124513618677]",3,"[5, 96, 5]"
active_ordered,329,1061,2055,51.6301703163017,0.736798221234019,0.8560311284046691,"[0.7217898832684825, 0.7412451361867705, 0.7315175097276264, 0.7276264591439688, 0.754863813229572, 0.7315175097276264, 0.7490272373540856]","[0.8560311284046692, 0.8540856031128404, 0.8599221789883269, 0.8385214007782101, 0.8560311284046692, 0.8696498054474708, 0.857976653696498]",3,"[93, 120, 231]"
active_ordered,330,1064,2055,51.776155717761554,0.7331851028349082,0.8532518065591994,"[0.6906614785992218, 0.7315175097276264, 0.7490272373540856, 0.7529182879377432, 0.7392996108949417, 0.7295719844357976, 0.7392996108949417]","[0.8482490272373541, 0.8501945525291829, 0.8521400778210116, 0.8521400778210116, 0.8521400778210116, 0.8599221789883269, 0.857976653696498]",3,"[65, 245, 102]"
active_ordered,331,1067,2055,51.92214111922141,0.7420789327404114,0.856586992773763,"[0.7334630350194552, 0.745136186770428, 0.7392996108949417, 0.745136186770428, 0.7198443579766537, 0.7490272373540856, 0.7626459143968871]","[0.8501945525291829, 0.8521400778210116, 0.8560311284046692, 0.8638132295719845, 0.8560311284046692, 0.8599221789883269, 0.857976653696498]",3,"[237, 66, 109]"
active_ordered,332,1070,2055,52.06812652068127,0.7568093385214008,0.8602001111728738,"[0.754863813229572, 0.7470817120622568, 0.7529182879377432, 0.7645914396887159, 0.7665369649805448, 0.7607003891050583, 0.7509727626459144]","[0.8657587548638133, 0.8696498054474708, 0.8599221789883269, 0.8560311284046692, 0.8599221789883269, 0.8501945525291829, 0.8599221789883269]",3,"[89, 11, 213]"
active_ordered,333,1073,2055,52.21411192214112,0.7515286270150083,0.8546414674819344,"[0.7334630350194552, 0.7431906614785992, 0.7529182879377432, 0.7431906614785992, 0.7684824902723736, 0.7684824902723736, 0.7509727626459144]","[0.8599221789883269, 0.8482490272373541, 0.8501945525291829, 0.8540856031128404, 0.857976653696498, 0.8482490272373541, 0.8638132295719845]",3,"[208, 172, 5]"
active_ordered,334,1076,2055,52.360097323600975,0.7476375764313508,0.8551973318510283,"[0.7529182879377432, 0.7490272373540856, 0.7431906614785992, 0.7412451361867705, 0.754863813229572, 0.7392996108949417, 0.7529182879377432]","[0.8560311284046692, 0.8638132295719845, 0.857976653696498, 0.8424124513618677, 0.8501945525291829, 0.8560311284046692, 0.8599221789883269]",3,"[226, 124, 125]"
active_ordered,335,1079,2055,52.50608272506083,0.7487493051695386,0.8549193996664812,"[0.7412451361867705, 0.7470817120622568, 0.7490272373540856, 0.7490272373540856, 0.7470817120622568, 0.7529182879377432, 0.754863813229572]","[0.8540856031128404, 0.8482490272373541, 0.867704280155642, 0.8540856031128404, 0.8618677042801557, 0.8443579766536965, 0.8540856031128404]",3,"[17, 74, 65]"
active_ordered,336,1082,2055,52.65206812652068,0.7576431350750417,0.8540856031128403,"[0.7684824902723736, 0.7587548638132295, 0.7568093385214008, 0.7490272373540856, 0.7509727626459144, 0.7568093385214008, 0.7626459143968871]","[0.8560311284046692, 0.8540856031128404, 0.8540856031128404, 0.857976653696498, 0.8599221789883269, 0.8463035019455253, 0.8501945525291829]",3,"[211, 51, 213]"
active_ordered,337,1085,2055,52.798053527980535,0.7529182879377432,0.8549193996664813,"[0.7568093385214008, 0.7568093385214008, 0.7295719844357976, 0.7470817120622568, 0.7529182879377432, 0.7626459143968871, 0.7645914396887159]","[0.8560311284046692, 0.8521400778210116, 0.8560311284046692, 0.8463035019455253, 0.8560311284046692, 0.8540856031128404, 0.8638132295719845]",3,"[177, 207, 88]"
active_ordered,338,1088,2055,52.94403892944039,0.7601445247359644,0.8526959421901056,"[0.7782101167315175, 0.7490272373540856, 0.7607003891050583, 0.7509727626459144, 0.7509727626459144, 0.7704280155642024, 0.7607003891050583]","[0.8463035019455253, 0.8463035019455253, 0.8618677042801557, 0.8501945525291829, 0.8521400778210116, 0.8521400778210116, 0.8599221789883269]",3,"[3, 212, 154]"
active_ordered,339,1091,2055,53.09002433090024,0.7551417454141189,0.8549193996664813,"[0.7568093385214008, 0.7509727626459144, 0.7470817120622568, 0.7529182879377432, 0.7645914396887159, 0.7490272373540856, 0.7645914396887159]","[0.8501945525291829, 0.8501945525291829, 0.8618677042801557, 0.8540856031128404, 0.8501945525291829, 0.857976653696498, 0.8599221789883269]",3,"[160, 222, 211]"
active_ordered,340,1094,2055,53.236009732360095,0.7593107281823235,0.8576987215119509,"[0.7704280155642024, 0.7645914396887159, 0.7529182879377432, 0.7587548638132295, 0.7490272373540856, 0.7607003891050583, 0.7587548638132295]","[0.8540856031128404, 0.8501945525291829, 0.877431906614786, 0.857976653696498, 0.8560311284046692, 0.8599221789883269, 0.8482490272373541]",3,"[80, 222, 5]"
active_ordered,341,1097,2055,53.38199513381995,0.7551417454141189,0.8551973318510282,"[0.7568093385214008, 0.7529182879377432, 0.7607003891050583, 0.7568093385214008, 0.7412451361867705, 0.7587548638132295, 0.7587548638132295]","[0.857976653696498, 0.8540856031128404, 0.8657587548638133, 0.8501945525291829, 0.8540856031128404, 0.8560311284046692, 0.8482490272373541]",3,"[218, 177, 131]"
active_ordered,342,1100,2055,53.5279805352798,0.7593107281823235,0.8574207893274041,"[0.7587548638132295, 0.7529182879377432, 0.7665369649805448, 0.7490272373540856, 0.7607003891050583, 0.7587548638132295, 0.7684824902723736]","[0.8501945525291829, 0.8638132295719845, 0.8618677042801557, 0.8540856031128404, 0.8638132295719845, 0.8540856031128404, 0.8540856031128404]",3,"[93, 211, 64]"
active_ordered,343,1103,2055,53.67396593673966,0.7523624235686492,0.8596442468037798,"[0.7431906614785992, 0.7529182879377432, 0.754863813229572, 0.754863813229572, 0.7529182879377432, 0.7470817120622568, 0.7607003891050583]","[0.8618677042801557, 0.8618677042801557, 0.857976653696498, 0.857976653696498, 0.8501945525291829, 0.8638132295719845, 0.8638132295719845]",3,"[245, 245, 211]"
active_ordered,344,1106,2055,53.819951338199516,0.7551417454141189,0.8563090605892162,"[0.7645914396887159, 0.7587548638132295, 0.7529182879377432, 0.7607003891050583, 0.7490272373540856, 0.745136186770428, 0.754863813229572]","[0.8540856031128404, 0.8560311284046692, 0.857976653696498, 0.8501945525291829, 0.8560311284046692, 0.8599221789883269, 0.8599221789883269]",3,"[214, 242, 211]"
active_ordered,345,1109,2055,53.96593673965937,0.7576431350750417,0.8560311284046691,"[0.7509727626459144, 0.7490272373540856, 0.7587548638132295, 0.7626459143968871, 0.745136186770428, 0.7704280155642024, 0.7665369649805448]","[0.8618677042801557, 0.8599221789883269, 0.8599221789883269, 0.8501945525291829, 0.8501945525291829, 0.8599221789883269, 0.8501945525291829]",3,"[0, 2, 234]"
active_ordered,346,1112,2055,54.11192214111922,0.754307948860478,0.8585325180655919,"[0.7568093385214008, 0.7490272373540856, 0.7568093385214008, 0.7490272373540856, 0.7568093385214008, 0.7470817120622568, 0.7645914396887159]","[0.857976653696498, 0.8599221789883269, 0.8560311284046692, 0.8618677042801557, 0.8540856031128404, 0.8501945525291829, 0.8696498054474708]",3,"[3, 3, 3]"
active_ordered,347,1115,2055,54.257907542579076,0.763757643135075,0.8560311284046691,"[0.77431906614786, 0.7587548638132295, 0.7568093385214008, 0.7684824902723736, 0.7607003891050583, 0.7587548638132295, 0.7684824902723736]","[0.8599221789883269, 0.8618677042801557, 0.8618677042801557, 0.8463035019455253, 0.8540856031128404, 0.8521400778210116, 0.8560311284046692]",3,"[5, 0, 61]"
active_ordered,348,1118,2055,54.40389294403893,0.7626459143968871,0.8590883824346858,"[0.7626459143968871, 0.7509727626459144, 0.7704280155642024, 0.754863813229572, 0.7568093385214008, 0.77431906614786, 0.7684824902723736]","[0.8540856031128404, 0.857976653696498, 0.8638132295719845, 0.8560311284046692, 0.857976653696498, 0.8657587548638133, 0.857976653696498]",3,"[214, 178, 45]"
active_ordered,349,1121,2055,54.54987834549878,0.7651473040578098,0.8635352973874377,"[0.7568093385214008, 0.77431906614786, 0.7704280155642024, 0.7645914396887159, 0.7645914396887159, 0.7509727626459144, 0.77431906614786]","[0.8638132295719845, 0.8560311284046692, 0.8657587548638133, 0.857976653696498, 0.8638132295719845, 0.8618677042801557, 0.8754863813229572]",3,"[205, 11, 111]"
active_ordered,350,1124,2055,54.695863746958636,0.7679266259032795,0.8588104502501389,"[0.7684824902723736, 0.7626459143968871, 0.7723735408560312, 0.7607003891050583, 0.7859922178988327, 0.7529182879377432, 0.7723735408560312]","[0.8638132295719845, 0.8618677042801557, 0.857976653696498, 0.8540856031128404, 0.8540856031128404, 0.8599221789883269, 0.8599221789883269]",3,"[222, 222, 231]"
