method,round,labels,pool_size,pct,avg_acc_top1,avg_acc_topk,acc_tuple_top1,acc_tuple_topk,top_k,added_labels
active_random,1,257,2183,11.772789738891435,0.5146804835924007,0.6545768566493955,"[0.5207253886010362, 0.5129533678756477, 0.5103626943005182]","[0.6502590673575129, 0.6632124352331606, 0.6502590673575129]",3,[]
active_random,2,263,2183,12.047640861200183,0.5284974093264249,0.6623488773747841,"[0.5181347150259067, 0.5362694300518135, 0.5310880829015544]","[0.6580310880829016, 0.6709844559585493, 0.6580310880829016]",3,"[23, 15, 86, 102, 196, 246]"
active_random,3,269,2183,12.322491983508932,0.5198618307426598,0.6666666666666666,"[0.5259067357512953, 0.5207253886010362, 0.5129533678756477]","[0.6632124352331606, 0.6709844559585493, 0.6658031088082902]",3,"[109, 19, 178, 212, 106, 240]"
active_random,4,275,2183,12.597343105817682,0.5284974093264249,0.6632124352331606,"[0.5362694300518135, 0.5207253886010362, 0.5284974093264249]","[0.6606217616580311, 0.6658031088082902, 0.6632124352331606]",3,"[71, 127, 180, 3, 9, 207]"
active_random,5,281,2183,12.872194228126432,0.5233160621761659,0.6735751295336788,"[0.5103626943005182, 0.5310880829015544, 0.5284974093264249]","[0.6761658031088082, 0.6709844559585493, 0.6735751295336787]",3,"[249, 246, 178, 2, 90, 140]"
active_random,6,287,2183,13.147045350435182,0.5362694300518135,0.6804835924006909,"[0.538860103626943, 0.5310880829015544, 0.538860103626943]","[0.6813471502590673, 0.6839378238341969, 0.6761658031088082]",3,"[75, 179, 66, 5, 207, 61]"
active_random,7,293,2183,13.42189647274393,0.5431778929188256,0.6848013816925734,"[0.5466321243523317, 0.5466321243523317, 0.5362694300518135]","[0.6865284974093264, 0.6839378238341969, 0.6839378238341969]",3,"[95, 58, 77, 79, 143, 234]"
active_random,8,299,2183,13.69674759505268,0.5466321243523317,0.6960276338514682,"[0.5414507772020726, 0.5518134715025906, 0.5466321243523317]","[0.694300518134715, 0.6994818652849741, 0.694300518134715]",3,"[202, 3, 144, 64, 7, 46]"
active_random,9,305,2183,13.971598717361429,0.5466321243523317,0.7037996545768568,"[0.5492227979274611, 0.5466321243523317, 0.5440414507772021]","[0.7020725388601037, 0.7124352331606217, 0.6968911917098446]",3,"[211, 36, 102, 250, 212, 113]"
active_random,10,311,2183,14.246449839670179,0.5561312607944732,0.7055267702936097,"[0.5569948186528497, 0.5595854922279793, 0.5518134715025906]","[0.7046632124352331, 0.7098445595854922, 0.7020725388601037]",3,"[187, 145, 240, 212, 138, 70]"
active_random,11,317,2183,14.521300961978929,0.5604490500863558,0.7107081174438687,"[0.5621761658031088, 0.5569948186528497, 0.5621761658031088]","[0.7124352331606217, 0.7098445595854922, 0.7098445595854922]",3,"[125, 222, 208, 231, 160, 186]"
active_random,12,323,2183,14.796152084287678,0.5673575129533679,0.7150259067357513,"[0.5544041450777202, 0.582901554404145, 0.5647668393782384]","[0.7072538860103627, 0.7150259067357513, 0.7227979274611399]",3,"[63, 240, 193, 97, 204, 3]"
active_random,13,329,2183,15.071003206596426,0.5682210708117444,0.7193436960276339,"[0.5673575129533679, 0.5673575129533679, 0.5699481865284974]","[0.7202072538860104, 0.7072538860103627, 0.7305699481865285]",3,"[131, 236, 87, 134, 222, 203]"
active_random,14,335,2183,15.345854328905176,0.575993091537133,0.7236614853195165,"[0.5751295336787565, 0.572538860103627, 0.5803108808290155]","[0.7202072538860104, 0.7305699481865285, 0.7202072538860104]",3,"[201, 187, 103, 15, 37, 20]"
active_random,15,341,2183,15.620705451213926,0.5639032815198618,0.7227979274611399,"[0.5647668393782384, 0.5647668393782384, 0.5621761658031088]","[0.7253886010362695, 0.7227979274611399, 0.7202072538860104]",3,"[88, 224, 179, 234, 132, 53]"
active_random,16,347,2183,15.895556573522676,0.5794473229706391,0.7288428324697755,"[0.5777202072538861, 0.5854922279792746, 0.5751295336787565]","[0.7202072538860104, 0.7331606217616581, 0.7331606217616581]",3,"[212, 36, 131, 45, 172, 212]"
active_random,17,353,2183,16.170407695831425,0.5872193436960277,0.7297063903281521,"[0.5854922279792746, 0.5854922279792746, 0.5906735751295337]","[0.7305699481865285, 0.727979274611399, 0.7305699481865285]",3,"[240, 231, 5, 18, 207, 63]"
active_random,18,359,2183,16.445258818140175,0.5924006908462868,0.733160621761658,"[0.5958549222797928, 0.5932642487046632, 0.5880829015544041]","[0.7253886010362695, 0.7357512953367875, 0.7383419689119171]",3,"[231, 124, 187, 198, 127, 88]"
active_random,19,365,2183,16.720109940448925,0.5967184801381693,0.7297063903281521,"[0.5958549222797928, 0.5984455958549223, 0.5958549222797928]","[0.7253886010362695, 0.7331606217616581, 0.7305699481865285]",3,"[115, 235, 90, 203, 3, 90]"
active_random,20,371,2183,16.994961062757675,0.5958549222797928,0.7392055267702936,"[0.5958549222797928, 0.6088082901554405, 0.582901554404145]","[0.7383419689119171, 0.7487046632124352, 0.7305699481865285]",3,"[208, 248, 91, 195, 233, 147]"
active_random,21,377,2183,17.26981218506642,0.5993091537132988,0.7417962003454232,"[0.5984455958549223, 0.6036269430051814, 0.5958549222797928]","[0.7512953367875648, 0.7435233160621761, 0.7305699481865285]",3,"[66, 120, 64, 222, 171, 118]"
active_random,22,383,2183,17.54466330737517,0.6027633851468049,0.7478411053540587,"[0.6062176165803109, 0.6062176165803109, 0.5958549222797928]","[0.7383419689119171, 0.7512953367875648, 0.7538860103626943]",3,"[5, 111, 249, 240, 117, 114]"
active_random,23,389,2183,17.81951442968392,0.6070811744386874,0.7452504317789291,"[0.616580310880829, 0.6062176165803109, 0.5984455958549223]","[0.7357512953367875, 0.7564766839378239, 0.7435233160621761]",3,"[109, 63, 247, 9, 187, 6]"
active_random,24,395,2183,18.09436555199267,0.6131260794473229,0.7590673575129534,"[0.6217616580310881, 0.616580310880829, 0.6010362694300518]","[0.7512953367875648, 0.7668393782383419, 0.7590673575129534]",3,"[188, 158, 61, 233, 231, 157]"
active_random,25,401,2183,18.36921667430142,0.616580310880829,0.7616580310880829,"[0.6139896373056994, 0.616580310880829, 0.6191709844559585]","[0.7616580310880829, 0.7564766839378239, 0.7668393782383419]",3,"[96, 129, 180, 112, 101, 187]"
active_random,26,407,2183,18.64406779661017,0.6226252158894646,0.7616580310880829,"[0.6269430051813472, 0.616580310880829, 0.6243523316062176]","[0.7590673575129534, 0.7564766839378239, 0.7694300518134715]",3,"[11, 249, 240, 51, 79, 39]"
active_random,27,413,2183,18.91891891891892,0.6286701208981001,0.7564766839378239,"[0.6217616580310881, 0.6373056994818653, 0.6269430051813472]","[0.7487046632124352, 0.7590673575129534, 0.7616580310880829]",3,"[138, 61, 251, 130, 66, 64]"
active_random,28,419,2183,19.19377004122767,0.6174438687392055,0.7659758203799655,"[0.616580310880829, 0.6243523316062176, 0.6113989637305699]","[0.7642487046632125, 0.7694300518134715, 0.7642487046632125]",3,"[212, 33, 130, 28, 231, 15]"
active_random,29,425,2183,19.46862116353642,0.6347150259067358,0.7582037996545768,"[0.6502590673575129, 0.6243523316062176, 0.6295336787564767]","[0.7564766839378239, 0.7564766839378239, 0.7616580310880829]",3,"[179, 66, 135, 208, 53, 195]"
active_random,30,431,2183,19.74347228584517,0.6217616580310881,0.7633851468048359,"[0.6295336787564767, 0.6191709844559585, 0.616580310880829]","[0.7564766839378239, 0.7668393782383419, 0.7668393782383419]",3,"[226, 248, 1, 184, 213, 208]"
active_random,31,437,2183,20.01832340815392,0.6295336787564767,0.7728842832469774,"[0.6243523316062176, 0.6398963730569949, 0.6243523316062176]","[0.7772020725388601, 0.7694300518134715, 0.772020725388601]",3,"[237, 251, 140, 35, 120, 96]"
active_random,32,443,2183,20.293174530462665,0.6347150259067358,0.7633851468048359,"[0.6347150259067358, 0.6424870466321243, 0.6269430051813472]","[0.7564766839378239, 0.772020725388601, 0.7616580310880829]",3,"[13, 240, 18, 12, 5, 203]"
active_random,33,449,2183,20.568025652771414,0.6321243523316062,0.7694300518134716,"[0.6424870466321243, 0.6321243523316062, 0.6217616580310881]","[0.7616580310880829, 0.7694300518134715, 0.7772020725388601]",3,"[3, 235, 81, 211, 171, 204]"
active_random,34,455,2183,20.842876775080164,0.6364421416234888,0.7694300518134716,"[0.6398963730569949, 0.6398963730569949, 0.6295336787564767]","[0.7797927461139896, 0.7590673575129534, 0.7694300518134715]",3,"[234, 234, 51, 141, 160, 84]"
active_random,35,461,2183,21.117727897388914,0.6373056994818653,0.7702936096718481,"[0.6476683937823834, 0.6347150259067358, 0.6295336787564767]","[0.7616580310880829, 0.772020725388601, 0.7772020725388601]",3,"[248, 230, 160, 208, 222, 215]"
active_random,36,467,2183,21.392579019697664,0.6347150259067358,0.7728842832469777,"[0.6424870466321243, 0.6347150259067358, 0.6269430051813472]","[0.7746113989637305, 0.7797927461139896, 0.7642487046632125]",3,"[122, 248, 88, 115, 233, 246]"
active_random,37,473,2183,21.667430142006413,0.6390328151986183,0.766839378238342,"[0.6321243523316062, 0.6502590673575129, 0.6347150259067358]","[0.7642487046632125, 0.772020725388601, 0.7642487046632125]",3,"[246, 250, 104, 102, 198, 178]"
active_random,38,479,2183,21.942281264315163,0.6511226252158895,0.7728842832469777,"[0.655440414507772, 0.6606217616580311, 0.6373056994818653]","[0.7642487046632125, 0.7772020725388601, 0.7772020725388601]",3,"[187, 231, 246, 127, 154, 110]"
active_random,39,485,2183,22.217132386623913,0.6485319516407599,0.7702936096718479,"[0.655440414507772, 0.6502590673575129, 0.6398963730569949]","[0.772020725388601, 0.772020725388601, 0.7668393782383419]",3,"[245, 198, 182, 178, 5, 233]"
active_random,40,491,2183,22.491983508932663,0.6511226252158894,0.7797927461139896,"[0.655440414507772, 0.655440414507772, 0.6424870466321243]","[0.7772020725388601, 0.7927461139896373, 0.7694300518134715]",3,"[5, 61, 29, 2, 127, 242]"
active_random,41,497,2183,22.766834631241412,0.657167530224525,0.7832469775474956,"[0.6580310880829016, 0.6658031088082902, 0.6476683937823834]","[0.7901554404145078, 0.7823834196891192, 0.7772020725388601]",3,"[3, 252, 44, 223, 231, 167]"
active_random,42,503,2183,23.041685753550162,0.6537132987910189,0.7780656303972365,"[0.6502590673575129, 0.6606217616580311, 0.6502590673575129]","[0.7797927461139896, 0.7823834196891192, 0.772020725388601]",3,"[127, 6, 80, 34, 234, 57]"
active_random,43,509,2183,23.316536875858908,0.6623488773747841,0.7823834196891192,"[0.6683937823834197, 0.6632124352331606, 0.655440414507772]","[0.7668393782383419, 0.7875647668393783, 0.7927461139896373]",3,"[176, 118, 160, 16, 207, 217]"
active_random,44,515,2183,23.591387998167658,0.6632124352331606,0.7867012089810017,"[0.6580310880829016, 0.6683937823834197, 0.6632124352331606]","[0.7875647668393783, 0.7875647668393783, 0.7849740932642487]",3,"[187, 5, 91, 249, 159, 245]"
active_random,45,521,2183,23.866239120476408,0.6658031088082902,0.7849740932642487,"[0.6606217616580311, 0.6761658031088082, 0.6606217616580311]","[0.7953367875647669, 0.7772020725388601, 0.7823834196891192]",3,"[88, 231, 232, 55, 4, 245]"
active_random,46,527,2183,24.141090242785157,0.6632124352331606,0.7858376511226252,"[0.6658031088082902, 0.6709844559585493, 0.6528497409326425]","[0.7772020725388601, 0.7901554404145078, 0.7901554404145078]",3,"[104, 222, 211, 133, 159, 3]"
active_random,47,533,2183,24.415941365093907,0.6666666666666666,0.7944732297063903,"[0.6761658031088082, 0.6735751295336787, 0.6502590673575129]","[0.7979274611398963, 0.7927461139896373, 0.7927461139896373]",3,"[104, 246, 1, 208, 9, 240]"
active_random,48,539,2183,24.690792487402657,0.6727115716753023,0.7884283246977547,"[0.6658031088082902, 0.6839378238341969, 0.6683937823834197]","[0.7772020725388601, 0.7927461139896373, 0.7953367875647669]",3,"[3, 234, 178, 43, 138, 106]"
active_random,49,545,2183,24.965643609711407,0.6649395509499136,0.7953367875647669,"[0.6606217616580311, 0.6735751295336787, 0.6606217616580311]","[0.8005181347150259, 0.7901554404145078, 0.7953367875647669]",3,"[5, 187, 10, 240, 242, 236]"
active_random,50,551,2183,25.240494732020156,0.6813471502590674,0.800518134715026,"[0.6813471502590673, 0.6865284974093264, 0.6761658031088082]","[0.8005181347150259, 0.810880829015544, 0.7901554404145078]",3,"[236, 101, 77, 171, 14, 231]"
active_random,51,557,2183,25.515345854328906,0.6744386873920553,0.8013816925734023,"[0.6735751295336787, 0.6839378238341969, 0.6658031088082902]","[0.7979274611398963, 0.805699481865285, 0.8005181347150259]",3,"[226, 124, 66, 13, 1, 19]"
active_random,52,563,2183,25.790196976637656,0.6718480138169257,0.803972366148532,"[0.6761658031088082, 0.6709844559585493, 0.6683937823834197]","[0.810880829015544, 0.805699481865285, 0.7953367875647669]",3,"[65, 2, 231, 35, 251, 90]"
active_random,53,569,2183,26.065048098946406,0.6649395509499136,0.8031088082901553,"[0.6683937823834197, 0.6658031088082902, 0.6606217616580311]","[0.8031088082901554, 0.8082901554404145, 0.7979274611398963]",3,"[6, 75, 53, 114, 187, 245]"
active_random,54,575,2183,26.339899221255152,0.6709844559585493,0.8091537132987909,"[0.6735751295336787, 0.6735751295336787, 0.6658031088082902]","[0.8082901554404145, 0.8186528497409327, 0.8005181347150259]",3,"[226, 207, 3, 117, 174, 163]"
active_random,55,581,2183,26.6147503435639,0.6796200345423143,0.8117443868739205,"[0.6761658031088082, 0.6839378238341969, 0.6787564766839378]","[0.8134715025906736, 0.805699481865285, 0.8160621761658031]",3,"[204, 125, 11, 25, 222, 160]"
active_random,56,587,2183,26.88960146587265,0.6787564766839379,0.8134715025906735,"[0.6865284974093264, 0.6839378238341969, 0.6658031088082902]","[0.8160621761658031, 0.8082901554404145, 0.8160621761658031]",3,"[3, 51, 222, 46, 231, 86]"
active_random,57,593,2183,27.1644525881814,0.6753022452504318,0.8117443868739205,"[0.689119170984456, 0.6735751295336787, 0.6632124352331606]","[0.810880829015544, 0.8186528497409327, 0.805699481865285]",3,"[191, 233, 103, 231, 111, 119]"
active_random,58,599,2183,27.43930371049015,0.6701208981001727,0.8091537132987909,"[0.6632124352331606, 0.6709844559585493, 0.6761658031088082]","[0.8031088082901554, 0.8160621761658031, 0.8082901554404145]",3,"[108, 175, 187, 231, 46, 197]"
active_random,59,605,2183,27.7141548327989,0.6770293609671848,0.8186528497409326,"[0.6813471502590673, 0.6813471502590673, 0.6683937823834197]","[0.8160621761658031, 0.8160621761658031, 0.8238341968911918]",3,"[29, 7, 246, 204, 120, 76]"
active_random,60,611,2183,27.98900595510765,0.6709844559585493,0.812607944732297,"[0.6709844559585493, 0.6761658031088082, 0.6658031088082902]","[0.8238341968911918, 0.810880829015544, 0.8031088082901554]",3,"[179, 6, 205, 98, 249, 111]"
active_random,61,617,2183,28.2638570774164,0.6761658031088084,0.8246977547495682,"[0.6865284974093264, 0.6865284974093264, 0.655440414507772]","[0.8212435233160622, 0.8316062176165803, 0.8212435233160622]",3,"[32, 211, 99, 187, 5, 246]"
active_random,62,623,2183,28.53870819972515,0.6753022452504318,0.8195164075993091,"[0.6865284974093264, 0.6683937823834197, 0.6709844559585493]","[0.8186528497409327, 0.8264248704663213, 0.8134715025906736]",3,"[130, 88, 6, 61, 136, 46]"
active_random,63,629,2183,28.8135593220339,0.6761658031088084,0.8186528497409326,"[0.6761658031088082, 0.6683937823834197, 0.6839378238341969]","[0.8316062176165803, 0.8082901554404145, 0.8160621761658031]",3,"[3, 212, 8, 11, 75, 208]"
active_random,64,635,2183,29.08841044434265,0.6761658031088084,0.81433506044905,"[0.6709844559585493, 0.6813471502590673, 0.6761658031088082]","[0.8134715025906736, 0.8134715025906736, 0.8160621761658031]",3,"[212, 205, 103, 135, 64, 46]"
active_random,65,641,2183,29.363261566651396,0.6727115716753023,0.8281519861830743,"[0.6761658031088082, 0.6839378238341969, 0.6580310880829016]","[0.8290155440414507, 0.8290155440414507, 0.8264248704663213]",3,"[184, 203, 22, 178, 103, 249]"
active_random,66,647,2183,29.638112688960145,0.6787564766839379,0.8238341968911916,"[0.6787564766839378, 0.6813471502590673, 0.6761658031088082]","[0.8212435233160622, 0.8316062176165803, 0.8186528497409327]",3,"[124, 90, 234, 187, 90, 51]"
active_random,67,653,2183,29.912963811268895,0.68566493955095,0.8221070811744386,"[0.694300518134715, 0.689119170984456, 0.6735751295336787]","[0.8316062176165803, 0.8212435233160622, 0.8134715025906736]",3,"[5, 113, 89, 195, 190, 213]"
active_random,68,659,2183,30.187814933577645,0.6770293609671848,0.8221070811744386,"[0.6735751295336787, 0.6865284974093264, 0.6709844559585493]","[0.8186528497409327, 0.8238341968911918, 0.8238341968911918]",3,"[82, 125, 231, 32, 173, 162]"
active_random,69,665,2183,30.462666055886395,0.6822107081174439,0.8246977547495682,"[0.6761658031088082, 0.6994818652849741, 0.6709844559585493]","[0.8264248704663213, 0.8238341968911918, 0.8238341968911918]",3,"[25, 160, 89, 182, 17, 45]"
active_random,70,671,2183,30.737517178195144,0.6865284974093265,0.8229706390328152,"[0.6839378238341969, 0.6994818652849741, 0.6761658031088082]","[0.810880829015544, 0.8341968911917098, 0.8238341968911918]",3,"[233, 181, 207, 77, 5, 231]"
active_random,71,677,2183,31.012368300503894,0.6822107081174439,0.8229706390328152,"[0.6839378238341969, 0.6917098445595855, 0.6709844559585493]","[0.8238341968911918, 0.8290155440414507, 0.8160621761658031]",3,"[219, 249, 1, 86, 51, 160]"
active_random,72,683,2183,31.287219422812644,0.6891191709844561,0.8238341968911916,"[0.6839378238341969, 0.6968911917098446, 0.6865284974093264]","[0.8238341968911918, 0.8212435233160622, 0.8264248704663213]",3,"[212, 90, 5, 213, 160, 113]"
active_random,73,689,2183,31.562070545121394,0.6882556131260795,0.8272884283246977,"[0.694300518134715, 0.689119170984456, 0.6813471502590673]","[0.8238341968911918, 0.8264248704663213, 0.8316062176165803]",3,"[180, 63, 179, 202, 124, 87]"
active_random,74,695,2183,31.836921667430143,0.6891191709844561,0.8221070811744386,"[0.6865284974093264, 0.6968911917098446, 0.6839378238341969]","[0.8238341968911918, 0.8212435233160622, 0.8212435233160622]",3,"[51, 109, 3, 130, 192, 11]"
active_random,75,701,2183,32.11177278973889,0.6925734024179621,0.8229706390328152,"[0.6865284974093264, 0.6994818652849741, 0.6917098445595855]","[0.8264248704663213, 0.8264248704663213, 0.8160621761658031]",3,"[212, 15, 90, 160, 248, 45]"
active_random,76,707,2183,32.38662391204764,0.6899827288428325,0.8229706390328152,"[0.694300518134715, 0.6994818652849741, 0.6761658031088082]","[0.8238341968911918, 0.8186528497409327, 0.8264248704663213]",3,"[125, 210, 124, 120, 202, 90]"
active_random,77,713,2183,32.66147503435639,0.6908462867012091,0.8238341968911916,"[0.689119170984456, 0.6994818652849741, 0.6839378238341969]","[0.8238341968911918, 0.8290155440414507, 0.8186528497409327]",3,"[191, 225, 93, 201, 182, 203]"
active_random,78,719,2183,32.93632615666514,0.6917098445595856,0.8238341968911916,"[0.7020725388601037, 0.6968911917098446, 0.6761658031088082]","[0.8212435233160622, 0.8264248704663213, 0.8238341968911918]",3,"[30, 5, 208, 5, 248, 110]"
active_random,79,725,2183,33.21117727897389,0.6917098445595856,0.8246977547495682,"[0.689119170984456, 0.7046632124352331, 0.6813471502590673]","[0.8264248704663213, 0.8186528497409327, 0.8290155440414507]",3,"[11, 231, 226, 90, 207, 186]"
active_random,80,731,2183,33.48602840128264,0.6951640759930916,0.8229706390328152,"[0.6994818652849741, 0.6994818652849741, 0.6865284974093264]","[0.8186528497409327, 0.8238341968911918, 0.8264248704663213]",3,"[25, 154, 212, 236, 245, 34]"
active_random,81,737,2183,33.760879523591385,0.6968911917098447,0.8264248704663212,"[0.7020725388601037, 0.7020725388601037, 0.6865284974093264]","[0.8290155440414507, 0.8238341968911918, 0.8264248704663213]",3,"[61, 2, 233, 5, 71, 125]"
active_random,82,743,2183,34.03573064590014,0.6986183074265977,0.8246977547495682,"[0.6994818652849741, 0.7124352331606217, 0.6839378238341969]","[0.8264248704663213, 0.8264248704663213, 0.8212435233160622]",3,"[20, 65, 172, 202, 129, 212]"
active_random,83,749,2183,34.310581768208884,0.7029360967184802,0.8367875647668394,"[0.6994818652849741, 0.7098445595854922, 0.6994818652849741]","[0.8341968911917098, 0.8393782383419689, 0.8367875647668394]",3,"[5, 146, 222, 194, 231, 15]"
active_random,84,755,2183,34.58543289051764,0.7046632124352331,0.8393782383419689,"[0.7046632124352331, 0.7124352331606217, 0.6968911917098446]","[0.8419689119170984, 0.844559585492228, 0.8316062176165803]",3,"[187, 75, 248, 211, 249, 61]"
active_random,85,761,2183,34.860284012826384,0.7089810017271158,0.8402417962003454,"[0.7098445595854922, 0.7150259067357513, 0.7020725388601037]","[0.8290155440414507, 0.844559585492228, 0.8471502590673575]",3,"[118, 5, 102, 90, 176, 111]"
active_random,86,767,2183,35.13513513513514,0.7081174438687392,0.8419689119170984,"[0.7072538860103627, 0.7150259067357513, 0.7020725388601037]","[0.8367875647668394, 0.8497409326424871, 0.8393782383419689]",3,"[178, 249, 225, 154, 212, 142]"
active_random,87,773,2183,35.40998625744388,0.7193436960276339,0.8393782383419689,"[0.7202072538860104, 0.7331606217616581, 0.7046632124352331]","[0.8316062176165803, 0.844559585492228, 0.8419689119170984]",3,"[146, 231, 41, 179, 178, 245]"
active_random,88,779,2183,35.684837379752636,0.7158894645941278,0.844559585492228,"[0.7176165803108808, 0.7227979274611399, 0.7072538860103627]","[0.8471502590673575, 0.8419689119170984, 0.844559585492228]",3,"[5, 61, 249, 179, 160, 233]"
active_random,89,785,2183,35.95968850206138,0.7132987910189983,0.8376511226252159,"[0.7150259067357513, 0.7202072538860104, 0.7046632124352331]","[0.8393782383419689, 0.8393782383419689, 0.8341968911917098]",3,"[146, 3, 51, 234, 28, 181]"
active_random,90,791,2183,36.234539624370136,0.7167530224525044,0.841105354058722,"[0.7098445595854922, 0.7253886010362695, 0.7150259067357513]","[0.844559585492228, 0.844559585492228, 0.8341968911917098]",3,"[146, 245, 46, 51, 3, 120]"
active_random,91,797,2183,36.50939074667888,0.7132987910189983,0.8385146804835925,"[0.7098445595854922, 0.7202072538860104, 0.7098445595854922]","[0.8393782383419689, 0.8341968911917098, 0.8419689119170984]",3,"[5, 51, 246, 61, 86, 231]"
active_random,92,803,2183,36.78424186898763,0.7141623488773748,0.8385146804835925,"[0.7176165803108808, 0.7072538860103627, 0.7176165803108808]","[0.8393782383419689, 0.844559585492228, 0.8316062176165803]",3,"[61, 154, 228, 25, 94, 93]"
active_random,93,809,2183,37.05909299129638,0.7158894645941278,0.8376511226252159,"[0.7176165803108808, 0.7150259067357513, 0.7150259067357513]","[0.8393782383419689, 0.8367875647668394, 0.8367875647668394]",3,"[124, 176, 187, 205, 5, 240]"
active_random,94,815,2183,37.33394411360513,0.7150259067357513,0.8402417962003454,"[0.7202072538860104, 0.7124352331606217, 0.7124352331606217]","[0.844559585492228, 0.8393782383419689, 0.8367875647668394]",3,"[204, 3, 181, 151, 7, 232]"
active_random,95,821,2183,37.60879523591388,0.7202072538860104,0.8393782383419689,"[0.7202072538860104, 0.7253886010362695, 0.7150259067357513]","[0.8316062176165803, 0.8471502590673575, 0.8393782383419689]",3,"[11, 240, 5, 1, 102, 42]"
active_random,96,827,2183,37.88364635822263,0.7202072538860104,0.8393782383419689,"[0.7150259067357513, 0.727979274611399, 0.7176165803108808]","[0.8419689119170984, 0.8341968911917098, 0.8419689119170984]",3,"[145, 44, 242, 248, 158, 249]"
active_random,97,833,2183,38.15849748053138,0.7219343696027635,0.8385146804835925,"[0.7305699481865285, 0.727979274611399, 0.7072538860103627]","[0.8393782383419689, 0.8316062176165803, 0.844559585492228]",3,"[65, 89, 214, 247, 40, 118]"
active_random,98,839,2183,38.43334860284013,0.7150259067357513,0.8402417962003454,"[0.7124352331606217, 0.7176165803108808, 0.7150259067357513]","[0.8341968911917098, 0.8419689119170984, 0.844559585492228]",3,"[154, 186, 3, 231, 248, 177]"
active_random,99,845,2183,38.70819972514888,0.7219343696027635,0.8419689119170984,"[0.727979274611399, 0.7227979274611399, 0.7150259067357513]","[0.8367875647668394, 0.8471502590673575, 0.8419689119170984]",3,"[3, 118, 248, 111, 63, 249]"
active_random,100,851,2183,38.983050847457626,0.724525043177893,0.842832469775475,"[0.7227979274611399, 0.7331606217616581, 0.7176165803108808]","[0.844559585492228, 0.8419689119170984, 0.8419689119170984]",3,"[102, 21, 204, 103, 212, 117]"
active_random,101,857,2183,39.25790196976638,0.7167530224525044,0.8367875647668394,"[0.7020725388601037, 0.7253886010362695, 0.7227979274611399]","[0.8367875647668394, 0.844559585492228, 0.8290155440414507]",3,"[51, 234, 5, 18, 127, 38]"
active_random,102,863,2183,39.532753092075126,0.7236614853195165,0.8436960276338515,"[0.7202072538860104, 0.727979274611399, 0.7227979274611399]","[0.8393782383419689, 0.844559585492228, 0.8471502590673575]",3,"[2, 203, 233, 51, 123, 102]"
active_random,103,869,2183,39.80760421438387,0.7383419689119171,0.8419689119170984,"[0.7383419689119171, 0.7409326424870466, 0.7357512953367875]","[0.8393782383419689, 0.8393782383419689, 0.8471502590673575]",3,"[124, 44, 90, 102, 240, 231]"
active_random,104,875,2183,40.082455336692625,0.7322970639032814,0.8462867012089811,"[0.7305699481865285, 0.7409326424870466, 0.7253886010362695]","[0.844559585492228, 0.8471502590673575, 0.8471502590673575]",3,"[3, 234, 25, 133, 51, 231]"
active_random,105,881,2183,40.35730645900137,0.7227979274611399,0.8454231433506045,"[0.7227979274611399, 0.727979274611399, 0.7176165803108808]","[0.8419689119170984, 0.8471502590673575, 0.8471502590673575]",3,"[153, 102, 39, 222, 36, 61]"
active_random,106,887,2183,40.632157581310125,0.731433506044905,0.8454231433506045,"[0.7253886010362695, 0.7383419689119171, 0.7305699481865285]","[0.8471502590673575, 0.8419689119170984, 0.8471502590673575]",3,"[103, 75, 146, 4, 222, 45]"
active_random,107,893,2183,40.90700870361887,0.7253886010362695,0.8462867012089811,"[0.7331606217616581, 0.7253886010362695, 0.7176165803108808]","[0.8471502590673575, 0.8419689119170984, 0.8497409326424871]",3,"[156, 3, 102, 222, 207, 231]"
active_random,108,899,2183,41.181859825927624,0.7271157167530223,0.8393782383419689,"[0.7202072538860104, 0.7357512953367875, 0.7253886010362695]","[0.8419689119170984, 0.8341968911917098, 0.8419689119170984]",3,"[3, 86, 44, 160, 249, 207]"
active_random,109,905,2183,41.45671094823637,0.7305699481865285,0.842832469775475,"[0.727979274611399, 0.7331606217616581, 0.7305699481865285]","[0.8419689119170984, 0.8419689119170984, 0.844559585492228]",3,"[5, 247, 161, 49, 117, 51]"
active_random,110,911,2183,41.731562070545124,0.731433506044905,0.8471502590673575,"[0.7409326424870466, 0.7305699481865285, 0.7227979274611399]","[0.8471502590673575, 0.8471502590673575, 0.8471502590673575]",3,"[161, 5, 79, 205, 75, 3]"
active_random,111,917,2183,42.00641319285387,0.7271157167530223,0.8462867012089811,"[0.7357512953367875, 0.7331606217616581, 0.7124352331606217]","[0.8497409326424871, 0.8393782383419689, 0.8497409326424871]",3,"[108, 103, 76, 19, 88, 9]"
active_random,112,923,2183,42.28126431516262,0.733160621761658,0.8480138169257341,"[0.727979274611399, 0.7487046632124352, 0.7227979274611399]","[0.844559585492228, 0.8497409326424871, 0.8497409326424871]",3,"[32, 106, 108, 61, 72, 206]"
active_random,113,929,2183,42.55611543747137,0.733160621761658,0.8471502590673575,"[0.7253886010362695, 0.7409326424870466, 0.7331606217616581]","[0.8497409326424871, 0.844559585492228, 0.8471502590673575]",3,"[20, 5, 36, 107, 102, 88]"
active_random,114,935,2183,42.830966559780116,0.7340241796200345,0.8462867012089811,"[0.7357512953367875, 0.7435233160621761, 0.7227979274611399]","[0.8497409326424871, 0.8393782383419689, 0.8497409326424871]",3,"[5, 245, 216, 208, 187, 105]"
active_random,115,941,2183,43.10581768208887,0.731433506044905,0.8419689119170984,"[0.727979274611399, 0.7435233160621761, 0.7227979274611399]","[0.8419689119170984, 0.8471502590673575, 0.8367875647668394]",3,"[245, 88, 187, 186, 222, 66]"
active_random,116,947,2183,43.380668804397615,0.7288428324697754,0.8497409326424871,"[0.727979274611399, 0.7383419689119171, 0.7202072538860104]","[0.8523316062176166, 0.8471502590673575, 0.8497409326424871]",3,"[13, 231, 4, 20, 131, 2]"
active_random,117,953,2183,43.65551992670637,0.726252158894646,0.8471502590673575,"[0.7331606217616581, 0.7202072538860104, 0.7253886010362695]","[0.8419689119170984, 0.8393782383419689, 0.8601036269430051]",3,"[3, 152, 125, 239, 171, 103]"
active_random,118,959,2183,43.930371049015115,0.7426597582037996,0.8514680483592402,"[0.7383419689119171, 0.7512953367875648, 0.7383419689119171]","[0.8471502590673575, 0.8549222797927462, 0.8523316062176166]",3,"[180, 5, 220, 204, 50, 3]"
active_random,119,965,2183,44.20522217132387,0.7409326424870466,0.8506044905008636,"[0.7331606217616581, 0.7512953367875648, 0.7383419689119171]","[0.8471502590673575, 0.8497409326424871, 0.8549222797927462]",3,"[249, 248, 50, 5, 139, 205]"
active_random,120,971,2183,44.480073293632614,0.7392055267702936,0.8462867012089811,"[0.7305699481865285, 0.7435233160621761, 0.7435233160621761]","[0.844559585492228, 0.8523316062176166, 0.8419689119170984]",3,"[51, 231, 3, 191, 2, 189]"
active_random,121,977,2183,44.75492441594137,0.7366148531951641,0.8488773747841106,"[0.7305699481865285, 0.7538860103626943, 0.7253886010362695]","[0.8471502590673575, 0.8419689119170984, 0.8575129533678757]",3,"[51, 209, 13, 249, 61, 24]"
active_random,122,983,2183,45.029775538250114,0.7426597582037996,0.8497409326424871,"[0.7435233160621761, 0.7409326424870466, 0.7435233160621761]","[0.8471502590673575, 0.8497409326424871, 0.8523316062176166]",3,"[248, 3, 27, 246, 125, 233]"
active_random,123,989,2183,45.30462666055887,0.74006908462867,0.8531951640759932,"[0.7564766839378239, 0.7383419689119171, 0.7253886010362695]","[0.8497409326424871, 0.8549222797927462, 0.8549222797927462]",3,"[182, 248, 5, 127, 36, 231]"
active_random,124,995,2183,45.57947778286761,0.7409326424870466,0.8540587219343697,"[0.7383419689119171, 0.7487046632124352, 0.7357512953367875]","[0.8549222797927462, 0.8549222797927462, 0.8523316062176166]",3,"[27, 231, 60, 150, 59, 7]"
active_random,125,1001,2183,45.85432890517636,0.7426597582037996,0.8497409326424871,"[0.7409326424870466, 0.7564766839378239, 0.7305699481865285]","[0.8523316062176166, 0.8471502590673575, 0.8497409326424871]",3,"[5, 48, 248, 51, 248, 103]"
active_random,126,1007,2183,46.12918002748511,0.7530224525043178,0.8497409326424871,"[0.7461139896373057, 0.7590673575129534, 0.7538860103626943]","[0.8523316062176166, 0.8497409326424871, 0.8471502590673575]",3,"[154, 231, 245, 132, 203, 234]"
active_random,127,1013,2183,46.40403114979386,0.7487046632124352,0.8523316062176166,"[0.7435233160621761, 0.7564766839378239, 0.7461139896373057]","[0.8471502590673575, 0.8575129533678757, 0.8523316062176166]",3,"[5, 20, 249, 205, 187, 124]"
active_random,128,1019,2183,46.67888227210261,0.7530224525043178,0.8540587219343697,"[0.7538860103626943, 0.7538860103626943, 0.7512953367875648]","[0.8575129533678757, 0.8523316062176166, 0.8523316062176166]",3,"[212, 65, 178, 160, 5, 101]"
active_random,129,1025,2183,46.95373339441136,0.7504317789291882,0.8462867012089811,"[0.7512953367875648, 0.7564766839378239, 0.7435233160621761]","[0.8497409326424871, 0.8471502590673575, 0.8419689119170984]",3,"[93, 211, 81, 226, 1, 125]"
active_random,130,1031,2183,47.22858451672011,0.7538860103626943,0.8531951640759932,"[0.7538860103626943, 0.7616580310880829, 0.7461139896373057]","[0.8523316062176166, 0.8575129533678757, 0.8497409326424871]",3,"[77, 205, 90, 61, 114, 5]"
active_random,131,1037,2183,47.50343563902886,0.7547495682210709,0.8557858376511227,"[0.7564766839378239, 0.7538860103626943, 0.7538860103626943]","[0.8523316062176166, 0.8575129533678757, 0.8575129533678757]",3,"[88, 3, 116, 64, 149, 244]"
active_random,132,1043,2183,47.77828676133761,0.7607944732297064,0.8540587219343697,"[0.7564766839378239, 0.7746113989637305, 0.7512953367875648]","[0.8549222797927462, 0.8497409326424871, 0.8575129533678757]",3,"[154, 90, 211, 249, 237, 3]"
active_random,133,1049,2183,48.05313788364636,0.7573402417962004,0.8566493955094993,"[0.7487046632124352, 0.7616580310880829, 0.7616580310880829]","[0.8549222797927462, 0.8471502590673575, 0.8678756476683938]",3,"[248, 105, 11, 231, 246, 38]"
active_random,134,1055,2183,48.32798900595511,0.7582037996545768,0.8583765112262522,"[0.7487046632124352, 0.7668393782383419, 0.7590673575129534]","[0.8549222797927462, 0.8575129533678757, 0.8626943005181347]",3,"[5, 81, 251, 123, 154, 88]"
active_random,135,1061,2183,48.60284012826386,0.7573402417962004,0.8592400690846288,"[0.7616580310880829, 0.7694300518134715, 0.7409326424870466]","[0.8575129533678757, 0.8575129533678757, 0.8626943005181347]",3,"[4, 179, 103, 2, 93, 88]"
active_random,136,1067,2183,48.8776912505726,0.7607944732297064,0.8583765112262522,"[0.7590673575129534, 0.772020725388601, 0.7512953367875648]","[0.8549222797927462, 0.8575129533678757, 0.8626943005181347]",3,"[88, 101, 20, 249, 3, 195]"
active_random,137,1073,2183,49.152542372881356,0.7556131260794473,0.8592400690846288,"[0.7616580310880829, 0.7668393782383419, 0.7383419689119171]","[0.8575129533678757, 0.8549222797927462, 0.8652849740932642]",3,"[6, 235, 45, 51, 249, 222]"
active_random,138,1079,2183,49.4273934951901,0.7607944732297064,0.8540587219343697,"[0.7590673575129534, 0.772020725388601, 0.7512953367875648]","[0.8549222797927462, 0.8575129533678757, 0.8497409326424871]",3,"[3, 20, 160, 94, 154, 64]"
active_random,139,1085,2183,49.702244617498856,0.766839378238342,0.8661485319516408,"[0.7694300518134715, 0.772020725388601, 0.7590673575129534]","[0.8704663212435233, 0.8626943005181347, 0.8652849740932642]",3,"[5, 177, 189, 187, 8, 212]"
active_random,140,1091,2183,49.9770957398076,0.765112262521589,0.8635578583765112,"[0.772020725388601, 0.772020725388601, 0.7512953367875648]","[0.8704663212435233, 0.8626943005181347, 0.8575129533678757]",3,"[20, 29, 247, 3, 2, 68]"
active_random,141,1097,2183,50.251946862116355,0.7677029360967186,0.8592400690846286,"[0.7746113989637305, 0.772020725388601, 0.7564766839378239]","[0.8601036269430051, 0.8575129533678757, 0.8601036269430051]",3,"[5, 0, 90, 240, 249, 59]"
active_random,142,1103,2183,50.5267979844251,0.765112262521589,0.8601036269430051,"[0.7642487046632125, 0.7772020725388601, 0.7538860103626943]","[0.8601036269430051, 0.8549222797927462, 0.8652849740932642]",3,"[3, 231, 249, 212, 78, 45]"
active_random,143,1109,2183,50.801649106733855,0.765112262521589,0.8583765112262521,"[0.7616580310880829, 0.7823834196891192, 0.7512953367875648]","[0.8601036269430051, 0.8523316062176166, 0.8626943005181347]",3,"[3, 36, 181, 249, 203, 88]"
active_random,144,1115,2183,51.0765002290426,0.7702936096718481,0.8583765112262521,"[0.7668393782383419, 0.7797927461139896, 0.7642487046632125]","[0.8601036269430051, 0.8549222797927462, 0.8601036269430051]",3,"[154, 231, 103, 89, 3, 5]"
active_random,145,1121,2183,51.351351351351354,0.766839378238342,0.8592400690846286,"[0.772020725388601, 0.772020725388601, 0.7564766839378239]","[0.8601036269430051, 0.8601036269430051, 0.8575129533678757]",3,"[11, 222, 154, 237, 5, 249]"
active_random,146,1127,2183,51.6262024736601,0.7746113989637305,0.8678756476683938,"[0.7668393782383419, 0.7875647668393783, 0.7694300518134715]","[0.8678756476683938, 0.8575129533678757, 0.8782383419689119]",3,"[77, 120, 9, 231, 3, 88]"
active_random,147,1133,2183,51.90105359596885,0.7720207253886011,0.8601036269430051,"[0.7694300518134715, 0.7849740932642487, 0.7616580310880829]","[0.8626943005181347, 0.8549222797927462, 0.8626943005181347]",3,"[51, 16, 121, 249, 3, 88]"
active_random,148,1139,2183,52.1759047182776,0.772020725388601,0.8575129533678756,"[0.772020725388601, 0.772020725388601, 0.772020725388601]","[0.8704663212435233, 0.8549222797927462, 0.8471502590673575]",3,"[154, 114, 231, 216, 20, 5]"
active_random,149,1145,2183,52.450755840586346,0.7677029360967186,0.8609671848013817,"[0.7642487046632125, 0.7849740932642487, 0.7538860103626943]","[0.8626943005181347, 0.8626943005181347, 0.8575129533678757]",3,"[5, 103, 234, 77, 154, 113]"
active_random,150,1151,2183,52.7256069628951,0.7677029360967186,0.8696027633851467,"[0.7694300518134715, 0.7772020725388601, 0.7564766839378239]","[0.8704663212435233, 0.8652849740932642, 0.8730569948186528]",3,"[65, 198, 5, 88, 25, 61]"
passive_random,1,257,2183,11.772789738891435,0.5146804835924007,0.6545768566493955,"[0.5207253886010362, 0.5129533678756477, 0.5103626943005182]","[0.6502590673575129, 0.6632124352331606, 0.6502590673575129]",3,[]
passive_random,2,263,2183,12.047640861200183,0.5241796200345424,0.6606217616580311,"[0.5155440414507773, 0.5310880829015544, 0.5259067357512953]","[0.6606217616580311, 0.6683937823834197, 0.6528497409326425]",3,"[86, 245, 180, 75, 246, 3]"
passive_random,3,269,2183,12.322491983508932,0.5198618307426598,0.6709844559585493,"[0.5233160621761658, 0.5233160621761658, 0.5129533678756477]","[0.6735751295336787, 0.6658031088082902, 0.6735751295336787]",3,"[154, 72, 82, 187, 90, 233]"
passive_random,4,275,2183,12.597343105817682,0.5302245250431779,0.6692573402417962,"[0.5362694300518135, 0.5233160621761658, 0.5310880829015544]","[0.6735751295336787, 0.6658031088082902, 0.6683937823834197]",3,"[245, 102, 66, 102, 181, 246]"
passive_random,5,281,2183,12.872194228126432,0.5250431778929188,0.6675302245250432,"[0.5207253886010362, 0.5310880829015544, 0.5233160621761658]","[0.6683937823834197, 0.6658031088082902, 0.6683937823834197]",3,"[103, 111, 231, 5, 3, 11]"
passive_random,6,287,2183,13.147045350435182,0.5397236614853195,0.6692573402417962,"[0.5440414507772021, 0.5310880829015544, 0.5440414507772021]","[0.6683937823834197, 0.6709844559585493, 0.6683937823834197]",3,"[138, 38, 5, 154, 146, 90]"
passive_random,7,293,2183,13.42189647274393,0.5509499136442142,0.6744386873920553,"[0.5595854922279793, 0.5569948186528497, 0.5362694300518135]","[0.6813471502590673, 0.6709844559585493, 0.6709844559585493]",3,"[103, 246, 180, 3, 160, 212]"
passive_random,8,299,2183,13.69674759505268,0.5474956822107081,0.683937823834197,"[0.5518134715025906, 0.5440414507772021, 0.5466321243523317]","[0.6865284974093264, 0.6787564766839378, 0.6865284974093264]",3,"[102, 33, 160, 111, 203, 231]"
passive_random,9,305,2183,13.971598717361429,0.5526770293609672,0.6778929188255614,"[0.5492227979274611, 0.5492227979274611, 0.5595854922279793]","[0.6761658031088082, 0.6813471502590673, 0.6761658031088082]",3,"[39, 61, 11, 187, 38, 208]"
passive_random,10,311,2183,14.246449839670179,0.5595854922279793,0.6813471502590674,"[0.5647668393782384, 0.5621761658031088, 0.5518134715025906]","[0.689119170984456, 0.6787564766839378, 0.6761658031088082]",3,"[203, 6, 109, 160, 11, 18]"
passive_random,11,317,2183,14.521300961978929,0.5552677029360967,0.6787564766839379,"[0.5544041450777202, 0.5621761658031088, 0.5492227979274611]","[0.6709844559585493, 0.6813471502590673, 0.6839378238341969]",3,"[103, 101, 65, 51, 103, 3]"
passive_random,12,323,2183,14.796152084287678,0.5639032815198618,0.6848013816925734,"[0.5569948186528497, 0.5699481865284974, 0.5647668393782384]","[0.6761658031088082, 0.6917098445595855, 0.6865284974093264]",3,"[77, 54, 222, 145, 3, 249]"
passive_random,13,329,2183,15.071003206596426,0.5552677029360967,0.687392055267703,"[0.5569948186528497, 0.5569948186528497, 0.5518134715025906]","[0.6839378238341969, 0.689119170984456, 0.689119170984456]",3,"[213, 240, 90, 231, 2, 212]"
passive_random,14,335,2183,15.345854328905176,0.5656303972366149,0.6925734024179621,"[0.5673575129533679, 0.5777202072538861, 0.5518134715025906]","[0.694300518134715, 0.6917098445595855, 0.6917098445595855]",3,"[248, 5, 20, 3, 251, 51]"
passive_random,15,341,2183,15.620705451213926,0.5526770293609672,0.6925734024179621,"[0.5569948186528497, 0.5544041450777202, 0.5466321243523317]","[0.6917098445595855, 0.6917098445595855, 0.694300518134715]",3,"[20, 3, 75, 213, 234, 20]"
passive_random,16,347,2183,15.895556573522676,0.5604490500863558,0.6908462867012091,"[0.5673575129533679, 0.5647668393782384, 0.5492227979274611]","[0.689119170984456, 0.694300518134715, 0.689119170984456]",3,"[3, 103, 3, 3, 231, 204]"
passive_random,17,353,2183,16.170407695831425,0.5664939550949913,0.7003454231433506,"[0.572538860103627, 0.5595854922279793, 0.5673575129533679]","[0.6994818652849741, 0.6968911917098446, 0.7046632124352331]",3,"[154, 203, 86, 88, 40, 90]"
passive_random,18,359,2183,16.445258818140175,0.5664939550949913,0.6977547495682211,"[0.572538860103627, 0.5751295336787565, 0.5518134715025906]","[0.6917098445595855, 0.6994818652849741, 0.7020725388601037]",3,"[175, 195, 6, 248, 72, 249]"
passive_random,19,365,2183,16.720109940448925,0.570811744386874,0.7003454231433507,"[0.5621761658031088, 0.5777202072538861, 0.572538860103627]","[0.6917098445595855, 0.7072538860103627, 0.7020725388601037]",3,"[88, 5, 249, 172, 40, 231]"
passive_random,20,371,2183,16.994961062757675,0.5587219343696028,0.7029360967184802,"[0.5647668393782384, 0.5699481865284974, 0.5414507772020726]","[0.7020725388601037, 0.7046632124352331, 0.7020725388601037]",3,"[90, 3, 154, 182, 246, 3]"
passive_random,21,377,2183,17.26981218506642,0.5621761658031088,0.7046632124352331,"[0.5699481865284974, 0.5621761658031088, 0.5544041450777202]","[0.7072538860103627, 0.7020725388601037, 0.7046632124352331]",3,"[249, 245, 90, 77, 96, 3]"
passive_random,22,383,2183,17.54466330737517,0.5613126079447323,0.7167530224525044,"[0.5595854922279793, 0.5673575129533679, 0.5569948186528497]","[0.7072538860103627, 0.7176165803108808, 0.7253886010362695]",3,"[187, 144, 5, 5, 249, 124]"
passive_random,23,389,2183,17.81951442968392,0.5682210708117444,0.7253886010362695,"[0.5777202072538861, 0.5647668393782384, 0.5621761658031088]","[0.727979274611399, 0.727979274611399, 0.7202072538860104]",3,"[20, 74, 3, 36, 240, 3]"
passive_random,24,395,2183,18.09436555199267,0.5751295336787564,0.7392055267702936,"[0.5751295336787565, 0.5673575129533679, 0.582901554404145]","[0.7331606217616581, 0.7435233160621761, 0.7409326424870466]",3,"[63, 101, 89, 160, 120, 125]"
passive_random,25,401,2183,18.36921667430142,0.5846286701208981,0.7426597582037996,"[0.5803108808290155, 0.5984455958549223, 0.5751295336787565]","[0.7409326424870466, 0.7357512953367875, 0.7512953367875648]",3,"[147, 245, 211, 189, 72, 246]"
passive_random,26,407,2183,18.64406779661017,0.5794473229706391,0.7443868739205527,"[0.5777202072538861, 0.5854922279792746, 0.5751295336787565]","[0.7461139896373057, 0.7435233160621761, 0.7435233160621761]",3,"[249, 191, 5, 61, 47, 88]"
passive_random,27,413,2183,18.91891891891892,0.577720207253886,0.7435233160621761,"[0.572538860103627, 0.5699481865284974, 0.5906735751295337]","[0.7435233160621761, 0.7409326424870466, 0.7461139896373057]",3,"[20, 154, 146, 249, 102, 2]"
passive_random,28,419,2183,19.19377004122767,0.5777202072538861,0.7426597582037996,"[0.5751295336787565, 0.5803108808290155, 0.5777202072538861]","[0.7383419689119171, 0.7357512953367875, 0.7538860103626943]",3,"[248, 249, 88, 5, 5, 153]"
passive_random,29,425,2183,19.46862116353642,0.5975820379965459,0.7512953367875648,"[0.6010362694300518, 0.5932642487046632, 0.5984455958549223]","[0.7435233160621761, 0.7538860103626943, 0.7564766839378239]",3,"[207, 15, 3, 7, 249, 205]"
passive_random,30,431,2183,19.74347228584517,0.5941278065630398,0.7538860103626943,"[0.5958549222797928, 0.5932642487046632, 0.5932642487046632]","[0.7487046632124352, 0.7564766839378239, 0.7564766839378239]",3,"[245, 43, 104, 231, 93, 3]"
passive_random,31,437,2183,20.01832340815392,0.5932642487046632,0.7521588946459413,"[0.5984455958549223, 0.5984455958549223, 0.582901554404145]","[0.7538860103626943, 0.7616580310880829, 0.7409326424870466]",3,"[207, 102, 159, 5, 248, 29]"
passive_random,32,443,2183,20.293174530462665,0.6053540587219343,0.75993091537133,"[0.5958549222797928, 0.6139896373056994, 0.6062176165803109]","[0.7564766839378239, 0.7538860103626943, 0.7694300518134715]",3,"[3, 222, 2, 124, 5, 125]"
passive_random,33,449,2183,20.568025652771414,0.5984455958549223,0.7607944732297064,"[0.6062176165803109, 0.6062176165803109, 0.582901554404145]","[0.7512953367875648, 0.7616580310880829, 0.7694300518134715]",3,"[231, 3, 249, 32, 39, 109]"
passive_random,34,455,2183,20.842876775080164,0.6053540587219343,0.7538860103626943,"[0.6036269430051814, 0.6139896373056994, 0.5984455958549223]","[0.7512953367875648, 0.7487046632124352, 0.7616580310880829]",3,"[158, 4, 45, 93, 86, 111]"
passive_random,35,461,2183,21.117727897388914,0.6088082901554404,0.7582037996545768,"[0.5984455958549223, 0.6139896373056994, 0.6139896373056994]","[0.7512953367875648, 0.7564766839378239, 0.7668393782383419]",3,"[231, 249, 231, 3, 159, 191]"
passive_random,36,467,2183,21.392579019697664,0.6053540587219343,0.7582037996545768,"[0.6062176165803109, 0.6113989637305699, 0.5984455958549223]","[0.7538860103626943, 0.7642487046632125, 0.7564766839378239]",3,"[88, 240, 106, 145, 250, 235]"
passive_random,37,473,2183,21.667430142006413,0.6027633851468047,0.7547495682210709,"[0.5958549222797928, 0.6113989637305699, 0.6010362694300518]","[0.7487046632124352, 0.7564766839378239, 0.7590673575129534]",3,"[20, 35, 154, 75, 36, 235]"
passive_random,38,479,2183,21.942281264315163,0.5984455958549223,0.7556131260794473,"[0.6010362694300518, 0.6010362694300518, 0.5932642487046632]","[0.7461139896373057, 0.7538860103626943, 0.7668393782383419]",3,"[5, 146, 114, 16, 3, 3]"
passive_random,39,485,2183,22.217132386623913,0.6018998272884284,0.7512953367875648,"[0.5958549222797928, 0.6088082901554405, 0.6010362694300518]","[0.7383419689119171, 0.7564766839378239, 0.7590673575129534]",3,"[3, 204, 3, 211, 124, 207]"
passive_random,40,491,2183,22.491983508932663,0.5898100172711572,0.75993091537133,"[0.5854922279792746, 0.6010362694300518, 0.582901554404145]","[0.7435233160621761, 0.7694300518134715, 0.7668393782383419]",3,"[212, 85, 226, 235, 77, 154]"
passive_random,41,497,2183,22.766834631241412,0.5915371329879102,0.7564766839378239,"[0.5906735751295337, 0.5958549222797928, 0.5880829015544041]","[0.7512953367875648, 0.7642487046632125, 0.7538860103626943]",3,"[180, 128, 25, 3, 236, 231]"
passive_random,42,503,2183,23.041685753550162,0.5958549222797928,0.7538860103626943,"[0.5958549222797928, 0.6036269430051814, 0.5880829015544041]","[0.7435233160621761, 0.7642487046632125, 0.7538860103626943]",3,"[246, 65, 157, 2, 75, 77]"
passive_random,43,509,2183,23.316536875858908,0.5958549222797928,0.75993091537133,"[0.5958549222797928, 0.6010362694300518, 0.5906735751295337]","[0.7538860103626943, 0.7668393782383419, 0.7590673575129534]",3,"[88, 154, 5, 125, 90, 245]"
passive_random,44,515,2183,23.591387998167658,0.5941278065630398,0.7564766839378239,"[0.5932642487046632, 0.6062176165803109, 0.582901554404145]","[0.7538860103626943, 0.7538860103626943, 0.7616580310880829]",3,"[102, 5, 198, 242, 231, 212]"
passive_random,45,521,2183,23.866239120476408,0.6053540587219343,0.75993091537133,"[0.6010362694300518, 0.6113989637305699, 0.6036269430051814]","[0.7538860103626943, 0.7590673575129534, 0.7668393782383419]",3,"[207, 20, 90, 102, 120, 202]"
passive_random,46,527,2183,24.141090242785157,0.6062176165803109,0.7616580310880829,"[0.6036269430051814, 0.6062176165803109, 0.6088082901554405]","[0.7616580310880829, 0.7668393782383419, 0.7564766839378239]",3,"[88, 223, 88, 249, 102, 6]"
passive_random,47,533,2183,24.415941365093907,0.6010362694300518,0.7556131260794473,"[0.6088082901554405, 0.6088082901554405, 0.5854922279792746]","[0.7512953367875648, 0.7668393782383419, 0.7487046632124352]",3,"[91, 158, 249, 78, 249, 245]"
passive_random,48,539,2183,24.690792487402657,0.6044905008635578,0.7607944732297064,"[0.5984455958549223, 0.6243523316062176, 0.5906735751295337]","[0.7487046632124352, 0.7694300518134715, 0.7642487046632125]",3,"[106, 249, 103, 240, 123, 88]"
passive_random,49,545,2183,24.965643609711407,0.6044905008635578,0.7625215889464595,"[0.5984455958549223, 0.616580310880829, 0.5984455958549223]","[0.7590673575129534, 0.7616580310880829, 0.7668393782383419]",3,"[136, 90, 245, 249, 46, 187]"
passive_random,50,551,2183,25.240494732020156,0.6053540587219344,0.766839378238342,"[0.5984455958549223, 0.6036269430051814, 0.6139896373056994]","[0.7590673575129534, 0.7668393782383419, 0.7746113989637305]",3,"[202, 61, 88, 89, 65, 3]"
passive_random,51,557,2183,25.515345854328906,0.6027633851468047,0.7677029360967186,"[0.6088082901554405, 0.6113989637305699, 0.5880829015544041]","[0.7746113989637305, 0.7694300518134715, 0.7590673575129534]",3,"[46, 90, 154, 20, 5, 249]"
passive_random,52,563,2183,25.790196976637656,0.6062176165803109,0.7702936096718479,"[0.6088082901554405, 0.6088082901554405, 0.6010362694300518]","[0.7668393782383419, 0.7772020725388601, 0.7668393782383419]",3,"[231, 61, 45, 0, 88, 154]"
passive_random,53,569,2183,26.065048098946406,0.6053540587219345,0.768566493955095,"[0.6036269430051814, 0.6062176165803109, 0.6062176165803109]","[0.7642487046632125, 0.7746113989637305, 0.7668393782383419]",3,"[3, 249, 212, 124, 249, 146]"
passive_random,54,575,2183,26.339899221255152,0.6070811744386874,0.7694300518134715,"[0.6062176165803109, 0.6191709844559585, 0.5958549222797928]","[0.7668393782383419, 0.772020725388601, 0.7694300518134715]",3,"[211, 112, 154, 88, 125, 202]"
passive_random,55,581,2183,26.6147503435639,0.6010362694300518,0.7642487046632125,"[0.5984455958549223, 0.6062176165803109, 0.5984455958549223]","[0.7564766839378239, 0.772020725388601, 0.7642487046632125]",3,"[152, 231, 211, 88, 114, 204]"
passive_random,56,587,2183,26.88960146587265,0.6018998272884283,0.7616580310880829,"[0.5958549222797928, 0.6113989637305699, 0.5984455958549223]","[0.7590673575129534, 0.7642487046632125, 0.7616580310880829]",3,"[3, 120, 204, 211, 5, 5]"
passive_random,57,593,2183,27.1644525881814,0.6018998272884284,0.765112262521589,"[0.6010362694300518, 0.6062176165803109, 0.5984455958549223]","[0.7564766839378239, 0.7772020725388601, 0.7616580310880829]",3,"[5, 3, 46, 103, 212, 249]"
passive_random,58,599,2183,27.43930371049015,0.6044905008635578,0.7659758203799655,"[0.6113989637305699, 0.6139896373056994, 0.5880829015544041]","[0.7616580310880829, 0.7668393782383419, 0.7694300518134715]",3,"[233, 240, 10, 103, 46, 245]"
passive_random,59,605,2183,27.7141548327989,0.6122625215889465,0.7702936096718481,"[0.6062176165803109, 0.616580310880829, 0.6139896373056994]","[0.7564766839378239, 0.7797927461139896, 0.7746113989637305]",3,"[3, 222, 127, 103, 247, 5]"
passive_random,60,611,2183,27.98900595510765,0.6122625215889465,0.7728842832469774,"[0.5958549222797928, 0.6269430051813472, 0.6139896373056994]","[0.772020725388601, 0.772020725388601, 0.7746113989637305]",3,"[247, 172, 90, 233, 231, 191]"
passive_random,61,617,2183,28.2638570774164,0.6131260794473229,0.7711571675302246,"[0.6062176165803109, 0.6217616580310881, 0.6113989637305699]","[0.7642487046632125, 0.7772020725388601, 0.772020725388601]",3,"[231, 90, 234, 108, 103, 249]"
passive_random,62,623,2183,28.53870819972515,0.6096718480138169,0.7702936096718481,"[0.6088082901554405, 0.6269430051813472, 0.5932642487046632]","[0.7642487046632125, 0.7797927461139896, 0.7668393782383419]",3,"[18, 29, 243, 3, 3, 77]"
passive_random,63,629,2183,28.8135593220339,0.6157167530224524,0.7746113989637305,"[0.6191709844559585, 0.6217616580310881, 0.6062176165803109]","[0.772020725388601, 0.772020725388601, 0.7797927461139896]",3,"[5, 204, 146, 211, 203, 158]"
passive_random,64,635,2183,29.08841044434265,0.6200345423143351,0.775474956822107,"[0.6243523316062176, 0.6243523316062176, 0.6113989637305699]","[0.7772020725388601, 0.7746113989637305, 0.7746113989637305]",3,"[249, 127, 5, 129, 3, 248]"
passive_random,65,641,2183,29.363261566651396,0.616580310880829,0.7780656303972365,"[0.616580310880829, 0.6321243523316062, 0.6010362694300518]","[0.7797927461139896, 0.7797927461139896, 0.7746113989637305]",3,"[160, 6, 249, 158, 226, 102]"
passive_random,66,647,2183,29.638112688960145,0.6131260794473229,0.7780656303972365,"[0.6088082901554405, 0.6269430051813472, 0.6036269430051814]","[0.7694300518134715, 0.7875647668393783, 0.7772020725388601]",3,"[111, 130, 202, 11, 154, 3]"
passive_random,67,653,2183,29.912963811268895,0.6217616580310881,0.7763385146804835,"[0.6191709844559585, 0.6295336787564767, 0.616580310880829]","[0.7668393782383419, 0.7797927461139896, 0.7823834196891192]",3,"[233, 112, 88, 102, 3, 138]"
passive_random,68,659,2183,30.187814933577645,0.6234887737478411,0.7780656303972365,"[0.6191709844559585, 0.6269430051813472, 0.6243523316062176]","[0.7823834196891192, 0.7772020725388601, 0.7746113989637305]",3,"[242, 103, 102, 5, 96, 154]"
passive_random,69,665,2183,30.462666055886395,0.6234887737478411,0.7832469775474956,"[0.6191709844559585, 0.6373056994818653, 0.6139896373056994]","[0.7849740932642487, 0.7849740932642487, 0.7797927461139896]",3,"[109, 64, 11, 249, 187, 12]"
passive_random,70,671,2183,30.737517178195144,0.6226252158894646,0.7780656303972365,"[0.6217616580310881, 0.6269430051813472, 0.6191709844559585]","[0.7772020725388601, 0.7746113989637305, 0.7823834196891192]",3,"[249, 245, 214, 188, 211, 184]"
passive_random,71,677,2183,31.012368300503894,0.6200345423143351,0.7823834196891192,"[0.6217616580310881, 0.6295336787564767, 0.6088082901554405]","[0.7797927461139896, 0.7823834196891192, 0.7849740932642487]",3,"[231, 20, 3, 231, 90, 42]"
passive_random,72,683,2183,31.287219422812644,0.6312607944732297,0.7875647668393783,"[0.6243523316062176, 0.6398963730569949, 0.6295336787564767]","[0.7953367875647669, 0.7746113989637305, 0.7927461139896373]",3,"[181, 87, 3, 211, 179, 154]"
passive_random,73,689,2183,31.562070545121394,0.6217616580310881,0.7918825561312608,"[0.6191709844559585, 0.6321243523316062, 0.6139896373056994]","[0.7927461139896373, 0.7901554404145078, 0.7927461139896373]",3,"[251, 184, 103, 154, 42, 154]"
passive_random,74,695,2183,31.836921667430143,0.6243523316062176,0.7936096718480138,"[0.6243523316062176, 0.6347150259067358, 0.6139896373056994]","[0.7927461139896373, 0.7927461139896373, 0.7953367875647669]",3,"[16, 3, 11, 1, 248, 159]"
passive_random,75,701,2183,32.11177278973889,0.6243523316062176,0.7970639032815199,"[0.6191709844559585, 0.6347150259067358, 0.6191709844559585]","[0.7953367875647669, 0.7927461139896373, 0.8031088082901554]",3,"[178, 124, 160, 245, 13, 88]"
passive_random,76,707,2183,32.38662391204764,0.6321243523316062,0.7936096718480137,"[0.6113989637305699, 0.6502590673575129, 0.6347150259067358]","[0.7849740932642487, 0.7979274611398963, 0.7979274611398963]",3,"[88, 211, 5, 19, 27, 104]"
passive_random,77,713,2183,32.66147503435639,0.6217616580310881,0.7944732297063903,"[0.6113989637305699, 0.6269430051813472, 0.6269430051813472]","[0.7953367875647669, 0.7901554404145078, 0.7979274611398963]",3,"[171, 127, 3, 3, 140, 240]"
passive_random,78,719,2183,32.93632615666514,0.6252158894645942,0.7936096718480138,"[0.6321243523316062, 0.6243523316062176, 0.6191709844559585]","[0.7901554404145078, 0.7953367875647669, 0.7953367875647669]",3,"[6, 154, 3, 233, 245, 237]"
passive_random,79,725,2183,33.21117727897389,0.6329879101899828,0.7979274611398964,"[0.6269430051813472, 0.6398963730569949, 0.6321243523316062]","[0.7953367875647669, 0.7953367875647669, 0.8031088082901554]",3,"[101, 88, 124, 95, 127, 222]"
passive_random,80,731,2183,33.48602840128264,0.6355785837651123,0.7936096718480138,"[0.6295336787564767, 0.6502590673575129, 0.6269430051813472]","[0.7953367875647669, 0.7849740932642487, 0.8005181347150259]",3,"[234, 5, 11, 88, 220, 3]"
passive_random,81,737,2183,33.760879523591385,0.6286701208981001,0.7918825561312608,"[0.6321243523316062, 0.6217616580310881, 0.6321243523316062]","[0.7875647668393783, 0.7901554404145078, 0.7979274611398963]",3,"[233, 231, 211, 154, 231, 233]"
passive_random,82,743,2183,34.03573064590014,0.6364421416234888,0.7892918825561313,"[0.6347150259067358, 0.6476683937823834, 0.6269430051813472]","[0.7901554404145078, 0.7797927461139896, 0.7979274611398963]",3,"[246, 4, 5, 11, 45, 88]"
passive_random,83,749,2183,34.310581768208884,0.6295336787564767,0.7867012089810017,"[0.6295336787564767, 0.6347150259067358, 0.6243523316062176]","[0.7849740932642487, 0.7849740932642487, 0.7901554404145078]",3,"[202, 248, 90, 204, 90, 148]"
passive_random,84,755,2183,34.58543289051764,0.6260794473229706,0.7927461139896373,"[0.6295336787564767, 0.6269430051813472, 0.6217616580310881]","[0.7875647668393783, 0.7901554404145078, 0.8005181347150259]",3,"[40, 6, 11, 249, 117, 182]"
passive_random,85,761,2183,34.860284012826384,0.6424870466321244,0.7927461139896371,"[0.6373056994818653, 0.6502590673575129, 0.6398963730569949]","[0.7823834196891192, 0.7979274611398963, 0.7979274611398963]",3,"[231, 132, 231, 5, 167, 5]"
passive_random,86,767,2183,35.13513513513514,0.6321243523316062,0.7841105354058722,"[0.6398963730569949, 0.6398963730569949, 0.616580310880829]","[0.7746113989637305, 0.7875647668393783, 0.7901554404145078]",3,"[3, 158, 163, 249, 233, 76]"
passive_random,87,773,2183,35.40998625744388,0.6398963730569949,0.7875647668393783,"[0.6398963730569949, 0.6424870466321243, 0.6373056994818653]","[0.7823834196891192, 0.7953367875647669, 0.7849740932642487]",3,"[104, 2, 178, 103, 102, 203]"
passive_random,88,779,2183,35.684837379752636,0.6398963730569949,0.7944732297063903,"[0.6373056994818653, 0.6424870466321243, 0.6398963730569949]","[0.7953367875647669, 0.7901554404145078, 0.7979274611398963]",3,"[178, 208, 3, 3, 90, 11]"
passive_random,89,785,2183,35.95968850206138,0.6364421416234888,0.7936096718480138,"[0.6321243523316062, 0.6398963730569949, 0.6373056994818653]","[0.7849740932642487, 0.7953367875647669, 0.8005181347150259]",3,"[246, 5, 38, 205, 3, 160]"
passive_random,90,791,2183,36.234539624370136,0.6442141623488773,0.7918825561312607,"[0.6450777202072538, 0.6424870466321243, 0.6450777202072538]","[0.7772020725388601, 0.7979274611398963, 0.8005181347150259]",3,"[6, 5, 3, 146, 248, 6]"
passive_random,91,797,2183,36.50939074667888,0.6390328151986183,0.7910189982728842,"[0.6450777202072538, 0.6528497409326425, 0.6191709844559585]","[0.7953367875647669, 0.7901554404145078, 0.7875647668393783]",3,"[105, 3, 61, 5, 88, 88]"
passive_random,92,803,2183,36.78424186898763,0.6355785837651123,0.7987910189982729,"[0.6295336787564767, 0.6450777202072538, 0.6321243523316062]","[0.8005181347150259, 0.8005181347150259, 0.7953367875647669]",3,"[11, 120, 3, 88, 249, 240]"
passive_random,93,809,2183,37.05909299129638,0.6433506044905007,0.7936096718480138,"[0.6424870466321243, 0.6424870466321243, 0.6450777202072538]","[0.7979274611398963, 0.7901554404145078, 0.7927461139896373]",3,"[20, 234, 66, 3, 207, 21]"
passive_random,94,815,2183,37.33394411360513,0.6442141623488774,0.8013816925734023,"[0.6373056994818653, 0.6502590673575129, 0.6450777202072538]","[0.7979274611398963, 0.8031088082901554, 0.8031088082901554]",3,"[5, 5, 102, 5, 249, 245]"
passive_random,95,821,2183,37.60879523591388,0.6476683937823834,0.8031088082901553,"[0.6424870466321243, 0.6606217616580311, 0.6398963730569949]","[0.8082901554404145, 0.8005181347150259, 0.8005181347150259]",3,"[88, 61, 10, 124, 77, 124]"
passive_random,96,827,2183,37.88364635822263,0.6476683937823834,0.7979274611398964,"[0.6476683937823834, 0.6476683937823834, 0.6476683937823834]","[0.7901554404145078, 0.7953367875647669, 0.8082901554404145]",3,"[154, 205, 4, 44, 208, 132]"
passive_random,97,833,2183,38.15849748053138,0.6528497409326425,0.8022452504317789,"[0.6502590673575129, 0.655440414507772, 0.6528497409326425]","[0.7927461139896373, 0.810880829015544, 0.8031088082901554]",3,"[88, 237, 109, 249, 7, 88]"
passive_random,98,839,2183,38.43334860284013,0.657167530224525,0.8039723661485318,"[0.655440414507772, 0.6632124352331606, 0.6528497409326425]","[0.7849740932642487, 0.8134715025906736, 0.8134715025906736]",3,"[63, 109, 51, 248, 61, 248]"
passive_random,99,845,2183,38.70819972514888,0.6545768566493955,0.7979274611398962,"[0.6658031088082902, 0.655440414507772, 0.6424870466321243]","[0.7979274611398963, 0.7927461139896373, 0.8031088082901554]",3,"[108, 203, 249, 231, 98, 237]"
passive_random,100,851,2183,38.983050847457626,0.6623488773747841,0.8039723661485318,"[0.6735751295336787, 0.6580310880829016, 0.655440414507772]","[0.7979274611398963, 0.7953367875647669, 0.8186528497409327]",3,"[246, 248, 130, 1, 240, 221]"
passive_random,101,857,2183,39.25790196976638,0.657167530224525,0.8013816925734023,"[0.6450777202072538, 0.6709844559585493, 0.655440414507772]","[0.8031088082901554, 0.8005181347150259, 0.8005181347150259]",3,"[207, 150, 3, 248, 171, 6]"
passive_random,102,863,2183,39.532753092075126,0.6580310880829016,0.8082901554404144,"[0.6476683937823834, 0.6735751295336787, 0.6528497409326425]","[0.805699481865285, 0.8186528497409327, 0.8005181347150259]",3,"[32, 102, 160, 51, 178, 231]"
passive_random,103,869,2183,39.80760421438387,0.6614853195164075,0.8039723661485318,"[0.6632124352331606, 0.6813471502590673, 0.6398963730569949]","[0.8005181347150259, 0.8005181347150259, 0.810880829015544]",3,"[89, 5, 222, 102, 124, 225]"
passive_random,104,875,2183,40.082455336692625,0.6563039723661485,0.8031088082901553,"[0.6528497409326425, 0.6658031088082902, 0.6502590673575129]","[0.8005181347150259, 0.810880829015544, 0.7979274611398963]",3,"[211, 130, 70, 22, 125, 88]"
passive_random,105,881,2183,40.35730645900137,0.6675302245250432,0.8048359240069084,"[0.6632124352331606, 0.6787564766839378, 0.6606217616580311]","[0.8031088082901554, 0.8082901554404145, 0.8031088082901554]",3,"[64, 5, 36, 34, 246, 61]"
passive_random,106,887,2183,40.632157581310125,0.6666666666666666,0.8031088082901553,"[0.6709844559585493, 0.6787564766839378, 0.6502590673575129]","[0.7927461139896373, 0.8082901554404145, 0.8082901554404145]",3,"[5, 2, 25, 65, 51, 45]"
passive_random,107,893,2183,40.90700870361887,0.6632124352331606,0.8013816925734023,"[0.6709844559585493, 0.6735751295336787, 0.6450777202072538]","[0.7953367875647669, 0.810880829015544, 0.7979274611398963]",3,"[88, 3, 101, 176, 226, 5]"
passive_random,108,899,2183,41.181859825927624,0.6614853195164075,0.8100172711571675,"[0.6632124352331606, 0.6632124352331606, 0.6580310880829016]","[0.8031088082901554, 0.8134715025906736, 0.8134715025906736]",3,"[160, 120, 88, 61, 224, 105]"
passive_random,109,905,2183,41.45671094823637,0.6614853195164075,0.8056994818652848,"[0.6709844559585493, 0.6632124352331606, 0.6502590673575129]","[0.8005181347150259, 0.8082901554404145, 0.8082901554404145]",3,"[3, 90, 194, 251, 3, 3]"
passive_random,110,911,2183,41.731562070545124,0.6640759930915371,0.8117443868739205,"[0.6683937823834197, 0.6632124352331606, 0.6606217616580311]","[0.8031088082901554, 0.810880829015544, 0.8212435233160622]",3,"[240, 154, 231, 246, 3, 5]"
passive_random,111,917,2183,42.00641319285387,0.6727115716753023,0.8039723661485318,"[0.6839378238341969, 0.6813471502590673, 0.6528497409326425]","[0.805699481865285, 0.8005181347150259, 0.805699481865285]",3,"[90, 234, 246, 246, 249, 201]"
passive_random,112,923,2183,42.28126431516262,0.6606217616580311,0.8082901554404144,"[0.6606217616580311, 0.6709844559585493, 0.6502590673575129]","[0.805699481865285, 0.805699481865285, 0.8134715025906736]",3,"[88, 213, 117, 240, 234, 211]"
passive_random,113,929,2183,42.55611543747137,0.6623488773747841,0.8108808290155439,"[0.6580310880829016, 0.6787564766839378, 0.6502590673575129]","[0.805699481865285, 0.805699481865285, 0.8212435233160622]",3,"[101, 247, 5, 2, 2, 238]"
passive_random,114,935,2183,42.830966559780116,0.6709844559585493,0.8134715025906735,"[0.6632124352331606, 0.6813471502590673, 0.6683937823834197]","[0.8160621761658031, 0.8082901554404145, 0.8160621761658031]",3,"[231, 6, 249, 246, 231, 146]"
passive_random,115,941,2183,43.10581768208887,0.6718480138169257,0.8091537132987909,"[0.6761658031088082, 0.6761658031088082, 0.6632124352331606]","[0.8005181347150259, 0.8160621761658031, 0.810880829015544]",3,"[61, 249, 146, 45, 55, 45]"
passive_random,116,947,2183,43.380668804397615,0.6804835924006909,0.8074265975820379,"[0.6787564766839378, 0.6917098445595855, 0.6709844559585493]","[0.8005181347150259, 0.8134715025906736, 0.8082901554404145]",3,"[5, 245, 247, 112, 5, 236]"
passive_random,117,953,2183,43.65551992670637,0.6718480138169257,0.8169257340241796,"[0.6787564766839378, 0.6735751295336787, 0.6632124352331606]","[0.810880829015544, 0.8186528497409327, 0.8212435233160622]",3,"[102, 110, 75, 212, 247, 51]"
passive_random,118,959,2183,43.930371049015115,0.6778929188255614,0.8151986183074266,"[0.6761658031088082, 0.6865284974093264, 0.6709844559585493]","[0.8082901554404145, 0.8134715025906736, 0.8238341968911918]",3,"[203, 77, 179, 79, 3, 102]"
passive_random,119,965,2183,44.20522217132387,0.6796200345423143,0.8151986183074266,"[0.6917098445595855, 0.6813471502590673, 0.6658031088082902]","[0.810880829015544, 0.810880829015544, 0.8238341968911918]",3,"[177, 20, 154, 246, 5, 187]"
passive_random,120,971,2183,44.480073293632614,0.6813471502590674,0.8151986183074266,"[0.6813471502590673, 0.6968911917098446, 0.6658031088082902]","[0.8031088082901554, 0.8186528497409327, 0.8238341968911918]",3,"[5, 102, 3, 151, 89, 2]"
passive_random,121,977,2183,44.75492441594137,0.6830742659758204,0.8212435233160621,"[0.6839378238341969, 0.6917098445595855, 0.6735751295336787]","[0.8212435233160622, 0.8238341968911918, 0.8186528497409327]",3,"[195, 78, 208, 238, 162, 102]"
passive_random,122,983,2183,45.029775538250114,0.6891191709844561,0.8255613126079447,"[0.6865284974093264, 0.6917098445595855, 0.689119170984456]","[0.8160621761658031, 0.8290155440414507, 0.8316062176165803]",3,"[5, 9, 245, 249, 86, 102]"
passive_random,123,989,2183,45.30462666055887,0.6891191709844561,0.8264248704663212,"[0.6968911917098446, 0.6968911917098446, 0.6735751295336787]","[0.8134715025906736, 0.8419689119170984, 0.8238341968911918]",3,"[231, 2, 38, 216, 1, 5]"
passive_random,124,995,2183,45.57947778286761,0.6934369602763386,0.8255613126079447,"[0.6968911917098446, 0.6994818652849741, 0.6839378238341969]","[0.8238341968911918, 0.8212435233160622, 0.8316062176165803]",3,"[88, 88, 231, 210, 198, 88]"
passive_random,125,1001,2183,45.85432890517636,0.6925734024179621,0.8246977547495682,"[0.689119170984456, 0.7020725388601037, 0.6865284974093264]","[0.8212435233160622, 0.8316062176165803, 0.8212435233160622]",3,"[66, 5, 116, 5, 3, 3]"
passive_random,126,1007,2183,46.12918002748511,0.6960276338514682,0.8229706390328152,"[0.6917098445595855, 0.7046632124352331, 0.6917098445595855]","[0.8290155440414507, 0.8238341968911918, 0.8160621761658031]",3,"[196, 36, 61, 181, 184, 88]"
passive_random,127,1013,2183,46.40403114979386,0.6977547495682211,0.8221070811744386,"[0.6994818652849741, 0.7046632124352331, 0.689119170984456]","[0.8160621761658031, 0.8264248704663213, 0.8238341968911918]",3,"[27, 231, 5, 249, 249, 231]"
passive_random,128,1019,2183,46.67888227210261,0.6891191709844561,0.8221070811744386,"[0.694300518134715, 0.689119170984456, 0.6839378238341969]","[0.8238341968911918, 0.8160621761658031, 0.8264248704663213]",3,"[240, 246, 132, 205, 133, 86]"
passive_random,129,1025,2183,46.95373339441136,0.7029360967184801,0.8281519861830743,"[0.7046632124352331, 0.7072538860103627, 0.6968911917098446]","[0.8238341968911918, 0.8290155440414507, 0.8316062176165803]",3,"[113, 5, 154, 187, 115, 15]"
passive_random,130,1031,2183,47.22858451672011,0.6960276338514682,0.8246977547495682,"[0.6994818652849741, 0.7046632124352331, 0.6839378238341969]","[0.8160621761658031, 0.8316062176165803, 0.8264248704663213]",3,"[226, 191, 88, 249, 88, 249]"
passive_random,131,1037,2183,47.50343563902886,0.6994818652849742,0.8281519861830743,"[0.6994818652849741, 0.7020725388601037, 0.6968911917098446]","[0.8160621761658031, 0.844559585492228, 0.8238341968911918]",3,"[76, 248, 65, 213, 11, 5]"
passive_random,132,1043,2183,47.77828676133761,0.7029360967184802,0.8324697754749568,"[0.7020725388601037, 0.7124352331606217, 0.694300518134715]","[0.8290155440414507, 0.8341968911917098, 0.8341968911917098]",3,"[44, 80, 36, 249, 88, 189]"
passive_random,133,1049,2183,48.05313788364636,0.7081174438687392,0.8341968911917098,"[0.7098445595854922, 0.7046632124352331, 0.7098445595854922]","[0.8341968911917098, 0.8264248704663213, 0.8419689119170984]",3,"[246, 39, 130, 2, 51, 112]"
passive_random,134,1055,2183,48.32798900595511,0.7089810017271158,0.8298791018998273,"[0.7124352331606217, 0.7072538860103627, 0.7072538860103627]","[0.8186528497409327, 0.8367875647668394, 0.8341968911917098]",3,"[176, 38, 182, 88, 61, 103]"
passive_random,135,1061,2183,48.60284012826386,0.7020725388601038,0.8333333333333334,"[0.6994818652849741, 0.7124352331606217, 0.694300518134715]","[0.8290155440414507, 0.8393782383419689, 0.8316062176165803]",3,"[194, 231, 222, 13, 25, 211]"
passive_random,136,1067,2183,48.8776912505726,0.7115716753022453,0.8324697754749568,"[0.7072538860103627, 0.7227979274611399, 0.7046632124352331]","[0.8290155440414507, 0.8367875647668394, 0.8316062176165803]",3,"[110, 231, 208, 11, 88, 3]"
passive_random,137,1073,2183,49.152542372881356,0.7037996545768567,0.8333333333333334,"[0.7046632124352331, 0.7046632124352331, 0.7020725388601037]","[0.8316062176165803, 0.8290155440414507, 0.8393782383419689]",3,"[20, 249, 5, 91, 5, 166]"
passive_random,138,1079,2183,49.4273934951901,0.7055267702936097,0.8264248704663212,"[0.7072538860103627, 0.7098445595854922, 0.6994818652849741]","[0.8212435233160622, 0.8341968911917098, 0.8238341968911918]",3,"[3, 88, 124, 149, 51, 24]"
passive_random,139,1085,2183,49.702244617498856,0.7046632124352331,0.8316062176165803,"[0.7046632124352331, 0.7020725388601037, 0.7072538860103627]","[0.8316062176165803, 0.8264248704663213, 0.8367875647668394]",3,"[222, 3, 248, 3, 247, 111]"
passive_random,140,1091,2183,49.9770957398076,0.7037996545768567,0.8307426597582038,"[0.7098445595854922, 0.6917098445595855, 0.7098445595854922]","[0.8341968911917098, 0.8316062176165803, 0.8264248704663213]",3,"[39, 103, 66, 88, 8, 5]"
passive_random,141,1097,2183,50.251946862116355,0.7012089810017272,0.8238341968911916,"[0.7150259067357513, 0.694300518134715, 0.694300518134715]","[0.8186528497409327, 0.8290155440414507, 0.8238341968911918]",3,"[29, 231, 234, 60, 88, 61]"
passive_random,142,1103,2183,50.5267979844251,0.7029360967184801,0.8316062176165803,"[0.7124352331606217, 0.7072538860103627, 0.689119170984456]","[0.8212435233160622, 0.8316062176165803, 0.8419689119170984]",3,"[207, 51, 248, 203, 212, 186]"
passive_random,143,1109,2183,50.801649106733855,0.7020725388601036,0.8341968911917098,"[0.7046632124352331, 0.7098445595854922, 0.6917098445595855]","[0.8290155440414507, 0.8316062176165803, 0.8419689119170984]",3,"[88, 93, 232, 81, 242, 178]"
passive_random,144,1115,2183,51.0765002290426,0.7141623488773748,0.8333333333333334,"[0.7176165803108808, 0.7150259067357513, 0.7098445595854922]","[0.8316062176165803, 0.8393782383419689, 0.8290155440414507]",3,"[154, 159, 158, 233, 6, 30]"
passive_random,145,1121,2183,51.351351351351354,0.7063903281519863,0.8298791018998273,"[0.7020725388601037, 0.7150259067357513, 0.7020725388601037]","[0.8290155440414507, 0.8264248704663213, 0.8341968911917098]",3,"[120, 5, 205, 77, 5, 3]"
passive_random,146,1127,2183,51.6262024736601,0.7072538860103627,0.8350604490500864,"[0.7046632124352331, 0.7176165803108808, 0.6994818652849741]","[0.8264248704663213, 0.8367875647668394, 0.8419689119170984]",3,"[23, 187, 252, 3, 195, 203]"
passive_random,147,1133,2183,51.90105359596885,0.7055267702936097,0.8341968911917098,"[0.7098445595854922, 0.7124352331606217, 0.694300518134715]","[0.8264248704663213, 0.8419689119170984, 0.8341968911917098]",3,"[20, 124, 102, 5, 13, 143]"
passive_random,148,1139,2183,52.1759047182776,0.7029360967184802,0.8419689119170984,"[0.7020725388601037, 0.7072538860103627, 0.6994818652849741]","[0.8393782383419689, 0.8471502590673575, 0.8393782383419689]",3,"[251, 212, 156, 179, 5, 61]"
passive_random,149,1145,2183,52.450755840586346,0.7115716753022453,0.8393782383419689,"[0.7124352331606217, 0.7124352331606217, 0.7098445595854922]","[0.8393782383419689, 0.8393782383419689, 0.8393782383419689]",3,"[171, 190, 154, 234, 178, 3]"
passive_random,150,1151,2183,52.7256069628951,0.7029360967184802,0.8333333333333334,"[0.6994818652849741, 0.7124352331606217, 0.6968911917098446]","[0.8367875647668394, 0.8316062176165803, 0.8316062176165803]",3,"[25, 3, 239, 178, 113, 236]"
active_ordered,1,256,2183,11.726981218506642,0.38082901554404147,0.4620034542314335,"[0.38341968911917096, 0.37823834196891193, 0.38082901554404147]","[0.4637305699481865, 0.4585492227979275, 0.4637305699481865]",3,[]
active_ordered,2,262,2183,12.001832340815392,0.37737478411053543,0.5319516407599308,"[0.38341968911917096, 0.37305699481865284, 0.3756476683937824]","[0.5233160621761658, 0.5310880829015544, 0.5414507772020726]",3,"[65, 5, 237, 220, 51, 61]"
active_ordered,3,268,2183,12.276683463124142,0.39032815198618304,0.5561312607944732,"[0.3860103626943005, 0.4015544041450777, 0.38341968911917096]","[0.5595854922279793, 0.5466321243523317, 0.5621761658031088]",3,"[245, 240, 249, 61, 247, 70]"
active_ordered,4,274,2183,12.55153458543289,0.3955094991364421,0.5587219343696027,"[0.39896373056994816, 0.3911917098445596, 0.3963730569948187]","[0.5518134715025906, 0.5595854922279793, 0.5647668393782384]",3,"[212, 160, 222, 230, 138, 251]"
active_ordered,5,280,2183,12.82638570774164,0.420552677029361,0.5837651122625216,"[0.4119170984455959, 0.42487046632124353, 0.42487046632124353]","[0.5854922279792746, 0.5803108808290155, 0.5854922279792746]",3,"[249, 39, 133, 171, 158, 7]"
active_ordered,6,286,2183,13.10123683005039,0.43436960276338515,0.6036269430051814,"[0.43523316062176165, 0.44041450777202074, 0.4274611398963731]","[0.6036269430051814, 0.6036269430051814, 0.6036269430051814]",3,"[127, 246, 34, 87, 147, 231]"
active_ordered,7,292,2183,13.37608795235914,0.43609671848013815,0.6070811744386874,"[0.43005181347150256, 0.4378238341968912, 0.44041450777202074]","[0.6088082901554405, 0.6113989637305699, 0.6010362694300518]",3,"[215, 249, 208, 193, 28, 248]"
active_ordered,8,298,2183,13.650939074667889,0.45595854922279794,0.6191709844559585,"[0.4430051813471503, 0.4689119170984456, 0.45595854922279794]","[0.6243523316062176, 0.6113989637305699, 0.6217616580310881]",3,"[36, 221, 127, 214, 158, 72]"
active_ordered,9,304,2183,13.925790196976637,0.459412780656304,0.6347150259067358,"[0.4585492227979275, 0.46113989637305697, 0.4585492227979275]","[0.6321243523316062, 0.6398963730569949, 0.6321243523316062]",3,"[91, 204, 45, 212, 55, 245]"
active_ordered,10,310,2183,14.200641319285387,0.4723661485319517,0.6373056994818652,"[0.4792746113989637, 0.4740932642487047, 0.4637305699481865]","[0.6450777202072538, 0.6450777202072538, 0.6217616580310881]",3,"[11, 34, 212, 128, 214, 178]"
active_ordered,11,316,2183,14.475492441594136,0.4723661485319517,0.6424870466321244,"[0.47150259067357514, 0.48186528497409326, 0.4637305699481865]","[0.6606217616580311, 0.6295336787564767, 0.6373056994818653]",3,"[246, 246, 19, 5, 120, 231]"
active_ordered,12,322,2183,14.750343563902886,0.48618307426597585,0.6606217616580311,"[0.4896373056994819, 0.4844559585492228, 0.4844559585492228]","[0.655440414507772, 0.6709844559585493, 0.655440414507772]",3,"[201, 154, 179, 157, 61, 234]"
active_ordered,13,328,2183,15.025194686211636,0.49222797927461137,0.6727115716753023,"[0.4844559585492228, 0.5, 0.49222797927461137]","[0.6735751295336787, 0.6735751295336787, 0.6709844559585493]",3,"[109, 222, 38, 222, 176, 211]"
active_ordered,14,334,2183,15.300045808520386,0.5069084628670121,0.6796200345423143,"[0.5051813471502591, 0.5103626943005182, 0.5051813471502591]","[0.6787564766839378, 0.6839378238341969, 0.6761658031088082]",3,"[17, 51, 131, 93, 249, 4]"
active_ordered,15,340,2183,15.574896930829134,0.49654576856649396,0.6804835924006909,"[0.5129533678756477, 0.4896373056994819, 0.48704663212435234]","[0.6839378238341969, 0.6735751295336787, 0.6839378238341969]",3,"[11, 108, 139, 246, 222, 192]"
active_ordered,16,346,2183,15.849748053137883,0.5164075993091538,0.687392055267703,"[0.5181347150259067, 0.5129533678756477, 0.5181347150259067]","[0.6839378238341969, 0.7020725388601037, 0.6761658031088082]",3,"[6, 2, 77, 120, 249, 117]"
active_ordered,17,352,2183,16.124599175446633,0.5112262521588947,0.7020725388601036,"[0.5103626943005182, 0.5103626943005182, 0.5129533678756477]","[0.6994818652849741, 0.6994818652849741, 0.7072538860103627]",3,"[242, 76, 249, 51, 129, 77]"
active_ordered,18,358,2183,16.399450297755383,0.5224525043177892,0.7020725388601038,"[0.5181347150259067, 0.5284974093264249, 0.5207253886010362]","[0.7046632124352331, 0.6994818652849741, 0.7020725388601037]",3,"[158, 182, 246, 44, 111, 160]"
active_ordered,19,364,2183,16.674301420064133,0.5224525043177892,0.7107081174438687,"[0.5207253886010362, 0.5259067357512953, 0.5207253886010362]","[0.7124352331606217, 0.7072538860103627, 0.7124352331606217]",3,"[61, 51, 248, 71, 144, 58]"
active_ordered,20,370,2183,16.949152542372882,0.5146804835924007,0.7072538860103627,"[0.5155440414507773, 0.5207253886010362, 0.5077720207253886]","[0.7072538860103627, 0.7072538860103627, 0.7072538860103627]",3,"[243, 226, 45, 3, 250, 5]"
active_ordered,21,376,2183,17.224003664681632,0.5138169257340243,0.7098445595854922,"[0.5103626943005182, 0.5284974093264249, 0.5025906735751295]","[0.7124352331606217, 0.7150259067357513, 0.7020725388601037]",3,"[240, 90, 124, 236, 198, 231]"
active_ordered,22,382,2183,17.498854786990382,0.5129533678756477,0.7124352331606217,"[0.5103626943005182, 0.5284974093264249, 0.5]","[0.7072538860103627, 0.7227979274611399, 0.7072538860103627]",3,"[20, 44, 87, 3, 226, 216]"
active_ordered,23,388,2183,17.773705909299128,0.533678756476684,0.7374784110535405,"[0.5362694300518135, 0.5362694300518135, 0.5284974093264249]","[0.7357512953367875, 0.7409326424870466, 0.7357512953367875]",3,"[134, 245, 207, 20, 187, 251]"
active_ordered,24,394,2183,18.048557031607878,0.5362694300518135,0.734887737478411,"[0.533678756476684, 0.533678756476684, 0.5414507772020726]","[0.727979274611399, 0.7409326424870466, 0.7357512953367875]",3,"[187, 226, 134, 16, 46, 249]"
active_ordered,25,400,2183,18.323408153916628,0.5310880829015544,0.7374784110535405,"[0.5310880829015544, 0.5310880829015544, 0.5310880829015544]","[0.7331606217616581, 0.7538860103626943, 0.7253886010362695]",3,"[72, 61, 167, 191, 76, 115]"
active_ordered,26,406,2183,18.598259276225377,0.528497409326425,0.7443868739205527,"[0.5129533678756477, 0.5362694300518135, 0.5362694300518135]","[0.7435233160621761, 0.7409326424870466, 0.7487046632124352]",3,"[154, 113, 89, 84, 88, 11]"
active_ordered,27,412,2183,18.873110398534127,0.538860103626943,0.731433506044905,"[0.5440414507772021, 0.5362694300518135, 0.5362694300518135]","[0.7227979274611399, 0.7357512953367875, 0.7357512953367875]",3,"[102, 231, 36, 1, 232, 9]"
active_ordered,28,418,2183,19.147961520842877,0.538860103626943,0.7443868739205527,"[0.5492227979274611, 0.533678756476684, 0.533678756476684]","[0.7383419689119171, 0.7512953367875648, 0.7435233160621761]",3,"[125, 82, 120, 244, 184, 234]"
active_ordered,29,424,2183,19.422812643151627,0.5449050086355786,0.7392055267702936,"[0.538860103626943, 0.5492227979274611, 0.5466321243523317]","[0.7409326424870466, 0.7590673575129534, 0.7176165803108808]",3,"[88, 204, 219, 5, 187, 63]"
active_ordered,30,430,2183,19.697663765460376,0.5466321243523317,0.7452504317789291,"[0.5466321243523317, 0.5595854922279793, 0.533678756476684]","[0.7487046632124352, 0.7487046632124352, 0.7383419689119171]",3,"[118, 180, 89, 198, 186, 247]"
active_ordered,31,436,2183,19.972514887769126,0.5457685664939551,0.7409326424870466,"[0.5466321243523317, 0.5492227979274611, 0.5414507772020726]","[0.7357512953367875, 0.7383419689119171, 0.7487046632124352]",3,"[242, 152, 222, 205, 104, 186]"
active_ordered,32,442,2183,20.247366010077876,0.542314335060449,0.7383419689119171,"[0.5518134715025906, 0.5310880829015544, 0.5440414507772021]","[0.7253886010362695, 0.7461139896373057, 0.7435233160621761]",3,"[108, 3, 225, 208, 249, 120]"
active_ordered,33,448,2183,20.522217132386626,0.5544041450777203,0.733160621761658,"[0.5595854922279793, 0.5595854922279793, 0.5440414507772021]","[0.7305699481865285, 0.7538860103626943, 0.7150259067357513]",3,"[245, 5, 5, 77, 138, 201]"
active_ordered,34,454,2183,20.797068254695372,0.5526770293609672,0.7392055267702936,"[0.5595854922279793, 0.5518134715025906, 0.5466321243523317]","[0.7435233160621761, 0.7202072538860104, 0.7538860103626943]",3,"[57, 202, 29, 36, 181, 231]"
active_ordered,35,460,2183,21.07191937700412,0.5535405872193437,0.7417962003454232,"[0.5621761658031088, 0.5518134715025906, 0.5466321243523317]","[0.7409326424870466, 0.7409326424870466, 0.7435233160621761]",3,"[80, 198, 23, 249, 111, 90]"
active_ordered,36,466,2183,21.34677049931287,0.5535405872193437,0.731433506044905,"[0.5647668393782384, 0.5518134715025906, 0.5440414507772021]","[0.7409326424870466, 0.7383419689119171, 0.7150259067357513]",3,"[13, 203, 154, 187, 125, 107]"
active_ordered,37,472,2183,21.62162162162162,0.5544041450777202,0.7538860103626943,"[0.5569948186528497, 0.5569948186528497, 0.5492227979274611]","[0.7590673575129534, 0.7694300518134715, 0.7331606217616581]",3,"[225, 77, 44, 53, 131, 68]"
active_ordered,38,478,2183,21.89647274393037,0.5561312607944732,0.7538860103626943,"[0.5595854922279793, 0.5569948186528497, 0.5518134715025906]","[0.7512953367875648, 0.7564766839378239, 0.7538860103626943]",3,"[152, 77, 114, 246, 131, 141]"
active_ordered,39,484,2183,22.17132386623912,0.5621761658031088,0.7564766839378239,"[0.5647668393782384, 0.5673575129533679, 0.5544041450777202]","[0.7512953367875648, 0.7642487046632125, 0.7538860103626943]",3,"[64, 245, 11, 249, 186, 249]"
active_ordered,40,490,2183,22.44617498854787,0.5647668393782384,0.7530224525043178,"[0.572538860103627, 0.5595854922279793, 0.5621761658031088]","[0.7538860103626943, 0.772020725388601, 0.7331606217616581]",3,"[86, 130, 111, 234, 113, 13]"
active_ordered,41,496,2183,22.72102611085662,0.5664939550949913,0.7530224525043178,"[0.5647668393782384, 0.5673575129533679, 0.5673575129533679]","[0.7435233160621761, 0.7668393782383419, 0.7487046632124352]",3,"[179, 114, 222, 3, 249, 88]"
active_ordered,42,502,2183,22.99587723316537,0.5699481865284974,0.7461139896373057,"[0.572538860103627, 0.5751295336787565, 0.5621761658031088]","[0.7409326424870466, 0.7461139896373057, 0.7512953367875648]",3,"[245, 11, 15, 11, 120, 64]"
active_ordered,43,508,2183,23.27072835547412,0.5630397236614854,0.7512953367875648,"[0.5751295336787565, 0.5621761658031088, 0.5518134715025906]","[0.7642487046632125, 0.7538860103626943, 0.7357512953367875]",3,"[5, 79, 61, 105, 197, 249]"
active_ordered,44,514,2183,23.54557947778287,0.570811744386874,0.7478411053540587,"[0.5777202072538861, 0.5647668393782384, 0.5699481865284974]","[0.7383419689119171, 0.7435233160621761, 0.7616580310880829]",3,"[237, 216, 204, 195, 207, 60]"
active_ordered,45,520,2183,23.820430600091616,0.5587219343696027,0.7556131260794473,"[0.5569948186528497, 0.5518134715025906, 0.5673575129533679]","[0.7590673575129534, 0.7487046632124352, 0.7590673575129534]",3,"[233, 106, 90, 240, 153, 247]"
active_ordered,46,526,2183,24.095281722400365,0.5656303972366149,0.7633851468048359,"[0.5647668393782384, 0.5595854922279793, 0.572538860103627]","[0.7564766839378239, 0.772020725388601, 0.7616580310880829]",3,"[226, 205, 231, 179, 6, 194]"
active_ordered,47,532,2183,24.370132844709115,0.572538860103627,0.7694300518134716,"[0.5751295336787565, 0.5647668393782384, 0.5777202072538861]","[0.7746113989637305, 0.7849740932642487, 0.7487046632124352]",3,"[65, 213, 234, 191, 240, 160]"
active_ordered,48,538,2183,24.644983967017865,0.5734024179620035,0.7849740932642487,"[0.5699481865284974, 0.572538860103627, 0.5777202072538861]","[0.7772020725388601, 0.7953367875647669, 0.7823834196891192]",3,"[233, 198, 154, 9, 51, 195]"
active_ordered,49,544,2183,24.919835089326615,0.5734024179620034,0.7815198618307426,"[0.5673575129533679, 0.572538860103627, 0.5803108808290155]","[0.7823834196891192, 0.7875647668393783, 0.7746113989637305]",3,"[41, 117, 130, 102, 209, 19]"
active_ordered,50,550,2183,25.194686211635364,0.5803108808290155,0.7780656303972365,"[0.582901554404145, 0.5803108808290155, 0.5777202072538861]","[0.7746113989637305, 0.7875647668393783, 0.772020725388601]",3,"[158, 45, 246, 130, 248, 99]"
active_ordered,51,556,2183,25.469537333944114,0.5984455958549223,0.7841105354058722,"[0.5958549222797928, 0.6036269430051814, 0.5958549222797928]","[0.7823834196891192, 0.7927461139896373, 0.7772020725388601]",3,"[3, 34, 237, 200, 231, 194]"
active_ordered,52,562,2183,25.744388456252864,0.6027633851468049,0.7815198618307426,"[0.6010362694300518, 0.6062176165803109, 0.6010362694300518]","[0.7875647668393783, 0.7694300518134715, 0.7875647668393783]",3,"[233, 187, 196, 186, 114, 64]"
active_ordered,53,568,2183,26.019239578561614,0.6001727115716754,0.7858376511226252,"[0.5932642487046632, 0.5984455958549223, 0.6088082901554405]","[0.7927461139896373, 0.7875647668393783, 0.7772020725388601]",3,"[248, 245, 249, 40, 130, 184]"
active_ordered,54,574,2183,26.294090700870363,0.6044905008635578,0.7884283246977547,"[0.6010362694300518, 0.6010362694300518, 0.6113989637305699]","[0.7927461139896373, 0.7849740932642487, 0.7875647668393783]",3,"[63, 27, 208, 249, 7, 60]"
active_ordered,55,580,2183,26.568941823179113,0.6053540587219345,0.7910189982728842,"[0.6062176165803109, 0.6010362694300518, 0.6088082901554405]","[0.7927461139896373, 0.7953367875647669, 0.7849740932642487]",3,"[3, 208, 127, 90, 233, 118]"
active_ordered,56,586,2183,26.84379294548786,0.6122625215889465,0.7815198618307426,"[0.6036269430051814, 0.6191709844559585, 0.6139896373056994]","[0.7849740932642487, 0.7823834196891192, 0.7772020725388601]",3,"[176, 231, 140, 231, 212, 178]"
active_ordered,57,592,2183,27.11864406779661,0.6139896373056994,0.7918825561312608,"[0.6217616580310881, 0.6088082901554405, 0.6113989637305699]","[0.7953367875647669, 0.7927461139896373, 0.7875647668393783]",3,"[234, 248, 32, 110, 207, 78]"
active_ordered,58,598,2183,27.39349519010536,0.6113989637305699,0.7910189982728842,"[0.6113989637305699, 0.6113989637305699, 0.6113989637305699]","[0.7849740932642487, 0.8031088082901554, 0.7849740932642487]",3,"[236, 96, 20, 50, 151, 5]"
active_ordered,59,604,2183,27.66834631241411,0.6191709844559585,0.7763385146804836,"[0.6243523316062176, 0.6139896373056994, 0.6191709844559585]","[0.7927461139896373, 0.7772020725388601, 0.7590673575129534]",3,"[233, 6, 114, 179, 181, 211]"
active_ordered,60,610,2183,27.943197434722858,0.6243523316062176,0.7884283246977547,"[0.6295336787564767, 0.6191709844559585, 0.6243523316062176]","[0.7927461139896373, 0.7953367875647669, 0.7772020725388601]",3,"[211, 61, 146, 89, 51, 202]"
active_ordered,61,616,2183,28.218048557031608,0.6217616580310881,0.7910189982728842,"[0.6321243523316062, 0.6088082901554405, 0.6243523316062176]","[0.7979274611398963, 0.7901554404145078, 0.7849740932642487]",3,"[226, 66, 240, 222, 203, 231]"
active_ordered,62,622,2183,28.492899679340358,0.6286701208981001,0.7823834196891193,"[0.6347150259067358, 0.6217616580310881, 0.6295336787564767]","[0.7953367875647669, 0.7590673575129534, 0.7927461139896373]",3,"[145, 222, 208, 25, 5, 3]"
active_ordered,63,628,2183,28.767750801649107,0.6321243523316062,0.7815198618307426,"[0.6398963730569949, 0.6295336787564767, 0.6269430051813472]","[0.7875647668393783, 0.7849740932642487, 0.772020725388601]",3,"[93, 96, 231, 51, 235, 90]"
active_ordered,64,634,2183,29.042601923957857,0.6338514680483592,0.7754749568221072,"[0.6398963730569949, 0.6373056994818653, 0.6243523316062176]","[0.7875647668393783, 0.7849740932642487, 0.7538860103626943]",3,"[231, 213, 154, 88, 9, 33]"
active_ordered,65,640,2183,29.317453046266607,0.6373056994818653,0.7806563039723661,"[0.6450777202072538, 0.6347150259067358, 0.6321243523316062]","[0.7875647668393783, 0.7797927461139896, 0.7746113989637305]",3,"[224, 154, 11, 5, 130, 213]"
active_ordered,66,646,2183,29.592304168575357,0.6381692573402419,0.7815198618307426,"[0.6424870466321243, 0.6373056994818653, 0.6347150259067358]","[0.7979274611398963, 0.7746113989637305, 0.772020725388601]",3,"[24, 154, 20, 172, 25, 208]"
active_ordered,67,652,2183,29.867155290884103,0.6390328151986183,0.7858376511226252,"[0.6398963730569949, 0.6450777202072538, 0.6321243523316062]","[0.7901554404145078, 0.7927461139896373, 0.7746113989637305]",3,"[203, 146, 172, 51, 3, 222]"
active_ordered,68,658,2183,30.142006413192853,0.6373056994818653,0.7970639032815199,"[0.6476683937823834, 0.6269430051813472, 0.6373056994818653]","[0.7927461139896373, 0.7901554404145078, 0.8082901554404145]",3,"[245, 88, 61, 151, 201, 102]"
active_ordered,69,664,2183,30.416857535501602,0.6424870466321244,0.8048359240069084,"[0.6450777202072538, 0.6373056994818653, 0.6450777202072538]","[0.8082901554404145, 0.7979274611398963, 0.8082901554404145]",3,"[159, 231, 178, 3, 64, 208]"
active_ordered,70,670,2183,30.691708657810352,0.6381692573402419,0.7918825561312608,"[0.6502590673575129, 0.6321243523316062, 0.6321243523316062]","[0.8160621761658031, 0.7979274611398963, 0.7616580310880829]",3,"[231, 191, 103, 246, 102, 160]"
active_ordered,71,676,2183,30.966559780119102,0.643350604490501,0.803972366148532,"[0.6502590673575129, 0.6373056994818653, 0.6424870466321243]","[0.8186528497409327, 0.8031088082901554, 0.7901554404145078]",3,"[105, 231, 61, 135, 96, 27]"
active_ordered,72,682,2183,31.24141090242785,0.6468048359240068,0.8048359240069085,"[0.6528497409326425, 0.6450777202072538, 0.6424870466321243]","[0.8212435233160622, 0.8005181347150259, 0.7927461139896373]",3,"[38, 195, 213, 246, 224, 205]"
active_ordered,73,688,2183,31.5162620247366,0.6424870466321244,0.7910189982728842,"[0.655440414507772, 0.6295336787564767, 0.6424870466321243]","[0.8031088082901554, 0.7901554404145078, 0.7797927461139896]",3,"[232, 249, 248, 241, 208, 5]"
active_ordered,74,694,2183,31.79111314704535,0.6407599309153714,0.8074265975820379,"[0.6450777202072538, 0.6373056994818653, 0.6398963730569949]","[0.8238341968911918, 0.7849740932642487, 0.8134715025906736]",3,"[222, 11, 14, 231, 133, 42]"
active_ordered,75,700,2183,32.0659642693541,0.6459412780656303,0.7970639032815199,"[0.6450777202072538, 0.6450777202072538, 0.6476683937823834]","[0.8160621761658031, 0.7927461139896373, 0.7823834196891192]",3,"[124, 3, 120, 88, 178, 103]"
active_ordered,76,706,2183,32.34081539166285,0.6519861830742659,0.7953367875647667,"[0.6606217616580311, 0.6476683937823834, 0.6476683937823834]","[0.8005181347150259, 0.7823834196891192, 0.8031088082901554]",3,"[237, 68, 5, 67, 109, 247]"
active_ordered,77,712,2183,32.6156665139716,0.643350604490501,0.7875647668393783,"[0.6398963730569949, 0.6424870466321243, 0.6476683937823834]","[0.810880829015544, 0.7746113989637305, 0.7772020725388601]",3,"[226, 105, 48, 247, 8, 202]"
active_ordered,78,718,2183,32.89051763628035,0.651986183074266,0.8065630397236615,"[0.6683937823834197, 0.6373056994818653, 0.6502590673575129]","[0.8160621761658031, 0.8186528497409327, 0.7849740932642487]",3,"[39, 231, 245, 247, 181, 159]"
active_ordered,79,724,2183,33.165368758589096,0.6519861830742659,0.7987910189982728,"[0.655440414507772, 0.6476683937823834, 0.6528497409326425]","[0.8134715025906736, 0.7823834196891192, 0.8005181347150259]",3,"[243, 6, 247, 160, 184, 233]"
active_ordered,80,730,2183,33.44021988089785,0.6563039723661485,0.8151986183074266,"[0.6580310880829016, 0.6476683937823834, 0.6632124352331606]","[0.8160621761658031, 0.8134715025906736, 0.8160621761658031]",3,"[61, 191, 51, 236, 174, 39]"
active_ordered,81,736,2183,33.715071003206596,0.658894645941278,0.8169257340241796,"[0.6606217616580311, 0.6580310880829016, 0.6580310880829016]","[0.8160621761658031, 0.805699481865285, 0.8290155440414507]",3,"[249, 90, 159, 161, 149, 231]"
active_ordered,82,742,2183,33.98992212551535,0.6640759930915371,0.8056994818652851,"[0.6632124352331606, 0.6606217616580311, 0.6683937823834197]","[0.8186528497409327, 0.805699481865285, 0.7927461139896373]",3,"[245, 75, 46, 5, 16, 211]"
active_ordered,83,748,2183,34.264773247824095,0.6597582037996546,0.8048359240069084,"[0.6658031088082902, 0.6580310880829016, 0.655440414507772]","[0.8031088082901554, 0.7953367875647669, 0.8160621761658031]",3,"[240, 146, 129, 222, 198, 43]"
active_ordered,84,754,2183,34.53962437013284,0.6623488773747841,0.8212435233160621,"[0.6761658031088082, 0.6476683937823834, 0.6632124352331606]","[0.8186528497409327, 0.8264248704663213, 0.8186528497409327]",3,"[204, 117, 231, 3, 159, 247]"
active_ordered,85,760,2183,34.814475492441595,0.6545768566493955,0.8203799654576857,"[0.6476683937823834, 0.6580310880829016, 0.6580310880829016]","[0.8212435233160622, 0.8134715025906736, 0.8264248704663213]",3,"[217, 170, 5, 207, 231, 51]"
active_ordered,86,766,2183,35.08932661475034,0.6623488773747841,0.8272884283246977,"[0.6658031088082902, 0.6580310880829016, 0.6632124352331606]","[0.8341968911917098, 0.8082901554404145, 0.8393782383419689]",3,"[3, 245, 32, 77, 7, 54]"
active_ordered,87,772,2183,35.364177737059094,0.6623488773747841,0.8056994818652848,"[0.6709844559585493, 0.6528497409326425, 0.6632124352331606]","[0.8134715025906736, 0.7953367875647669, 0.8082901554404145]",3,"[61, 88, 222, 159, 120, 51]"
active_ordered,88,778,2183,35.63902885936784,0.6649395509499136,0.8134715025906737,"[0.6709844559585493, 0.6606217616580311, 0.6632124352331606]","[0.8238341968911918, 0.8290155440414507, 0.7875647668393783]",3,"[182, 240, 231, 249, 158, 18]"
active_ordered,89,784,2183,35.913879981676594,0.6683937823834197,0.8203799654576857,"[0.6761658031088082, 0.6606217616580311, 0.6683937823834197]","[0.8238341968911918, 0.8160621761658031, 0.8212435233160622]",3,"[18, 109, 226, 249, 205, 240]"
active_ordered,90,790,2183,36.18873110398534,0.6658031088082902,0.8238341968911916,"[0.6658031088082902, 0.6709844559585493, 0.6606217616580311]","[0.8186528497409327, 0.810880829015544, 0.8419689119170984]",3,"[249, 124, 220, 171, 118, 20]"
active_ordered,91,796,2183,36.46358222629409,0.6692573402417962,0.8108808290155439,"[0.6658031088082902, 0.6709844559585493, 0.6709844559585493]","[0.8160621761658031, 0.7979274611398963, 0.8186528497409327]",3,"[3, 160, 242, 211, 230, 15]"
active_ordered,92,802,2183,36.73843334860284,0.6761658031088084,0.8117443868739205,"[0.6683937823834197, 0.6813471502590673, 0.6787564766839378]","[0.8082901554404145, 0.8082901554404145, 0.8186528497409327]",3,"[240, 234, 231, 27, 6, 17]"
active_ordered,93,808,2183,37.01328447091159,0.6735751295336788,0.8255613126079447,"[0.6735751295336787, 0.6735751295336787, 0.6735751295336787]","[0.8316062176165803, 0.8186528497409327, 0.8264248704663213]",3,"[3, 231, 186, 251, 181, 45]"
active_ordered,94,814,2183,37.28813559322034,0.6727115716753023,0.8186528497409326,"[0.6709844559585493, 0.6787564766839378, 0.6683937823834197]","[0.810880829015544, 0.8160621761658031, 0.8290155440414507]",3,"[90, 124, 248, 222, 7, 51]"
active_ordered,95,820,2183,37.562986715529085,0.6675302245250432,0.8316062176165803,"[0.6709844559585493, 0.6709844559585493, 0.6606217616580311]","[0.8341968911917098, 0.810880829015544, 0.8497409326424871]",3,"[231, 159, 30, 178, 246, 162]"
active_ordered,96,826,2183,37.83783783783784,0.6744386873920553,0.8281519861830743,"[0.6787564766839378, 0.6761658031088082, 0.6683937823834197]","[0.8290155440414507, 0.8186528497409327, 0.8367875647668394]",3,"[11, 5, 231, 63, 90, 231]"
active_ordered,97,832,2183,38.112688960146585,0.6804835924006909,0.8419689119170984,"[0.6787564766839378, 0.6761658031088082, 0.6865284974093264]","[0.8367875647668394, 0.8393782383419689, 0.8497409326424871]",3,"[154, 181, 5, 102, 20, 22]"
active_ordered,98,838,2183,38.38754008245534,0.6882556131260795,0.8341968911917098,"[0.6917098445595855, 0.6865284974093264, 0.6865284974093264]","[0.8316062176165803, 0.8367875647668394, 0.8341968911917098]",3,"[5, 246, 246, 111, 89, 204]"
active_ordered,99,844,2183,38.662391204764084,0.6796200345423143,0.8333333333333334,"[0.6839378238341969, 0.6787564766839378, 0.6761658031088082]","[0.8290155440414507, 0.8367875647668394, 0.8341968911917098]",3,"[240, 20, 154, 61, 72, 7]"
active_ordered,100,850,2183,38.93724232707284,0.6804835924006909,0.8402417962003454,"[0.6813471502590673, 0.6917098445595855, 0.6683937823834197]","[0.8341968911917098, 0.8497409326424871, 0.8367875647668394]",3,"[124, 233, 72, 35, 187, 7]"
active_ordered,101,856,2183,39.212093449381584,0.6908462867012091,0.8402417962003454,"[0.694300518134715, 0.6917098445595855, 0.6865284974093264]","[0.844559585492228, 0.8367875647668394, 0.8393782383419689]",3,"[13, 111, 233, 179, 160, 120]"
active_ordered,102,862,2183,39.48694457169034,0.6770293609671848,0.841105354058722,"[0.6761658031088082, 0.6839378238341969, 0.6709844559585493]","[0.8393782383419689, 0.844559585492228, 0.8393782383419689]",3,"[45, 79, 179, 247, 20, 145]"
active_ordered,103,868,2183,39.76179569399908,0.6934369602763386,0.8376511226252159,"[0.694300518134715, 0.694300518134715, 0.6917098445595855]","[0.8367875647668394, 0.844559585492228, 0.8316062176165803]",3,"[211, 5, 120, 187, 207, 77]"
active_ordered,104,874,2183,40.03664681630784,0.6848013816925734,0.841105354058722,"[0.6865284974093264, 0.6865284974093264, 0.6813471502590673]","[0.8290155440414507, 0.8523316062176166, 0.8419689119170984]",3,"[3, 90, 235, 231, 160, 90]"
active_ordered,105,880,2183,40.31149793861658,0.6917098445595856,0.8402417962003454,"[0.694300518134715, 0.6968911917098446, 0.6839378238341969]","[0.8316062176165803, 0.844559585492228, 0.844559585492228]",3,"[235, 3, 51, 248, 212, 63]"
active_ordered,106,886,2183,40.58634906092533,0.6977547495682211,0.8436960276338515,"[0.6968911917098446, 0.6968911917098446, 0.6994818652849741]","[0.8341968911917098, 0.8523316062176166, 0.844559585492228]",3,"[61, 154, 179, 117, 5, 249]"
active_ordered,107,892,2183,40.86120018323408,0.6951640759930915,0.8385146804835925,"[0.694300518134715, 0.6865284974093264, 0.7046632124352331]","[0.8316062176165803, 0.8367875647668394, 0.8471502590673575]",3,"[175, 146, 249, 5, 51, 3]"
active_ordered,108,898,2183,41.13605130554283,0.6968911917098447,0.8436960276338515,"[0.694300518134715, 0.7072538860103627, 0.689119170984456]","[0.8419689119170984, 0.844559585492228, 0.844559585492228]",3,"[5, 211, 57, 127, 38, 77]"
active_ordered,109,904,2183,41.41090242785158,0.6925734024179621,0.8385146804835925,"[0.689119170984456, 0.6865284974093264, 0.7020725388601037]","[0.8367875647668394, 0.8393782383419689, 0.8393782383419689]",3,"[61, 3, 249, 46, 103, 251]"
active_ordered,110,910,2183,41.68575355016033,0.6968911917098447,0.854922279792746,"[0.7020725388601037, 0.6968911917098446, 0.6917098445595855]","[0.8523316062176166, 0.8626943005181347, 0.8497409326424871]",3,"[21, 245, 3, 179, 64, 120]"
active_ordered,111,916,2183,41.96060467246908,0.6968911917098447,0.8462867012089811,"[0.6994818652849741, 0.6968911917098446, 0.694300518134715]","[0.8419689119170984, 0.8549222797927462, 0.8419689119170984]",3,"[65, 11, 211, 51, 237, 249]"
active_ordered,112,922,2183,42.23545579477783,0.7012089810017272,0.841105354058722,"[0.6968911917098446, 0.7046632124352331, 0.7020725388601037]","[0.8316062176165803, 0.8523316062176166, 0.8393782383419689]",3,"[45, 233, 198, 123, 102, 124]"
active_ordered,113,928,2183,42.51030691708658,0.6960276338514682,0.8471502590673575,"[0.694300518134715, 0.7072538860103627, 0.6865284974093264]","[0.8497409326424871, 0.8419689119170984, 0.8497409326424871]",3,"[5, 211, 51, 102, 131, 35]"
active_ordered,114,934,2183,42.78515803939533,0.6925734024179621,0.8393782383419689,"[0.6994818652849741, 0.6839378238341969, 0.694300518134715]","[0.8419689119170984, 0.8316062176165803, 0.844559585492228]",3,"[5, 211, 112, 102, 77, 233]"
active_ordered,115,940,2183,43.06000916170408,0.6986183074265977,0.841105354058722,"[0.7072538860103627, 0.694300518134715, 0.694300518134715]","[0.8393782383419689, 0.8419689119170984, 0.8419689119170984]",3,"[3, 211, 75, 249, 77, 51]"
active_ordered,116,946,2183,43.33486028401283,0.7081174438687392,0.841105354058722,"[0.7124352331606217, 0.7046632124352331, 0.7072538860103627]","[0.8367875647668394, 0.8419689119170984, 0.844559585492228]",3,"[5, 51, 211, 248, 236, 102]"
active_ordered,117,952,2183,43.60971140632157,0.7029360967184801,0.8419689119170984,"[0.7046632124352331, 0.7098445595854922, 0.694300518134715]","[0.8419689119170984, 0.8419689119170984, 0.8419689119170984]",3,"[61, 5, 51, 89, 102, 45]"
active_ordered,118,958,2183,43.884562528630326,0.7029360967184801,0.8471502590673575,"[0.7072538860103627, 0.7072538860103627, 0.694300518134715]","[0.8471502590673575, 0.8497409326424871, 0.844559585492228]",3,"[3, 121, 211, 249, 102, 248]"
active_ordered,119,964,2183,44.15941365093907,0.7132987910189983,0.8454231433506045,"[0.7253886010362695, 0.7046632124352331, 0.7098445595854922]","[0.8419689119170984, 0.8471502590673575, 0.8471502590673575]",3,"[5, 90, 118, 102, 248, 132]"
active_ordered,120,970,2183,44.434264773247826,0.7210708117443869,0.8462867012089811,"[0.7202072538860104, 0.7305699481865285, 0.7124352331606217]","[0.8393782383419689, 0.8497409326424871, 0.8497409326424871]",3,"[5, 231, 90, 204, 248, 211]"
active_ordered,121,976,2183,44.70911589555657,0.7219343696027632,0.8393782383419689,"[0.7357512953367875, 0.7098445595854922, 0.7202072538860104]","[0.8341968911917098, 0.8393782383419689, 0.844559585492228]",3,"[5, 90, 248, 61, 249, 103]"
active_ordered,122,982,2183,44.983967017865325,0.731433506044905,0.844559585492228,"[0.7357512953367875, 0.727979274611399, 0.7305699481865285]","[0.8393782383419689, 0.8471502590673575, 0.8471502590673575]",3,"[5, 0, 238, 61, 51, 20]"
active_ordered,123,988,2183,45.25881814017407,0.7340241796200345,0.8436960276338515,"[0.7435233160621761, 0.727979274611399, 0.7305699481865285]","[0.8393782383419689, 0.8393782383419689, 0.8523316062176166]",3,"[3, 251, 222, 127, 90, 178]"
active_ordered,124,994,2183,45.533669262482825,0.726252158894646,0.844559585492228,"[0.7227979274611399, 0.7331606217616581, 0.7227979274611399]","[0.8393782383419689, 0.8549222797927462, 0.8393782383419689]",3,"[124, 178, 245, 35, 61, 3]"
active_ordered,125,1000,2183,45.80852038479157,0.7253886010362695,0.8462867012089811,"[0.7305699481865285, 0.7150259067357513, 0.7305699481865285]","[0.8341968911917098, 0.8497409326424871, 0.8549222797927462]",3,"[3, 226, 178, 20, 5, 249]"
active_ordered,126,1006,2183,46.083371507100324,0.7271157167530226,0.8393782383419689,"[0.7331606217616581, 0.7305699481865285, 0.7176165803108808]","[0.8367875647668394, 0.8497409326424871, 0.8316062176165803]",3,"[3, 248, 222, 177, 152, 20]"
active_ordered,127,1012,2183,46.35822262940907,0.7322970639032814,0.842832469775475,"[0.7357512953367875, 0.7383419689119171, 0.7227979274611399]","[0.8393782383419689, 0.8471502590673575, 0.8419689119170984]",3,"[5, 246, 20, 231, 6, 191]"
active_ordered,128,1018,2183,46.633073751717816,0.7236614853195164,0.8488773747841106,"[0.7357512953367875, 0.7253886010362695, 0.7098445595854922]","[0.8497409326424871, 0.8497409326424871, 0.8471502590673575]",3,"[5, 127, 231, 11, 249, 240]"
active_ordered,129,1024,2183,46.90792487402657,0.7322970639032814,0.8462867012089811,"[0.7357512953367875, 0.7357512953367875, 0.7253886010362695]","[0.8523316062176166, 0.8497409326424871, 0.8367875647668394]",3,"[29, 207, 5, 20, 46, 245]"
active_ordered,130,1030,2183,47.182775996335316,0.7305699481865284,0.842832469775475,"[0.7461139896373057, 0.727979274611399, 0.7176165803108808]","[0.8419689119170984, 0.844559585492228, 0.8419689119170984]",3,"[5, 231, 90, 11, 77, 20]"
active_ordered,131,1036,2183,47.45762711864407,0.731433506044905,0.8488773747841106,"[0.7357512953367875, 0.727979274611399, 0.7305699481865285]","[0.844559585492228, 0.8549222797927462, 0.8471502590673575]",3,"[124, 187, 5, 3, 231, 93]"
active_ordered,132,1042,2183,47.732478240952815,0.7366148531951641,0.8480138169257341,"[0.7461139896373057, 0.7331606217616581, 0.7305699481865285]","[0.844559585492228, 0.8523316062176166, 0.8471502590673575]",3,"[5, 249, 20, 61, 90, 125]"
active_ordered,133,1048,2183,48.00732936326157,0.731433506044905,0.8436960276338515,"[0.7305699481865285, 0.727979274611399, 0.7357512953367875]","[0.8497409326424871, 0.8393782383419689, 0.8419689119170984]",3,"[3, 249, 231, 125, 102, 5]"
active_ordered,134,1054,2183,48.282180485570315,0.7322970639032814,0.8462867012089811,"[0.7331606217616581, 0.7357512953367875, 0.727979274611399]","[0.8419689119170984, 0.8497409326424871, 0.8471502590673575]",3,"[5, 130, 238, 249, 145, 3]"
active_ordered,135,1060,2183,48.55703160787907,0.734887737478411,0.8462867012089811,"[0.7409326424870466, 0.7305699481865285, 0.7331606217616581]","[0.8419689119170984, 0.8523316062176166, 0.844559585492228]",3,"[5, 240, 120, 194, 207, 88]"
active_ordered,136,1066,2183,48.831882730187814,0.7392055267702936,0.8462867012089811,"[0.7538860103626943, 0.7331606217616581, 0.7305699481865285]","[0.8497409326424871, 0.844559585492228, 0.844559585492228]",3,"[5, 234, 204, 124, 178, 127]"
active_ordered,137,1072,2183,49.10673385249657,0.7435233160621761,0.8471502590673575,"[0.7487046632124352, 0.7435233160621761, 0.7383419689119171]","[0.844559585492228, 0.8471502590673575, 0.8497409326424871]",3,"[109, 246, 216, 3, 10, 231]"
active_ordered,138,1078,2183,49.381584974805314,0.7383419689119171,0.8462867012089811,"[0.7409326424870466, 0.7461139896373057, 0.727979274611399]","[0.8497409326424871, 0.844559585492228, 0.844559585492228]",3,"[5, 231, 125, 51, 88, 231]"
active_ordered,139,1084,2183,49.65643609711406,0.74006908462867,0.8393782383419689,"[0.7409326424870466, 0.7487046632124352, 0.7305699481865285]","[0.8393782383419689, 0.8419689119170984, 0.8367875647668394]",3,"[3, 90, 231, 125, 51, 246]"
active_ordered,140,1090,2183,49.93128721942281,0.7357512953367875,0.844559585492228,"[0.727979274611399, 0.7487046632124352, 0.7305699481865285]","[0.8393782383419689, 0.8497409326424871, 0.844559585492228]",3,"[1, 246, 3, 154, 20, 3]"
active_ordered,141,1096,2183,50.20613834173156,0.734887737478411,0.8540587219343695,"[0.7409326424870466, 0.7383419689119171, 0.7253886010362695]","[0.8419689119170984, 0.8652849740932642, 0.8549222797927462]",3,"[231, 5, 49, 90, 154, 131]"
active_ordered,142,1102,2183,50.48098946404031,0.7392055267702936,0.8454231433506045,"[0.7357512953367875, 0.7487046632124352, 0.7331606217616581]","[0.8419689119170984, 0.8471502590673575, 0.8471502590673575]",3,"[5, 245, 245, 88, 51, 3]"
active_ordered,143,1108,2183,50.75584058634906,0.7374784110535405,0.8462867012089811,"[0.7435233160621761, 0.7357512953367875, 0.7331606217616581]","[0.8393782383419689, 0.8471502590673575, 0.8523316062176166]",3,"[5, 90, 212, 88, 154, 251]"
active_ordered,144,1114,2183,51.03069170865781,0.7409326424870466,0.8462867012089811,"[0.7435233160621761, 0.7512953367875648, 0.727979274611399]","[0.8419689119170984, 0.8471502590673575, 0.8497409326424871]",3,"[3, 90, 36, 249, 248, 245]"
active_ordered,145,1120,2183,51.30554283096656,0.733160621761658,0.8462867012089811,"[0.7383419689119171, 0.7409326424870466, 0.7202072538860104]","[0.844559585492228, 0.8575129533678757, 0.8367875647668394]",3,"[64, 4, 86, 7, 251, 3]"
active_ordered,146,1126,2183,51.58039395327531,0.7357512953367875,0.8506044905008636,"[0.7331606217616581, 0.7487046632124352, 0.7253886010362695]","[0.8471502590673575, 0.8471502590673575, 0.8575129533678757]",3,"[5, 45, 249, 234, 90, 88]"
active_ordered,147,1132,2183,51.85524507558406,0.7512953367875648,0.8514680483592402,"[0.7616580310880829, 0.7590673575129534, 0.7331606217616581]","[0.8549222797927462, 0.8497409326424871, 0.8497409326424871]",3,"[5, 90, 245, 3, 98, 88]"
active_ordered,148,1138,2183,52.13009619789281,0.7495682210708118,0.8523316062176166,"[0.7538860103626943, 0.7461139896373057, 0.7487046632124352]","[0.844559585492228, 0.8575129533678757, 0.8549222797927462]",3,"[3, 231, 66, 208, 88, 108]"
active_ordered,149,1144,2183,52.40494732020156,0.7478411053540587,0.8506044905008636,"[0.7564766839378239, 0.7538860103626943, 0.7331606217616581]","[0.8471502590673575, 0.8497409326424871, 0.8549222797927462]",3,"[98, 246, 185, 236, 5, 245]"
active_ordered,150,1150,2183,52.679798442510304,0.74006908462867,0.8566493955094993,"[0.7409326424870466, 0.7512953367875648, 0.727979274611399]","[0.8575129533678757, 0.8575129533678757, 0.8549222797927462]",3,"[15, 1, 246, 124, 5, 88]"
passive_ordered,1,256,2183,11.726981218506642,0.38082901554404147,0.4620034542314335,"[0.38341968911917096, 0.37823834196891193, 0.38082901554404147]","[0.4637305699481865, 0.4585492227979275, 0.4637305699481865]",3,[]
passive_ordered,2,262,2183,12.001832340815392,0.3791018998272884,0.46891191709844554,"[0.3860103626943005, 0.3704663212435233, 0.38082901554404147]","[0.46113989637305697, 0.4689119170984456, 0.47668393782383417]",3,"[103, 250, 29, 240, 79, 139]"
passive_ordered,3,268,2183,12.276683463124142,0.379965457685665,0.4827288428324698,"[0.38341968911917096, 0.38082901554404147, 0.3756476683937824]","[0.4844559585492228, 0.48186528497409326, 0.48186528497409326]",3,"[160, 65, 67, 117, 53, 124]"
passive_ordered,4,274,2183,12.55153458543289,0.3825561312607945,0.47063903281519864,"[0.3860103626943005, 0.3756476683937824, 0.3860103626943005]","[0.4637305699481865, 0.4740932642487047, 0.4740932642487047]",3,"[2, 103, 66, 101, 249, 133]"
passive_ordered,5,280,2183,12.82638570774164,0.38082901554404147,0.4723661485319517,"[0.37823834196891193, 0.37823834196891193, 0.3860103626943005]","[0.4740932642487047, 0.4689119170984456, 0.4740932642487047]",3,"[2, 149, 142, 207, 42, 1]"
passive_ordered,6,286,2183,13.10123683005039,0.3860103626943005,0.5457685664939551,"[0.3911917098445596, 0.38341968911917096, 0.38341968911917096]","[0.5466321243523317, 0.5440414507772021, 0.5466321243523317]",3,"[204, 101, 88, 2, 5, 49]"
passive_ordered,7,292,2183,13.37608795235914,0.40069084628670115,0.5664939550949913,"[0.4067357512953368, 0.3911917098445596, 0.40414507772020725]","[0.5751295336787565, 0.5673575129533679, 0.5569948186528497]",3,"[249, 2, 8, 180, 184, 66]"
passive_ordered,8,298,2183,13.650939074667889,0.3998272884283247,0.570811744386874,"[0.4067357512953368, 0.39896373056994816, 0.39378238341968913]","[0.5751295336787565, 0.5699481865284974, 0.5673575129533679]",3,"[235, 134, 90, 111, 40, 35]"
passive_ordered,9,304,2183,13.925790196976637,0.40500863557858374,0.5656303972366149,"[0.3963730569948187, 0.41450777202072536, 0.40414507772020725]","[0.5647668393782384, 0.5647668393782384, 0.5673575129533679]",3,"[88, 211, 240, 75, 226, 3]"
passive_ordered,10,310,2183,14.200641319285387,0.39810017271157166,0.570811744386874,"[0.4067357512953368, 0.3963730569948187, 0.3911917098445596]","[0.5751295336787565, 0.5673575129533679, 0.5699481865284974]",3,"[5, 131, 180, 37, 41, 9]"
passive_ordered,11,316,2183,14.475492441594136,0.4041450777202072,0.581174438687392,"[0.4015544041450777, 0.40932642487046633, 0.4015544041450777]","[0.5854922279792746, 0.5647668393782384, 0.5932642487046632]",3,"[33, 117, 2, 146, 246, 136]"
passive_ordered,12,322,2183,14.750343563902886,0.40673575129533684,0.5803108808290155,"[0.41450777202072536, 0.4119170984455959, 0.39378238341968913]","[0.582901554404145, 0.5751295336787565, 0.582901554404145]",3,"[24, 226, 222, 109, 113, 189]"
passive_ordered,13,328,2183,15.025194686211636,0.4119170984455958,0.581174438687392,"[0.4067357512953368, 0.4170984455958549, 0.4119170984455959]","[0.582901554404145, 0.5777202072538861, 0.582901554404145]",3,"[22, 147, 202, 86, 6, 2]"
passive_ordered,14,334,2183,15.300045808520386,0.4153713298791019,0.5803108808290155,"[0.41450777202072536, 0.41968911917098445, 0.4119170984455959]","[0.582901554404145, 0.5803108808290155, 0.5777202072538861]",3,"[57, 15, 5, 46, 45, 205]"
passive_ordered,15,340,2183,15.574896930829134,0.4447322970639033,0.614853195164076,"[0.45595854922279794, 0.4378238341968912, 0.44041450777202074]","[0.6113989637305699, 0.616580310880829, 0.616580310880829]",3,"[249, 77, 88, 11, 3, 27]"
passive_ordered,16,346,2183,15.849748053137883,0.44732297063903276,0.6260794473229706,"[0.4481865284974093, 0.45077720207253885, 0.4430051813471503]","[0.6243523316062176, 0.6217616580310881, 0.6321243523316062]",3,"[2, 38, 191, 6, 212, 194]"
passive_ordered,17,352,2183,16.124599175446633,0.4507772020725389,0.6208981001727115,"[0.44041450777202074, 0.4533678756476684, 0.4585492227979275]","[0.6139896373056994, 0.6243523316062176, 0.6243523316062176]",3,"[34, 106, 103, 131, 110, 87]"
passive_ordered,18,358,2183,16.399450297755383,0.46373056994818657,0.6269430051813472,"[0.46113989637305697, 0.47150259067357514, 0.4585492227979275]","[0.6243523316062176, 0.6295336787564767, 0.6269430051813472]",3,"[25, 117, 159, 240, 75, 3]"
passive_ordered,19,364,2183,16.674301420064133,0.4585492227979275,0.6200345423143351,"[0.46113989637305697, 0.4533678756476684, 0.46113989637305697]","[0.6269430051813472, 0.6191709844559585, 0.6139896373056994]",3,"[114, 83, 212, 140, 65, 96]"
passive_ordered,20,370,2183,16.949152542372882,0.46027633851468047,0.6286701208981001,"[0.4585492227979275, 0.4637305699481865, 0.4585492227979275]","[0.6269430051813472, 0.6347150259067358, 0.6243523316062176]",3,"[3, 131, 88, 80, 34, 127]"
passive_ordered,21,376,2183,17.224003664681632,0.46977547495682215,0.6260794473229706,"[0.4689119170984456, 0.47150259067357514, 0.4689119170984456]","[0.6191709844559585, 0.6347150259067358, 0.6243523316062176]",3,"[191, 79, 23, 166, 117, 128]"
passive_ordered,22,382,2183,17.498854786990382,0.47668393782383417,0.6303972366148533,"[0.4740932642487047, 0.4740932642487047, 0.48186528497409326]","[0.6347150259067358, 0.6295336787564767, 0.6269430051813472]",3,"[245, 226, 3, 191, 77, 211]"
passive_ordered,23,388,2183,17.773705909299128,0.48013816925734026,0.6424870466321244,"[0.48186528497409326, 0.4792746113989637, 0.4792746113989637]","[0.6398963730569949, 0.6347150259067358, 0.6528497409326425]",3,"[123, 61, 88, 213, 3, 134]"
passive_ordered,24,394,2183,18.048557031607878,0.4749568221070812,0.6347150259067358,"[0.4637305699481865, 0.47668393782383417, 0.4844559585492228]","[0.6373056994818653, 0.6295336787564767, 0.6373056994818653]",3,"[2, 244, 201, 1, 38, 114]"
passive_ordered,25,400,2183,18.323408153916628,0.4715025906735752,0.6459412780656303,"[0.46632124352331605, 0.47668393782383417, 0.47150259067357514]","[0.6450777202072538, 0.6476683937823834, 0.6450777202072538]",3,"[81, 46, 123, 66, 211, 197]"
passive_ordered,26,406,2183,18.598259276225377,0.4870466321243523,0.657167530224525,"[0.4844559585492228, 0.49222797927461137, 0.4844559585492228]","[0.655440414507772, 0.6606217616580311, 0.655440414507772]",3,"[236, 249, 129, 72, 103, 138]"
passive_ordered,27,412,2183,18.873110398534127,0.4844559585492228,0.6537132987910189,"[0.4844559585492228, 0.4792746113989637, 0.4896373056994819]","[0.6632124352331606, 0.6528497409326425, 0.6450777202072538]",3,"[249, 133, 73, 187, 76, 102]"
passive_ordered,28,418,2183,19.147961520842877,0.4835924006908463,0.658894645941278,"[0.4844559585492228, 0.4792746113989637, 0.48704663212435234]","[0.6632124352331606, 0.6528497409326425, 0.6606217616580311]",3,"[25, 119, 88, 0, 98, 222]"
passive_ordered,29,424,2183,19.422812643151627,0.48186528497409326,0.6606217616580311,"[0.4844559585492228, 0.4792746113989637, 0.48186528497409326]","[0.6658031088082902, 0.6632124352331606, 0.6528497409326425]",3,"[0, 89, 127, 186, 161, 5]"
passive_ordered,30,430,2183,19.697663765460376,0.4913644214162349,0.6597582037996546,"[0.4896373056994819, 0.48704663212435234, 0.49740932642487046]","[0.655440414507772, 0.6580310880829016, 0.6658031088082902]",3,"[116, 238, 55, 211, 93, 44]"
passive_ordered,31,436,2183,19.972514887769126,0.4879101899827288,0.6580310880829016,"[0.4792746113989637, 0.4896373056994819, 0.4948186528497409]","[0.655440414507772, 0.6580310880829016, 0.6606217616580311]",3,"[123, 95, 88, 88, 5, 131]"
passive_ordered,32,442,2183,20.247366010077876,0.48704663212435234,0.657167530224525,"[0.48704663212435234, 0.48704663212435234, 0.48704663212435234]","[0.6528497409326425, 0.6502590673575129, 0.6683937823834197]",3,"[48, 120, 240, 105, 113, 2]"
passive_ordered,33,448,2183,20.522217132386626,0.48963730569948183,0.6632124352331606,"[0.49740932642487046, 0.4844559585492228, 0.48704663212435234]","[0.6632124352331606, 0.6683937823834197, 0.6580310880829016]",3,"[2, 146, 120, 3, 10, 231]"
passive_ordered,34,454,2183,20.797068254695372,0.4939550949913644,0.658894645941278,"[0.49740932642487046, 0.4896373056994819, 0.4948186528497409]","[0.6580310880829016, 0.6502590673575129, 0.6683937823834197]",3,"[46, 234, 120, 120, 11, 19]"
passive_ordered,35,460,2183,21.07191937700412,0.4948186528497409,0.6606217616580311,"[0.5, 0.4896373056994819, 0.4948186528497409]","[0.6580310880829016, 0.6658031088082902, 0.6580310880829016]",3,"[138, 103, 129, 187, 196, 60]"
passive_ordered,36,466,2183,21.34677049931287,0.4956822107081174,0.6614853195164075,"[0.49222797927461137, 0.49222797927461137, 0.5025906735751295]","[0.6658031088082902, 0.6606217616580311, 0.6580310880829016]",3,"[63, 63, 20, 88, 121, 78]"
passive_ordered,37,472,2183,21.62162162162162,0.49654576856649396,0.6692573402417962,"[0.5, 0.4896373056994819, 0.5]","[0.6709844559585493, 0.6735751295336787, 0.6632124352331606]",3,"[3, 64, 20, 91, 198, 144]"
passive_ordered,38,478,2183,21.89647274393037,0.5034542314335061,0.6692573402417962,"[0.5, 0.5025906735751295, 0.5077720207253886]","[0.6735751295336787, 0.6658031088082902, 0.6683937823834197]",3,"[109, 10, 101, 187, 75, 27]"
passive_ordered,39,484,2183,22.17132386623912,0.5,0.6692573402417962,"[0.5025906735751295, 0.5025906735751295, 0.4948186528497409]","[0.6658031088082902, 0.6735751295336787, 0.6683937823834197]",3,"[45, 14, 32, 89, 60, 2]"
passive_ordered,40,490,2183,22.44617498854787,0.5086355785837652,0.6778929188255614,"[0.5051813471502591, 0.5129533678756477, 0.5077720207253886]","[0.6735751295336787, 0.6813471502590673, 0.6787564766839378]",3,"[5, 99, 9, 247, 108, 191]"
passive_ordered,41,496,2183,22.72102611085662,0.5077720207253886,0.6761658031088084,"[0.5077720207253886, 0.5, 0.5155440414507773]","[0.6709844559585493, 0.6813471502590673, 0.6761658031088082]",3,"[226, 211, 249, 107, 88, 2]"
passive_ordered,42,502,2183,22.99587723316537,0.5224525043177892,0.6848013816925734,"[0.5233160621761658, 0.5181347150259067, 0.5259067357512953]","[0.6865284974093264, 0.6917098445595855, 0.6761658031088082]",3,"[246, 204, 171, 5, 207, 131]"
passive_ordered,43,508,2183,23.27072835547412,0.5181347150259067,0.6787564766839379,"[0.5207253886010362, 0.5207253886010362, 0.5129533678756477]","[0.6787564766839378, 0.6813471502590673, 0.6761658031088082]",3,"[34, 20, 240, 66, 46, 206]"
passive_ordered,44,514,2183,23.54557947778287,0.5198618307426598,0.6848013816925734,"[0.5155440414507773, 0.5284974093264249, 0.5155440414507773]","[0.689119170984456, 0.6813471502590673, 0.6839378238341969]",3,"[250, 201, 3, 106, 45, 151]"
passive_ordered,45,520,2183,23.820430600091616,0.5138169257340243,0.687392055267703,"[0.5155440414507773, 0.5077720207253886, 0.5181347150259067]","[0.6839378238341969, 0.6813471502590673, 0.6968911917098446]",3,"[202, 190, 64, 1, 103, 178]"
passive_ordered,46,526,2183,24.095281722400365,0.5207253886010362,0.6917098445595856,"[0.5259067357512953, 0.5259067357512953, 0.5103626943005182]","[0.689119170984456, 0.6917098445595855, 0.694300518134715]",3,"[148, 65, 138, 46, 212, 156]"
passive_ordered,47,532,2183,24.370132844709115,0.5310880829015544,0.6934369602763386,"[0.5259067357512953, 0.5362694300518135, 0.5310880829015544]","[0.689119170984456, 0.6994818652849741, 0.6917098445595855]",3,"[120, 222, 126, 11, 30, 25]"
passive_ordered,48,538,2183,24.644983967017865,0.5198618307426597,0.6830742659758204,"[0.5207253886010362, 0.5207253886010362, 0.5181347150259067]","[0.6787564766839378, 0.6839378238341969, 0.6865284974093264]",3,"[80, 163, 45, 187, 13, 101]"
passive_ordered,49,544,2183,24.919835089326615,0.5241796200345423,0.6830742659758204,"[0.533678756476684, 0.5233160621761658, 0.5155440414507773]","[0.6787564766839378, 0.6865284974093264, 0.6839378238341969]",3,"[80, 70, 35, 86, 115, 187]"
passive_ordered,50,550,2183,25.194686211635364,0.5215889464594128,0.6865284974093265,"[0.5233160621761658, 0.5259067357512953, 0.5155440414507773]","[0.6839378238341969, 0.6865284974093264, 0.689119170984456]",3,"[3, 20, 47, 212, 127, 3]"
passive_ordered,51,556,2183,25.469537333944114,0.5189982728842834,0.6882556131260795,"[0.5103626943005182, 0.5233160621761658, 0.5233160621761658]","[0.6994818652849741, 0.6787564766839378, 0.6865284974093264]",3,"[141, 205, 249, 202, 212, 235]"
passive_ordered,52,562,2183,25.744388456252864,0.5310880829015544,0.6899827288428325,"[0.5362694300518135, 0.533678756476684, 0.5233160621761658]","[0.6917098445595855, 0.6865284974093264, 0.6917098445595855]",3,"[28, 18, 198, 244, 192, 135]"
passive_ordered,53,568,2183,26.019239578561614,0.5146804835924007,0.6943005181347152,"[0.5155440414507773, 0.5155440414507773, 0.5129533678756477]","[0.7020725388601037, 0.689119170984456, 0.6917098445595855]",3,"[209, 82, 25, 5, 54, 211]"
passive_ordered,54,574,2183,26.294090700870363,0.5164075993091538,0.6917098445595856,"[0.5103626943005182, 0.5207253886010362, 0.5181347150259067]","[0.6917098445595855, 0.694300518134715, 0.689119170984456]",3,"[103, 205, 58, 132, 201, 3]"
passive_ordered,55,580,2183,26.568941823179113,0.5129533678756477,0.687392055267703,"[0.5155440414507773, 0.5181347150259067, 0.5051813471502591]","[0.6917098445595855, 0.6865284974093264, 0.6839378238341969]",3,"[108, 193, 103, 202, 211, 201]"
passive_ordered,56,586,2183,26.84379294548786,0.5172711571675302,0.6899827288428325,"[0.5103626943005182, 0.5259067357512953, 0.5155440414507773]","[0.689119170984456, 0.6839378238341969, 0.6968911917098446]",3,"[9, 5, 5, 2, 226, 88]"
passive_ordered,57,592,2183,27.11864406779661,0.5120898100172712,0.6822107081174439,"[0.5129533678756477, 0.5103626943005182, 0.5129533678756477]","[0.6917098445595855, 0.6813471502590673, 0.6735751295336787]",3,"[249, 4, 124, 124, 88, 3]"
passive_ordered,58,598,2183,27.39349519010536,0.5181347150259068,0.687392055267703,"[0.5207253886010362, 0.5129533678756477, 0.5207253886010362]","[0.6917098445595855, 0.689119170984456, 0.6813471502590673]",3,"[150, 2, 45, 5, 187, 205]"
passive_ordered,59,604,2183,27.66834631241411,0.5129533678756477,0.6882556131260795,"[0.5233160621761658, 0.5077720207253886, 0.5077720207253886]","[0.6865284974093264, 0.6839378238341969, 0.694300518134715]",3,"[151, 76, 159, 117, 108, 132]"
passive_ordered,60,610,2183,27.943197434722858,0.4991364421416235,0.6796200345423143,"[0.5051813471502591, 0.4948186528497409, 0.49740932642487046]","[0.6813471502590673, 0.6761658031088082, 0.6813471502590673]",3,"[153, 101, 249, 13, 249, 66]"
passive_ordered,61,616,2183,28.218048557031608,0.5267702936096718,0.6986183074265977,"[0.5310880829015544, 0.5284974093264249, 0.5207253886010362]","[0.6968911917098446, 0.7072538860103627, 0.6917098445595855]",3,"[46, 36, 76, 104, 205, 231]"
passive_ordered,62,622,2183,28.492899679340358,0.5276338514680484,0.7037996545768567,"[0.5362694300518135, 0.5155440414507773, 0.5310880829015544]","[0.7046632124352331, 0.7020725388601037, 0.7046632124352331]",3,"[248, 3, 44, 173, 124, 153]"
passive_ordered,63,628,2183,28.767750801649107,0.533678756476684,0.7081174438687392,"[0.538860103626943, 0.538860103626943, 0.5233160621761658]","[0.7020725388601037, 0.7124352331606217, 0.7098445595854922]",3,"[154, 88, 38, 217, 44, 51]"
passive_ordered,64,634,2183,29.042601923957857,0.5431778929188256,0.7158894645941278,"[0.5518134715025906, 0.5362694300518135, 0.5414507772020726]","[0.7176165803108808, 0.7072538860103627, 0.7227979274611399]",3,"[49, 231, 249, 154, 120, 114]"
passive_ordered,65,640,2183,29.317453046266607,0.5362694300518135,0.7081174438687392,"[0.538860103626943, 0.533678756476684, 0.5362694300518135]","[0.7072538860103627, 0.7046632124352331, 0.7124352331606217]",3,"[45, 118, 240, 125, 103, 114]"
passive_ordered,66,646,2183,29.592304168575357,0.5431778929188256,0.7167530224525044,"[0.5440414507772021, 0.5440414507772021, 0.5414507772020726]","[0.7176165803108808, 0.7150259067357513, 0.7176165803108808]",3,"[42, 243, 233, 249, 21, 249]"
passive_ordered,67,652,2183,29.867155290884103,0.5431778929188256,0.7107081174438687,"[0.5466321243523317, 0.5440414507772021, 0.538860103626943]","[0.7072538860103627, 0.7098445595854922, 0.7150259067357513]",3,"[57, 36, 133, 204, 26, 146]"
passive_ordered,68,658,2183,30.142006413192853,0.5569948186528497,0.7115716753022453,"[0.5518134715025906, 0.5518134715025906, 0.5673575129533679]","[0.7098445595854922, 0.7202072538860104, 0.7046632124352331]",3,"[9, 243, 205, 39, 93, 5]"
passive_ordered,69,664,2183,30.416857535501602,0.5526770293609672,0.7202072538860104,"[0.5621761658031088, 0.5440414507772021, 0.5518134715025906]","[0.7305699481865285, 0.7176165803108808, 0.7124352331606217]",3,"[176, 233, 65, 248, 38, 3]"
passive_ordered,70,670,2183,30.691708657810352,0.5561312607944733,0.726252158894646,"[0.572538860103627, 0.5544041450777202, 0.5414507772020726]","[0.727979274611399, 0.7253886010362695, 0.7253886010362695]",3,"[211, 204, 25, 103, 38, 66]"
passive_ordered,71,676,2183,30.966559780119102,0.5587219343696027,0.724525043177893,"[0.5647668393782384, 0.5518134715025906, 0.5595854922279793]","[0.7202072538860104, 0.7227979274611399, 0.7305699481865285]",3,"[39, 246, 240, 249, 222, 6]"
passive_ordered,72,682,2183,31.24141090242785,0.5664939550949913,0.724525043177893,"[0.582901554404145, 0.5595854922279793, 0.5569948186528497]","[0.7202072538860104, 0.7253886010362695, 0.727979274611399]",3,"[236, 3, 114, 65, 2, 113]"
passive_ordered,73,688,2183,31.5162620247366,0.5682210708117444,0.733160621761658,"[0.5699481865284974, 0.5699481865284974, 0.5647668393782384]","[0.7357512953367875, 0.7357512953367875, 0.727979274611399]",3,"[160, 204, 64, 176, 118, 222]"
passive_ordered,74,694,2183,31.79111314704535,0.5690846286701209,0.733160621761658,"[0.5803108808290155, 0.5544041450777202, 0.572538860103627]","[0.7357512953367875, 0.7357512953367875, 0.727979274611399]",3,"[77, 5, 194, 117, 187, 6]"
passive_ordered,75,700,2183,32.0659642693541,0.5829015544041452,0.7417962003454232,"[0.5958549222797928, 0.5777202072538861, 0.5751295336787565]","[0.7357512953367875, 0.7512953367875648, 0.7383419689119171]",3,"[187, 212, 231, 231, 240, 3]"
passive_ordered,76,706,2183,32.34081539166285,0.5889464594127807,0.7435233160621761,"[0.5984455958549223, 0.5777202072538861, 0.5906735751295337]","[0.7435233160621761, 0.7487046632124352, 0.7383419689119171]",3,"[94, 20, 178, 5, 170, 167]"
passive_ordered,77,712,2183,32.6156665139716,0.5820379965457686,0.7383419689119171,"[0.5880829015544041, 0.5751295336787565, 0.582901554404145]","[0.7305699481865285, 0.7435233160621761, 0.7409326424870466]",3,"[61, 146, 176, 233, 205, 212]"
passive_ordered,78,718,2183,32.89051763628035,0.5863557858376511,0.7426597582037996,"[0.5958549222797928, 0.5751295336787565, 0.5880829015544041]","[0.7331606217616581, 0.7487046632124352, 0.7461139896373057]",3,"[187, 109, 3, 231, 212, 3]"
passive_ordered,79,724,2183,33.165368758589096,0.5898100172711572,0.7452504317789291,"[0.5880829015544041, 0.5854922279792746, 0.5958549222797928]","[0.7435233160621761, 0.7487046632124352, 0.7435233160621761]",3,"[160, 75, 103, 109, 212, 17]"
passive_ordered,80,730,2183,33.44021988089785,0.5889464594127807,0.7417962003454232,"[0.5932642487046632, 0.5932642487046632, 0.5803108808290155]","[0.7409326424870466, 0.7487046632124352, 0.7357512953367875]",3,"[103, 219, 109, 61, 248, 204]"
passive_ordered,81,736,2183,33.715071003206596,0.5967184801381693,0.7435233160621761,"[0.6088082901554405, 0.5984455958549223, 0.582901554404145]","[0.7357512953367875, 0.7409326424870466, 0.7538860103626943]",3,"[130, 61, 45, 3, 213, 36]"
passive_ordered,82,742,2183,33.98992212551535,0.5975820379965459,0.7495682210708118,"[0.6062176165803109, 0.5932642487046632, 0.5932642487046632]","[0.7512953367875648, 0.7461139896373057, 0.7512953367875648]",3,"[160, 213, 154, 3, 251, 177]"
passive_ordered,83,748,2183,34.264773247824095,0.5984455958549223,0.7478411053540587,"[0.6062176165803109, 0.5880829015544041, 0.6010362694300518]","[0.7512953367875648, 0.7435233160621761, 0.7487046632124352]",3,"[231, 248, 176, 3, 207, 1]"
passive_ordered,84,754,2183,34.53962437013284,0.6053540587219345,0.7616580310880829,"[0.6088082901554405, 0.6036269430051814, 0.6036269430051814]","[0.7538860103626943, 0.7642487046632125, 0.7668393782383419]",3,"[231, 103, 3, 7, 204, 88]"
passive_ordered,85,760,2183,34.814475492441595,0.6018998272884284,0.7556131260794473,"[0.6010362694300518, 0.6088082901554405, 0.5958549222797928]","[0.7538860103626943, 0.7564766839378239, 0.7564766839378239]",3,"[82, 249, 246, 246, 249, 158]"
passive_ordered,86,766,2183,35.08932661475034,0.6053540587219343,0.7633851468048359,"[0.5984455958549223, 0.6113989637305699, 0.6062176165803109]","[0.772020725388601, 0.7564766839378239, 0.7616580310880829]",3,"[125, 124, 154, 90, 236, 225]"
passive_ordered,87,772,2183,35.364177737059094,0.5958549222797928,0.7573402417962004,"[0.6010362694300518, 0.5932642487046632, 0.5932642487046632]","[0.7564766839378239, 0.7590673575129534, 0.7564766839378239]",3,"[124, 61, 171, 204, 9, 222]"
passive_ordered,88,778,2183,35.63902885936784,0.6027633851468049,0.7573402417962004,"[0.5984455958549223, 0.6088082901554405, 0.6010362694300518]","[0.7590673575129534, 0.7512953367875648, 0.7616580310880829]",3,"[222, 152, 51, 231, 249, 252]"
passive_ordered,89,784,2183,35.913879981676594,0.6027633851468049,0.75993091537133,"[0.5984455958549223, 0.6010362694300518, 0.6088082901554405]","[0.7616580310880829, 0.7590673575129534, 0.7590673575129534]",3,"[246, 231, 103, 232, 101, 249]"
passive_ordered,90,790,2183,36.18873110398534,0.6088082901554404,0.766839378238342,"[0.6217616580310881, 0.5958549222797928, 0.6088082901554405]","[0.7642487046632125, 0.7668393782383419, 0.7694300518134715]",3,"[249, 124, 5, 61, 249, 39]"
passive_ordered,91,796,2183,36.46358222629409,0.6062176165803109,0.7590673575129534,"[0.6062176165803109, 0.6088082901554405, 0.6036269430051814]","[0.7616580310880829, 0.7538860103626943, 0.7616580310880829]",3,"[249, 249, 51, 251, 208, 77]"
passive_ordered,92,802,2183,36.73843334860284,0.614853195164076,0.7677029360967186,"[0.6191709844559585, 0.6139896373056994, 0.6113989637305699]","[0.772020725388601, 0.7668393782383419, 0.7642487046632125]",3,"[90, 248, 40, 182, 204, 61]"
passive_ordered,93,808,2183,37.01328447091159,0.618307426597582,0.7702936096718479,"[0.6139896373056994, 0.6243523316062176, 0.616580310880829]","[0.7772020725388601, 0.7668393782383419, 0.7668393782383419]",3,"[88, 178, 4, 182, 72, 181]"
passive_ordered,94,814,2183,37.28813559322034,0.6208981001727115,0.7746113989637305,"[0.6217616580310881, 0.6217616580310881, 0.6191709844559585]","[0.7694300518134715, 0.7797927461139896, 0.7746113989637305]",3,"[61, 158, 231, 36, 160, 245]"
passive_ordered,95,820,2183,37.562986715529085,0.6200345423143351,0.7823834196891192,"[0.6269430051813472, 0.616580310880829, 0.616580310880829]","[0.7849740932642487, 0.7849740932642487, 0.7772020725388601]",3,"[51, 102, 20, 16, 247, 240]"
passive_ordered,96,826,2183,37.83783783783784,0.6243523316062176,0.7763385146804835,"[0.6295336787564767, 0.6295336787564767, 0.6139896373056994]","[0.7668393782383419, 0.7797927461139896, 0.7823834196891192]",3,"[20, 11, 51, 77, 77, 66]"
passive_ordered,97,832,2183,38.112688960146585,0.6260794473229706,0.7867012089810017,"[0.6191709844559585, 0.6217616580310881, 0.6373056994818653]","[0.7875647668393783, 0.7875647668393783, 0.7849740932642487]",3,"[248, 65, 226, 101, 101, 130]"
passive_ordered,98,838,2183,38.38754008245534,0.6312607944732297,0.7858376511226252,"[0.6321243523316062, 0.6295336787564767, 0.6321243523316062]","[0.7823834196891192, 0.7849740932642487, 0.7901554404145078]",3,"[44, 245, 5, 87, 112, 191]"
passive_ordered,99,844,2183,38.662391204764084,0.6200345423143351,0.7867012089810017,"[0.6191709844559585, 0.6191709844559585, 0.6217616580310881]","[0.7849740932642487, 0.7875647668393783, 0.7875647668393783]",3,"[105, 234, 5, 120, 212, 120]"
passive_ordered,100,850,2183,38.93724232707284,0.6278065630397237,0.7910189982728842,"[0.6321243523316062, 0.6217616580310881, 0.6295336787564767]","[0.7979274611398963, 0.7901554404145078, 0.7849740932642487]",3,"[247, 227, 5, 204, 249, 160]"
passive_ordered,101,856,2183,39.212093449381584,0.6278065630397237,0.7892918825561313,"[0.6373056994818653, 0.6243523316062176, 0.6217616580310881]","[0.7823834196891192, 0.7901554404145078, 0.7953367875647669]",3,"[246, 182, 90, 64, 179, 233]"
passive_ordered,102,862,2183,39.48694457169034,0.6329879101899828,0.7892918825561313,"[0.6347150259067358, 0.6373056994818653, 0.6269430051813472]","[0.7849740932642487, 0.7901554404145078, 0.7927461139896373]",3,"[213, 207, 212, 111, 186, 178]"
passive_ordered,103,868,2183,39.76179569399908,0.6364421416234888,0.7867012089810017,"[0.6347150259067358, 0.6398963730569949, 0.6347150259067358]","[0.7823834196891192, 0.7875647668393783, 0.7901554404145078]",3,"[249, 101, 212, 3, 11, 5]"
passive_ordered,104,874,2183,40.03664681630784,0.6338514680483592,0.7918825561312608,"[0.6347150259067358, 0.6347150259067358, 0.6321243523316062]","[0.7875647668393783, 0.7953367875647669, 0.7927461139896373]",3,"[17, 154, 3, 154, 103, 88]"
passive_ordered,105,880,2183,40.31149793861658,0.6347150259067358,0.7841105354058722,"[0.6398963730569949, 0.6347150259067358, 0.6295336787564767]","[0.7797927461139896, 0.7849740932642487, 0.7875647668393783]",3,"[61, 3, 249, 247, 247, 114]"
passive_ordered,106,886,2183,40.58634906092533,0.6338514680483592,0.7858376511226252,"[0.6295336787564767, 0.6347150259067358, 0.6373056994818653]","[0.7823834196891192, 0.7927461139896373, 0.7823834196891192]",3,"[102, 212, 88, 249, 246, 246]"
passive_ordered,107,892,2183,40.86120018323408,0.6442141623488774,0.7849740932642487,"[0.6528497409326425, 0.6373056994818653, 0.6424870466321243]","[0.7823834196891192, 0.7875647668393783, 0.7849740932642487]",3,"[249, 154, 3, 90, 158, 239]"
passive_ordered,108,898,2183,41.13605130554283,0.6381692573402419,0.7884283246977547,"[0.6476683937823834, 0.6243523316062176, 0.6424870466321243]","[0.7849740932642487, 0.7927461139896373, 0.7875647668393783]",3,"[231, 154, 77, 77, 154, 120]"
passive_ordered,109,904,2183,41.41090242785158,0.6424870466321244,0.7884283246977547,"[0.6476683937823834, 0.6347150259067358, 0.6450777202072538]","[0.7901554404145078, 0.7875647668393783, 0.7875647668393783]",3,"[101, 11, 231, 3, 222, 20]"
passive_ordered,110,910,2183,41.68575355016033,0.6493955094991364,0.7892918825561313,"[0.6580310880829016, 0.6476683937823834, 0.6424870466321243]","[0.7927461139896373, 0.7849740932642487, 0.7901554404145078]",3,"[88, 5, 3, 222, 64, 217]"
passive_ordered,111,916,2183,41.96060467246908,0.6424870466321244,0.7867012089810017,"[0.6502590673575129, 0.6347150259067358, 0.6424870466321243]","[0.7849740932642487, 0.7901554404145078, 0.7849740932642487]",3,"[231, 90, 160, 216, 179, 112]"
passive_ordered,112,922,2183,42.23545579477783,0.6511226252158894,0.8013816925734023,"[0.6528497409326425, 0.655440414507772, 0.6450777202072538]","[0.8031088082901554, 0.8005181347150259, 0.8005181347150259]",3,"[93, 234, 179, 40, 248, 184]"
passive_ordered,113,928,2183,42.51030691708658,0.6476683937823834,0.8005181347150258,"[0.6528497409326425, 0.6502590673575129, 0.6398963730569949]","[0.8031088082901554, 0.8005181347150259, 0.7979274611398963]",3,"[234, 157, 124, 88, 102, 3]"
passive_ordered,114,934,2183,42.78515803939533,0.6519861830742659,0.8031088082901553,"[0.6580310880829016, 0.6502590673575129, 0.6476683937823834]","[0.8005181347150259, 0.805699481865285, 0.8031088082901554]",3,"[3, 154, 158, 77, 5, 29]"
passive_ordered,115,940,2183,43.06000916170408,0.6537132987910189,0.8031088082901553,"[0.6528497409326425, 0.6528497409326425, 0.655440414507772]","[0.7979274611398963, 0.8031088082901554, 0.8082901554404145]",3,"[65, 3, 20, 213, 3, 229]"
passive_ordered,116,946,2183,43.33486028401283,0.6692573402417962,0.8151986183074266,"[0.6709844559585493, 0.6683937823834197, 0.6683937823834197]","[0.810880829015544, 0.8134715025906736, 0.8212435233160622]",3,"[245, 245, 88, 5, 154, 226]"
passive_ordered,117,952,2183,43.60971140632157,0.6683937823834197,0.816062176165803,"[0.6787564766839378, 0.6580310880829016, 0.6683937823834197]","[0.8134715025906736, 0.8134715025906736, 0.8212435233160622]",3,"[233, 234, 2, 237, 186, 20]"
passive_ordered,118,958,2183,43.884562528630326,0.6718480138169257,0.816062176165803,"[0.6709844559585493, 0.6683937823834197, 0.6761658031088082]","[0.8134715025906736, 0.8238341968911918, 0.810880829015544]",3,"[103, 222, 222, 3, 5, 88]"
passive_ordered,119,964,2183,44.15941365093907,0.6666666666666666,0.8169257340241796,"[0.6632124352331606, 0.6761658031088082, 0.6606217616580311]","[0.8212435233160622, 0.8186528497409327, 0.810880829015544]",3,"[245, 222, 3, 101, 103, 3]"
passive_ordered,120,970,2183,44.434264773247826,0.6658031088082902,0.8151986183074266,"[0.6683937823834197, 0.6606217616580311, 0.6683937823834197]","[0.810880829015544, 0.8212435233160622, 0.8134715025906736]",3,"[102, 245, 5, 77, 226, 61]"
passive_ordered,121,976,2183,44.70911589555657,0.6735751295336788,0.8177892918825561,"[0.6917098445595855, 0.6580310880829016, 0.6709844559585493]","[0.8186528497409327, 0.8186528497409327, 0.8160621761658031]",3,"[234, 154, 154, 3, 249, 96]"
passive_ordered,122,982,2183,44.983967017865325,0.6727115716753023,0.816062176165803,"[0.6787564766839378, 0.6683937823834197, 0.6709844559585493]","[0.8160621761658031, 0.810880829015544, 0.8212435233160622]",3,"[38, 40, 181, 124, 249, 178]"
passive_ordered,123,988,2183,45.25881814017407,0.6658031088082902,0.812607944732297,"[0.6606217616580311, 0.6683937823834197, 0.6683937823834197]","[0.810880829015544, 0.8212435233160622, 0.805699481865285]",3,"[130, 51, 17, 146, 205, 5]"
passive_ordered,124,994,2183,45.533669262482825,0.6796200345423143,0.8186528497409326,"[0.6839378238341969, 0.6839378238341969, 0.6709844559585493]","[0.8186528497409327, 0.8212435233160622, 0.8160621761658031]",3,"[61, 32, 233, 240, 5, 20]"
passive_ordered,125,1000,2183,45.80852038479157,0.6778929188255614,0.8082901554404144,"[0.6865284974093264, 0.6787564766839378, 0.6683937823834197]","[0.805699481865285, 0.8082901554404145, 0.810880829015544]",3,"[3, 3, 20, 3, 104, 102]"
passive_ordered,126,1006,2183,46.083371507100324,0.6753022452504318,0.816062176165803,"[0.6735751295336787, 0.6813471502590673, 0.6709844559585493]","[0.810880829015544, 0.8160621761658031, 0.8212435233160622]",3,"[61, 45, 247, 86, 64, 211]"
passive_ordered,127,1012,2183,46.35822262940907,0.683937823834197,0.8169257340241796,"[0.694300518134715, 0.6735751295336787, 0.6839378238341969]","[0.8160621761658031, 0.8186528497409327, 0.8160621761658031]",3,"[5, 102, 102, 102, 245, 245]"
passive_ordered,128,1018,2183,46.633073751717816,0.6735751295336788,0.8134715025906735,"[0.6761658031088082, 0.6787564766839378, 0.6658031088082902]","[0.8134715025906736, 0.810880829015544, 0.8160621761658031]",3,"[101, 204, 211, 211, 208, 247]"
passive_ordered,129,1024,2183,46.90792487402657,0.6865284974093265,0.8177892918825561,"[0.7072538860103627, 0.6761658031088082, 0.6761658031088082]","[0.810880829015544, 0.8212435233160622, 0.8212435233160622]",3,"[88, 88, 88, 231, 61, 77]"
passive_ordered,130,1030,2183,47.182775996335316,0.6753022452504318,0.8151986183074266,"[0.655440414507772, 0.6839378238341969, 0.6865284974093264]","[0.805699481865285, 0.8160621761658031, 0.8238341968911918]",3,"[20, 77, 226, 61, 90, 191]"
passive_ordered,131,1036,2183,47.45762711864407,0.6787564766839379,0.8169257340241796,"[0.6787564766839378, 0.6865284974093264, 0.6709844559585493]","[0.8082901554404145, 0.8212435233160622, 0.8212435233160622]",3,"[3, 154, 208, 154, 154, 5]"
passive_ordered,132,1042,2183,47.732478240952815,0.6848013816925734,0.81433506044905,"[0.6813471502590673, 0.6917098445595855, 0.6813471502590673]","[0.8031088082901554, 0.8160621761658031, 0.8238341968911918]",3,"[63, 7, 203, 11, 20, 186]"
passive_ordered,133,1048,2183,48.00732936326157,0.6778929188255614,0.8074265975820379,"[0.6917098445595855, 0.6606217616580311, 0.6813471502590673]","[0.8082901554404145, 0.8082901554404145, 0.805699481865285]",3,"[245, 61, 187, 3, 3, 3]"
passive_ordered,134,1054,2183,48.282180485570315,0.6683937823834197,0.8169257340241796,"[0.6606217616580311, 0.6683937823834197, 0.6761658031088082]","[0.8082901554404145, 0.8238341968911918, 0.8186528497409327]",3,"[212, 61, 36, 3, 38, 215]"
passive_ordered,135,1060,2183,48.55703160787907,0.683937823834197,0.8074265975820379,"[0.6865284974093264, 0.6813471502590673, 0.6839378238341969]","[0.8031088082901554, 0.8082901554404145, 0.810880829015544]",3,"[40, 230, 5, 5, 5, 5]"
passive_ordered,136,1066,2183,48.831882730187814,0.6813471502590674,0.8082901554404144,"[0.6839378238341969, 0.6839378238341969, 0.6761658031088082]","[0.8031088082901554, 0.8134715025906736, 0.8082901554404145]",3,"[246, 249, 226, 11, 101, 101]"
passive_ordered,137,1072,2183,49.10673385249657,0.6882556131260795,0.81433506044905,"[0.6865284974093264, 0.689119170984456, 0.689119170984456]","[0.8031088082901554, 0.8212435233160622, 0.8186528497409327]",3,"[88, 88, 88, 88, 103, 246]"
passive_ordered,138,1078,2183,49.381584974805314,0.6830742659758204,0.8117443868739205,"[0.6839378238341969, 0.689119170984456, 0.6761658031088082]","[0.8082901554404145, 0.8134715025906736, 0.8134715025906736]",3,"[231, 104, 251, 97, 77, 125]"
passive_ordered,139,1084,2183,49.65643609711406,0.6865284974093265,0.812607944732297,"[0.6917098445595855, 0.6839378238341969, 0.6839378238341969]","[0.805699481865285, 0.8134715025906736, 0.8186528497409327]",3,"[213, 146, 93, 77, 222, 154]"
passive_ordered,140,1090,2183,49.93128721942281,0.6787564766839379,0.8091537132987909,"[0.6761658031088082, 0.6813471502590673, 0.6787564766839378]","[0.8082901554404145, 0.805699481865285, 0.8134715025906736]",3,"[90, 124, 90, 216, 187, 247]"
passive_ordered,141,1096,2183,50.20613834173156,0.6830742659758204,0.8117443868739205,"[0.6813471502590673, 0.689119170984456, 0.6787564766839378]","[0.8082901554404145, 0.8160621761658031, 0.810880829015544]",3,"[88, 64, 138, 3, 158, 249]"
passive_ordered,142,1102,2183,50.48098946404031,0.6830742659758204,0.8151986183074266,"[0.6735751295336787, 0.689119170984456, 0.6865284974093264]","[0.8082901554404145, 0.8238341968911918, 0.8134715025906736]",3,"[249, 231, 20, 3, 249, 242]"
passive_ordered,143,1108,2183,50.75584058634906,0.6761658031088084,0.8108808290155439,"[0.6787564766839378, 0.6813471502590673, 0.6683937823834197]","[0.8082901554404145, 0.8160621761658031, 0.8082901554404145]",3,"[102, 236, 238, 240, 61, 203]"
passive_ordered,144,1114,2183,51.03069170865781,0.6830742659758204,0.8134715025906735,"[0.6994818652849741, 0.6761658031088082, 0.6735751295336787]","[0.8082901554404145, 0.810880829015544, 0.8212435233160622]",3,"[245, 245, 245, 223, 231, 222]"
passive_ordered,145,1120,2183,51.30554283096656,0.6804835924006909,0.8229706390328152,"[0.6761658031088082, 0.6839378238341969, 0.6813471502590673]","[0.8186528497409327, 0.8238341968911918, 0.8264248704663213]",3,"[187, 71, 80, 61, 231, 172]"
passive_ordered,146,1126,2183,51.58039395327531,0.6891191709844561,0.8212435233160621,"[0.6865284974093264, 0.6865284974093264, 0.694300518134715]","[0.8238341968911918, 0.8186528497409327, 0.8212435233160622]",3,"[172, 179, 214, 3, 203, 11]"
passive_ordered,147,1132,2183,51.85524507558406,0.6968911917098447,0.8221070811744386,"[0.7020725388601037, 0.694300518134715, 0.694300518134715]","[0.8290155440414507, 0.8212435233160622, 0.8160621761658031]",3,"[5, 20, 61, 51, 231, 35]"
passive_ordered,148,1138,2183,52.13009619789281,0.6943005181347152,0.8229706390328152,"[0.6968911917098446, 0.689119170984456, 0.6968911917098446]","[0.8186528497409327, 0.8212435233160622, 0.8290155440414507]",3,"[125, 61, 3, 89, 231, 251]"
passive_ordered,149,1144,2183,52.40494732020156,0.6891191709844561,0.8255613126079447,"[0.6968911917098446, 0.6865284974093264, 0.6839378238341969]","[0.8186528497409327, 0.8264248704663213, 0.8316062176165803]",3,"[105, 105, 247, 247, 86, 231]"
passive_ordered,150,1150,2183,52.679798442510304,0.6822107081174439,0.8298791018998273,"[0.6813471502590673, 0.6839378238341969, 0.6813471502590673]","[0.8238341968911918, 0.8393782383419689, 0.8264248704663213]",3,"[231, 3, 207, 249, 214, 3]"
