method,round,labels,pool_size,pct,avg_acc_top1,avg_acc_topk,acc_tuple_top1,acc_tuple_topk,top_k
passive_random,1,129,2055,6.2773722627737225,0.4383916990920882,0.5181582360570687,"[0.4494163424124514, 0.44163424124513617, 0.42412451361867703]","[0.5155642023346303, 0.5214007782101168, 0.5175097276264592]",3
passive_random,2,134,2055,6.520681265206813,0.44617380025940334,0.5239948119325551,"[0.44357976653696496, 0.4474708171206226, 0.4474708171206226]","[0.519455252918288, 0.5311284046692607, 0.5214007782101168]",3
passive_random,3,139,2055,6.763990267639903,0.4390402075226978,0.5181582360570688,"[0.4396887159533074, 0.44357976653696496, 0.433852140077821]","[0.5175097276264592, 0.519455252918288, 0.5175097276264592]",3
passive_random,4,144,2055,7.007299270072993,0.4481193255512322,0.5272373540856031,"[0.45330739299610895, 0.4494163424124514, 0.44163424124513617]","[0.5272373540856031, 0.5311284046692607, 0.5233463035019456]",3
passive_random,5,149,2055,7.250608272506082,0.44682230869001294,0.5350194552529183,"[0.4377431906614786, 0.45330739299610895, 0.4494163424124514]","[0.5350194552529183, 0.5408560311284046, 0.5291828793774319]",3
passive_random,6,154,2055,7.4939172749391725,0.4481193255512322,0.5337224383916991,"[0.4455252918287938, 0.4571984435797665, 0.44163424124513617]","[0.5389105058365758, 0.5311284046692607, 0.5311284046692607]",3
passive_random,7,159,2055,7.737226277372263,0.44163424124513617,0.5369649805447471,"[0.44357976653696496, 0.44357976653696496, 0.4377431906614786]","[0.5369649805447471, 0.5369649805447471, 0.5369649805447471]",3
passive_random,8,164,2055,7.980535279805353,0.45071335927367057,0.5440985732814526,"[0.4474708171206226, 0.46108949416342415, 0.44357976653696496]","[0.5447470817120622, 0.5408560311284046, 0.546692607003891]",3
passive_random,9,169,2055,8.223844282238442,0.46887159533073924,0.5616083009079118,"[0.4727626459143969, 0.4766536964980545, 0.4571984435797665]","[0.5622568093385214, 0.5583657587548638, 0.5642023346303502]",3
passive_random,10,174,2055,8.467153284671532,0.47081712062256803,0.569390402075227,"[0.4708171206225681, 0.4727626459143969, 0.4688715953307393]","[0.5680933852140078, 0.5680933852140078, 0.5719844357976653]",3
passive_random,11,179,2055,8.710462287104622,0.46692607003891046,0.569390402075227,"[0.4649805447470817, 0.4669260700389105, 0.4688715953307393]","[0.566147859922179, 0.5680933852140078, 0.5739299610894941]",3
passive_random,12,184,2055,8.953771289537713,0.48119325551232167,0.5752269779507133,"[0.48249027237354086, 0.48443579766536965, 0.4766536964980545]","[0.5778210116731517, 0.5719844357976653, 0.5758754863813229]",3
passive_random,13,189,2055,9.197080291970803,0.49156939040207526,0.5985732814526589,"[0.4980544747081712, 0.49416342412451364, 0.48249027237354086]","[0.6011673151750972, 0.5992217898832685, 0.5953307392996109]",3
passive_random,14,194,2055,9.440389294403893,0.506485084306096,0.6050583657587548,"[0.5038910505836576, 0.5116731517509727, 0.5038910505836576]","[0.603112840466926, 0.6050583657587548, 0.6070038910505836]",3
passive_random,15,199,2055,9.683698296836983,0.5025940337224384,0.6083009079118029,"[0.5077821011673151, 0.4980544747081712, 0.5019455252918288]","[0.6089494163424124, 0.6128404669260701, 0.603112840466926]",3
passive_random,16,204,2055,9.927007299270073,0.5012970168612192,0.6089494163424125,"[0.5019455252918288, 0.4980544747081712, 0.5038910505836576]","[0.6128404669260701, 0.6128404669260701, 0.6011673151750972]",3
passive_random,17,209,2055,10.170316301703163,0.5006485084306096,0.6160830090791181,"[0.4980544747081712, 0.5077821011673151, 0.4961089494163424]","[0.6206225680933852, 0.6147859922178989, 0.6128404669260701]",3
passive_random,18,214,2055,10.413625304136254,0.5077821011673151,0.6076523994811933,"[0.5077821011673151, 0.5097276264591439, 0.5058365758754864]","[0.6147859922178989, 0.5972762645914397, 0.6108949416342413]",3
passive_random,19,219,2055,10.656934306569344,0.5058365758754864,0.6134889753566797,"[0.5038910505836576, 0.5077821011673151, 0.5058365758754864]","[0.6128404669260701, 0.6089494163424124, 0.6186770428015564]",3
passive_random,20,224,2055,10.900243309002432,0.5103761348897535,0.6206225680933852,"[0.5155642023346303, 0.5116731517509727, 0.5038910505836576]","[0.622568093385214, 0.622568093385214, 0.6167315175097277]",3
passive_random,21,229,2055,11.143552311435522,0.5175097276264591,0.6277561608300908,"[0.5155642023346303, 0.5155642023346303, 0.5214007782101168]","[0.632295719844358, 0.632295719844358, 0.6186770428015564]",3
passive_random,22,234,2055,11.386861313868613,0.5317769130998703,0.6368352788586251,"[0.5311284046692607, 0.5369649805447471, 0.5272373540856031]","[0.6342412451361867, 0.6400778210116731, 0.6361867704280155]",3
passive_random,23,239,2055,11.630170316301703,0.5343709468223087,0.6407263294422827,"[0.5408560311284046, 0.5369649805447471, 0.5252918287937743]","[0.6478599221789884, 0.6381322957198443, 0.6361867704280155]",3
passive_random,24,244,2055,11.873479318734793,0.5363164721141375,0.6478599221789884,"[0.5330739299610895, 0.5408560311284046, 0.5350194552529183]","[0.6459143968871596, 0.6498054474708171, 0.6478599221789884]",3
passive_random,25,249,2055,12.116788321167883,0.5363164721141375,0.648508430609598,"[0.5389105058365758, 0.5408560311284046, 0.5291828793774319]","[0.6498054474708171, 0.6517509727626459, 0.6439688715953308]",3
passive_random,26,254,2055,12.360097323600973,0.5453955901426718,0.6601815823605707,"[0.5408560311284046, 0.5408560311284046, 0.5544747081712063]","[0.6575875486381323, 0.6673151750972762, 0.6556420233463035]",3
passive_random,27,259,2055,12.603406326034063,0.5447470817120622,0.6575875486381323,"[0.5447470817120622, 0.5486381322957199, 0.5408560311284046]","[0.6673151750972762, 0.6595330739299611, 0.6459143968871596]",3
passive_random,28,264,2055,12.846715328467154,0.540207522697795,0.6575875486381323,"[0.5330739299610895, 0.546692607003891, 0.5408560311284046]","[0.6614785992217899, 0.6575875486381323, 0.6536964980544747]",3
passive_random,29,269,2055,13.090024330900244,0.5453955901426718,0.6608300907911803,"[0.5428015564202334, 0.5505836575875487, 0.5428015564202334]","[0.6653696498054474, 0.6595330739299611, 0.6575875486381323]",3
passive_random,30,274,2055,13.333333333333334,0.5525291828793775,0.6582360570687419,"[0.556420233463035, 0.5525291828793775, 0.5486381322957199]","[0.6653696498054474, 0.6595330739299611, 0.6498054474708171]",3
passive_random,31,279,2055,13.576642335766424,0.556420233463035,0.6595330739299611,"[0.5544747081712063, 0.5544747081712063, 0.5603112840466926]","[0.6614785992217899, 0.6634241245136187, 0.6536964980544747]",3
passive_random,32,284,2055,13.819951338199514,0.5577172503242542,0.669260700389105,"[0.5583657587548638, 0.5622568093385214, 0.5525291828793775]","[0.6634241245136187, 0.6731517509727627, 0.6712062256809338]",3
passive_random,33,289,2055,14.063260340632603,0.5499351491569391,0.6699092088197146,"[0.5505836575875487, 0.5486381322957199, 0.5505836575875487]","[0.669260700389105, 0.6750972762645915, 0.6653696498054474]",3
passive_random,34,294,2055,14.306569343065693,0.5583657587548638,0.6770428015564202,"[0.5603112840466926, 0.5603112840466926, 0.5544747081712063]","[0.6712062256809338, 0.6848249027237354, 0.6750972762645915]",3
passive_random,35,299,2055,14.549878345498783,0.5512321660181583,0.672503242542153,"[0.5622568093385214, 0.5428015564202334, 0.5486381322957199]","[0.6731517509727627, 0.6673151750972762, 0.6770428015564203]",3
passive_random,36,304,2055,14.793187347931873,0.556420233463035,0.6770428015564202,"[0.5583657587548638, 0.556420233463035, 0.5544747081712063]","[0.6809338521400778, 0.6789883268482491, 0.6712062256809338]",3
passive_random,37,309,2055,15.036496350364963,0.5732814526588845,0.6906614785992217,"[0.5680933852140078, 0.5758754863813229, 0.5758754863813229]","[0.6867704280155642, 0.6945525291828794, 0.6906614785992218]",3
passive_random,38,314,2055,15.279805352798054,0.5778210116731518,0.6945525291828792,"[0.5778210116731517, 0.5758754863813229, 0.5797665369649806]","[0.6964980544747081, 0.6964980544747081, 0.6906614785992218]",3
passive_random,39,319,2055,15.523114355231144,0.5778210116731517,0.6990920881971464,"[0.5739299610894941, 0.585603112840467, 0.5739299610894941]","[0.6964980544747081, 0.7062256809338522, 0.6945525291828794]",3
passive_random,40,324,2055,15.766423357664234,0.5830090791180286,0.6958495460440984,"[0.5797665369649806, 0.5836575875486382, 0.585603112840467]","[0.6984435797665369, 0.6984435797665369, 0.6906614785992218]",3
passive_random,41,329,2055,16.009732360097324,0.5797665369649806,0.7023346303501946,"[0.5797665369649806, 0.5778210116731517, 0.5817120622568094]","[0.7062256809338522, 0.7062256809338522, 0.6945525291828794]",3
passive_random,42,334,2055,16.253041362530414,0.5907911802853437,0.702983138780804,"[0.5894941634241245, 0.585603112840467, 0.5972762645914397]","[0.7023346303501945, 0.7120622568093385, 0.6945525291828794]",3
passive_random,43,339,2055,16.496350364963504,0.5810635538261998,0.7075226977950714,"[0.5875486381322957, 0.5817120622568094, 0.5739299610894941]","[0.6984435797665369, 0.7159533073929961, 0.708171206225681]",3
passive_random,44,344,2055,16.739659367396595,0.5843060959792478,0.7094682230869002,"[0.5875486381322957, 0.5778210116731517, 0.5875486381322957]","[0.7101167315175098, 0.7178988326848249, 0.7003891050583657]",3
passive_random,45,349,2055,16.982968369829685,0.582360570687419,0.7016861219195848,"[0.5875486381322957, 0.5739299610894941, 0.585603112840467]","[0.7023346303501945, 0.7042801556420234, 0.6984435797665369]",3
passive_random,46,354,2055,17.226277372262775,0.5907911802853437,0.7055771725032426,"[0.6011673151750972, 0.5914396887159533, 0.5797665369649806]","[0.7042801556420234, 0.708171206225681, 0.7042801556420234]",3
passive_random,47,359,2055,17.469586374695865,0.5881971465629053,0.7010376134889754,"[0.5894941634241245, 0.5875486381322957, 0.5875486381322957]","[0.7042801556420234, 0.7042801556420234, 0.6945525291828794]",3
passive_random,48,364,2055,17.712895377128955,0.5972762645914397,0.7068741893644618,"[0.5992217898832685, 0.5933852140077821, 0.5992217898832685]","[0.6984435797665369, 0.7140077821011673, 0.708171206225681]",3
passive_random,49,369,2055,17.956204379562045,0.5946822308690013,0.7107652399481194,"[0.6011673151750972, 0.5875486381322957, 0.5953307392996109]","[0.708171206225681, 0.7159533073929961, 0.708171206225681]",3
passive_random,50,374,2055,18.199513381995136,0.5998702983138781,0.711413748378729,"[0.603112840466926, 0.5894941634241245, 0.6070038910505836]","[0.708171206225681, 0.7198443579766537, 0.7062256809338522]",3
passive_random,51,379,2055,18.442822384428222,0.5992217898832685,0.7133592736705577,"[0.6050583657587548, 0.5953307392996109, 0.5972762645914397]","[0.7140077821011673, 0.7159533073929961, 0.7101167315175098]",3
passive_random,52,384,2055,18.686131386861312,0.6011673151750972,0.7153047989623865,"[0.603112840466926, 0.5933852140077821, 0.6070038910505836]","[0.7101167315175098, 0.7237354085603113, 0.7120622568093385]",3
passive_random,53,389,2055,18.929440389294403,0.6024643320363164,0.7172503242542153,"[0.6011673151750972, 0.6050583657587548, 0.6011673151750972]","[0.7062256809338522, 0.72568093385214, 0.7198443579766537]",3
passive_random,54,394,2055,19.172749391727493,0.5979247730220493,0.7159533073929961,"[0.5953307392996109, 0.603112840466926, 0.5953307392996109]","[0.7140077821011673, 0.7237354085603113, 0.7101167315175098]",3
passive_random,55,399,2055,19.416058394160583,0.5966277561608301,0.7198443579766537,"[0.5953307392996109, 0.5972762645914397, 0.5972762645914397]","[0.7159533073929961, 0.7276264591439688, 0.7159533073929961]",3
passive_random,56,404,2055,19.659367396593673,0.6011673151750972,0.7224383916990921,"[0.6089494163424124, 0.6011673151750972, 0.5933852140077821]","[0.7178988326848249, 0.7295719844357976, 0.7198443579766537]",3
passive_random,57,409,2055,19.902676399026763,0.6102464332036317,0.7211413748378729,"[0.6070038910505836, 0.6108949416342413, 0.6128404669260701]","[0.7140077821011673, 0.72568093385214, 0.7237354085603113]",3
passive_random,58,414,2055,20.145985401459853,0.6147859922178989,0.7276264591439688,"[0.6089494163424124, 0.6167315175097277, 0.6186770428015564]","[0.72568093385214, 0.7315175097276264, 0.72568093385214]",3
passive_random,59,419,2055,20.389294403892944,0.6108949416342413,0.728923476005188,"[0.6089494163424124, 0.6167315175097277, 0.6070038910505836]","[0.7276264591439688, 0.7315175097276264, 0.7276264591439688]",3
passive_random,60,424,2055,20.632603406326034,0.6076523994811933,0.7276264591439688,"[0.6128404669260701, 0.6128404669260701, 0.5972762645914397]","[0.72568093385214, 0.7334630350194552, 0.7237354085603113]",3
passive_random,61,429,2055,20.875912408759124,0.6186770428015564,0.7347600518806745,"[0.6186770428015564, 0.6128404669260701, 0.6245136186770428]","[0.7295719844357976, 0.7392996108949417, 0.7354085603112841]",3
passive_random,62,434,2055,21.119221411192214,0.619325551232166,0.7315175097276265,"[0.6128404669260701, 0.6284046692607004, 0.6167315175097277]","[0.7217898832684825, 0.7354085603112841, 0.7373540856031129]",3
passive_random,63,439,2055,21.362530413625304,0.6206225680933852,0.7334630350194553,"[0.6186770428015564, 0.6264591439688716, 0.6167315175097277]","[0.72568093385214, 0.7470817120622568, 0.7276264591439688]",3
passive_random,64,444,2055,21.605839416058394,0.6199740596627756,0.7367055771725033,"[0.6186770428015564, 0.6167315175097277, 0.6245136186770428]","[0.7295719844357976, 0.745136186770428, 0.7354085603112841]",3
passive_random,65,449,2055,21.849148418491485,0.6186770428015564,0.7405966277561609,"[0.6167315175097277, 0.6245136186770428, 0.6147859922178989]","[0.7373540856031129, 0.7470817120622568, 0.7373540856031129]",3
passive_random,66,454,2055,22.092457420924575,0.6186770428015564,0.74189364461738,"[0.6147859922178989, 0.6206225680933852, 0.6206225680933852]","[0.7373540856031129, 0.754863813229572, 0.7334630350194552]",3
passive_random,67,459,2055,22.335766423357665,0.6206225680933852,0.7405966277561609,"[0.6167315175097277, 0.6186770428015564, 0.6264591439688716]","[0.7354085603112841, 0.7470817120622568, 0.7392996108949417]",3
passive_random,68,464,2055,22.579075425790755,0.6206225680933852,0.7477302204928664,"[0.622568093385214, 0.6186770428015564, 0.6206225680933852]","[0.7392996108949417, 0.7529182879377432, 0.7509727626459144]",3
passive_random,69,469,2055,22.822384428223845,0.6232166018158236,0.745136186770428,"[0.6089494163424124, 0.6361867704280155, 0.6245136186770428]","[0.7373540856031129, 0.745136186770428, 0.7529182879377432]",3
passive_random,70,474,2055,23.065693430656935,0.6232166018158236,0.7425421530479897,"[0.6245136186770428, 0.6206225680933852, 0.6245136186770428]","[0.7373540856031129, 0.7490272373540856, 0.7412451361867705]",3
passive_random,71,479,2055,23.309002433090026,0.6219195849546044,0.7470817120622568,"[0.6264591439688716, 0.6245136186770428, 0.6147859922178989]","[0.745136186770428, 0.7529182879377432, 0.7431906614785992]",3
passive_random,72,484,2055,23.552311435523116,0.6264591439688716,0.7425421530479897,"[0.6245136186770428, 0.6264591439688716, 0.6284046692607004]","[0.7373540856031129, 0.754863813229572, 0.7354085603112841]",3
passive_random,73,489,2055,23.795620437956206,0.622568093385214,0.7470817120622568,"[0.632295719844358, 0.622568093385214, 0.6128404669260701]","[0.7470817120622568, 0.7529182879377432, 0.7412451361867705]",3
passive_random,74,494,2055,24.038929440389296,0.6342412451361867,0.7496757457846952,"[0.6264591439688716, 0.6381322957198443, 0.6381322957198443]","[0.7392996108949417, 0.7568093385214008, 0.7529182879377432]",3
passive_random,75,499,2055,24.282238442822383,0.6335927367055771,0.7529182879377432,"[0.6342412451361867, 0.6381322957198443, 0.6284046692607004]","[0.7490272373540856, 0.7587548638132295, 0.7509727626459144]",3
passive_random,76,504,2055,24.525547445255473,0.6374837872892347,0.751621271076524,"[0.6361867704280155, 0.6361867704280155, 0.6400778210116731]","[0.7470817120622568, 0.7587548638132295, 0.7490272373540856]",3
passive_random,77,509,2055,24.768856447688563,0.6374837872892347,0.7529182879377432,"[0.6381322957198443, 0.6361867704280155, 0.6381322957198443]","[0.7509727626459144, 0.754863813229572, 0.7529182879377432]",3
passive_random,78,514,2055,25.012165450121653,0.5843060959792478,0.7295719844357976,"[0.5894941634241245, 0.6050583657587548, 0.5583657587548638]","[0.7276264591439688, 0.7315175097276264, 0.7295719844357976]",3
passive_random,79,519,2055,25.255474452554743,0.5992217898832685,0.7328145265888457,"[0.5894941634241245, 0.6070038910505836, 0.6011673151750972]","[0.7315175097276264, 0.7392996108949417, 0.7276264591439688]",3
passive_random,80,524,2055,25.498783454987834,0.6063553826199741,0.74189364461738,"[0.6147859922178989, 0.6070038910505836, 0.5972762645914397]","[0.7412451361867705, 0.745136186770428, 0.7392996108949417]",3
passive_random,81,529,2055,25.742092457420924,0.6212710765239948,0.745136186770428,"[0.6245136186770428, 0.603112840466926, 0.6361867704280155]","[0.7412451361867705, 0.745136186770428, 0.7490272373540856]",3
passive_random,82,534,2055,25.985401459854014,0.6297016861219196,0.7444876783398184,"[0.6381322957198443, 0.6108949416342413, 0.6400778210116731]","[0.7470817120622568, 0.7470817120622568, 0.7392996108949417]",3
passive_random,83,539,2055,26.228710462287104,0.6297016861219196,0.7542153047989624,"[0.6284046692607004, 0.622568093385214, 0.6381322957198443]","[0.7490272373540856, 0.754863813229572, 0.7587548638132295]",3
passive_random,84,544,2055,26.472019464720194,0.6381322957198443,0.7457846952010376,"[0.6342412451361867, 0.642023346303502, 0.6381322957198443]","[0.745136186770428, 0.7509727626459144, 0.7412451361867705]",3
passive_random,85,549,2055,26.715328467153284,0.6381322957198444,0.7535667963683528,"[0.6478599221789884, 0.6459143968871596, 0.6206225680933852]","[0.7431906614785992, 0.7587548638132295, 0.7587548638132295]",3
passive_random,86,554,2055,26.958637469586375,0.6374837872892347,0.7555123216601816,"[0.622568093385214, 0.6342412451361867, 0.6556420233463035]","[0.7529182879377432, 0.7587548638132295, 0.754863813229572]",3
passive_random,87,559,2055,27.201946472019465,0.6446173800259404,0.75810635538262,"[0.6459143968871596, 0.642023346303502, 0.6459143968871596]","[0.7568093385214008, 0.7665369649805448, 0.7509727626459144]",3
passive_random,88,564,2055,27.445255474452555,0.6459143968871595,0.7555123216601816,"[0.6400778210116731, 0.6478599221789884, 0.6498054474708171]","[0.7529182879377432, 0.7607003891050583, 0.7529182879377432]",3
passive_random,89,569,2055,27.688564476885645,0.6426718547341115,0.7626459143968871,"[0.642023346303502, 0.6342412451361867, 0.6517509727626459]","[0.7665369649805448, 0.7645914396887159, 0.7568093385214008]",3
passive_random,90,574,2055,27.931873479318735,0.6491569390402075,0.767833981841764,"[0.642023346303502, 0.6498054474708171, 0.6556420233463035]","[0.7684824902723736, 0.7684824902723736, 0.7665369649805448]",3
passive_random,91,579,2055,28.175182481751825,0.6536964980544747,0.7710765239948119,"[0.6614785992217899, 0.6595330739299611, 0.6400778210116731]","[0.7645914396887159, 0.7782101167315175, 0.7704280155642024]",3
passive_random,92,584,2055,28.418491484184916,0.6420233463035019,0.7697795071335927,"[0.6439688715953308, 0.6264591439688716, 0.6556420233463035]","[0.7704280155642024, 0.7645914396887159, 0.77431906614786]",3
passive_random,93,589,2055,28.661800486618006,0.6621271076523995,0.7684824902723735,"[0.6614785992217899, 0.6517509727626459, 0.6731517509727627]","[0.7665369649805448, 0.77431906614786, 0.7645914396887159]",3
passive_random,94,594,2055,28.905109489051096,0.6640726329442282,0.7658884565499351,"[0.6595330739299611, 0.6634241245136187, 0.669260700389105]","[0.77431906614786, 0.7626459143968871, 0.7607003891050583]",3
passive_random,95,599,2055,29.148418491484186,0.6582360570687419,0.7710765239948119,"[0.6595330739299611, 0.6478599221789884, 0.6673151750972762]","[0.754863813229572, 0.7782101167315175, 0.7801556420233463]",3
passive_random,96,604,2055,29.391727493917276,0.6601815823605707,0.7795071335927367,"[0.6575875486381323, 0.6634241245136187, 0.6595330739299611]","[0.7782101167315175, 0.7801556420233463, 0.7801556420233463]",3
passive_random,97,609,2055,29.635036496350367,0.6653696498054474,0.7821011673151751,"[0.6634241245136187, 0.6536964980544747, 0.6789883268482491]","[0.77431906614786, 0.7840466926070039, 0.7879377431906615]",3
passive_random,98,614,2055,29.878345498783457,0.6640726329442282,0.7762645914396887,"[0.6673151750972762, 0.6673151750972762, 0.6575875486381323]","[0.7684824902723736, 0.7840466926070039, 0.7762645914396887]",3
passive_random,99,619,2055,30.121654501216543,0.6712062256809338,0.7833981841763943,"[0.6653696498054474, 0.6750972762645915, 0.6731517509727627]","[0.7762645914396887, 0.7898832684824902, 0.7840466926070039]",3
passive_random,100,624,2055,30.364963503649633,0.6666666666666666,0.7814526588845655,"[0.6653696498054474, 0.6712062256809338, 0.6634241245136187]","[0.7782101167315175, 0.7898832684824902, 0.7762645914396887]",3
passive_random,101,629,2055,30.608272506082724,0.6744487678339818,0.7801556420233463,"[0.6712062256809338, 0.6848249027237354, 0.6673151750972762]","[0.77431906614786, 0.7840466926070039, 0.7821011673151751]",3
passive_random,102,634,2055,30.851581508515814,0.675745784695201,0.7782101167315175,"[0.6770428015564203, 0.6750972762645915, 0.6750972762645915]","[0.7723735408560312, 0.7859922178988327, 0.7762645914396887]",3
passive_random,103,639,2055,31.094890510948904,0.675745784695201,0.7808041504539559,"[0.6867704280155642, 0.6750972762645915, 0.6653696498054474]","[0.7782101167315175, 0.7840466926070039, 0.7801556420233463]",3
passive_random,104,644,2055,31.338199513381994,0.6731517509727626,0.7775616083009079,"[0.6770428015564203, 0.6673151750972762, 0.6750972762645915]","[0.7782101167315175, 0.7801556420233463, 0.77431906614786]",3
passive_random,105,649,2055,31.581508515815084,0.6783398184176394,0.7775616083009079,"[0.6770428015564203, 0.6906614785992218, 0.6673151750972762]","[0.7665369649805448, 0.791828793774319, 0.77431906614786]",3
passive_random,106,654,2055,31.824817518248175,0.6854734111543449,0.7827496757457847,"[0.6750972762645915, 0.6945525291828794, 0.6867704280155642]","[0.77431906614786, 0.791828793774319, 0.7821011673151751]",3
passive_random,107,659,2055,32.06812652068127,0.6822308690012969,0.7840466926070039,"[0.6731517509727627, 0.6926070038910506, 0.6809338521400778]","[0.7762645914396887, 0.791828793774319, 0.7840466926070039]",3
passive_random,108,664,2055,32.311435523114355,0.6796368352788585,0.7808041504539559,"[0.6770428015564203, 0.6789883268482491, 0.6828793774319066]","[0.7840466926070039, 0.7840466926070039, 0.77431906614786]",3
passive_random,109,669,2055,32.55474452554745,0.6822308690012969,0.7808041504539559,"[0.6712062256809338, 0.6848249027237354, 0.6906614785992218]","[0.7704280155642024, 0.7859922178988327, 0.7859922178988327]",3
passive_random,110,674,2055,32.798053527980535,0.6815823605706873,0.7808041504539559,"[0.6848249027237354, 0.6828793774319066, 0.6770428015564203]","[0.7782101167315175, 0.7859922178988327, 0.7782101167315175]",3
passive_random,111,679,2055,33.04136253041362,0.6783398184176394,0.7801556420233463,"[0.6848249027237354, 0.6848249027237354, 0.6653696498054474]","[0.7762645914396887, 0.7801556420233463, 0.7840466926070039]",3
passive_random,112,684,2055,33.284671532846716,0.6874189364461737,0.7840466926070039,"[0.6770428015564203, 0.6906614785992218, 0.6945525291828794]","[0.7821011673151751, 0.7840466926070039, 0.7859922178988327]",3
passive_random,113,689,2055,33.5279805352798,0.6913099870298313,0.7840466926070039,"[0.6964980544747081, 0.6926070038910506, 0.6848249027237354]","[0.7801556420233463, 0.7898832684824902, 0.7821011673151751]",3
passive_random,114,694,2055,33.771289537712896,0.6861219195849545,0.7821011673151751,"[0.6867704280155642, 0.6809338521400778, 0.6906614785992218]","[0.77431906614786, 0.7859922178988327, 0.7859922178988327]",3
passive_random,115,699,2055,34.01459854014598,0.6958495460440984,0.7853437094682231,"[0.6906614785992218, 0.6984435797665369, 0.6984435797665369]","[0.7782101167315175, 0.7957198443579766, 0.7821011673151751]",3
passive_random,116,704,2055,34.257907542579076,0.6848249027237353,0.7866407263294423,"[0.6770428015564203, 0.6848249027237354, 0.6926070038910506]","[0.7879377431906615, 0.7957198443579766, 0.7762645914396887]",3
passive_random,117,709,2055,34.50121654501216,0.6874189364461737,0.7898832684824902,"[0.688715953307393, 0.6906614785992218, 0.6828793774319066]","[0.7879377431906615, 0.7859922178988327, 0.7957198443579766]",3
passive_random,118,714,2055,34.74452554744526,0.6945525291828792,0.7970168612191958,"[0.7023346303501945, 0.6906614785992218, 0.6906614785992218]","[0.7937743190661478, 0.8015564202334631, 0.7957198443579766]",3
passive_random,119,719,2055,34.98783454987834,0.6913099870298313,0.7957198443579766,"[0.6848249027237354, 0.6906614785992218, 0.6984435797665369]","[0.7898832684824902, 0.8035019455252919, 0.7937743190661478]",3
passive_random,120,724,2055,35.23114355231144,0.6984435797665368,0.7963683527885862,"[0.6964980544747081, 0.6964980544747081, 0.7023346303501945]","[0.7976653696498055, 0.7976653696498055, 0.7937743190661478]",3
passive_random,121,729,2055,35.47445255474452,0.6919584954604409,0.795071335927367,"[0.6848249027237354, 0.6964980544747081, 0.6945525291828794]","[0.791828793774319, 0.7976653696498055, 0.7957198443579766]",3
passive_random,122,734,2055,35.71776155717762,0.6990920881971464,0.7931258106355382,"[0.7003891050583657, 0.7023346303501945, 0.6945525291828794]","[0.7898832684824902, 0.7957198443579766, 0.7937743190661478]",3
passive_random,123,739,2055,35.961070559610704,0.696498054474708,0.798313878080415,"[0.7023346303501945, 0.6926070038910506, 0.6945525291828794]","[0.7996108949416343, 0.8073929961089494, 0.7879377431906615]",3
passive_random,124,744,2055,36.2043795620438,0.6887159533073929,0.8022049286640728,"[0.688715953307393, 0.6945525291828794, 0.6828793774319066]","[0.8015564202334631, 0.7937743190661478, 0.811284046692607]",3
passive_random,125,749,2055,36.447688564476884,0.6939040207522696,0.803501945525292,"[0.688715953307393, 0.6984435797665369, 0.6945525291828794]","[0.8015564202334631, 0.8093385214007782, 0.7996108949416343]",3
passive_random,126,754,2055,36.69099756690998,0.6952010376134888,0.8028534370946824,"[0.7023346303501945, 0.6906614785992218, 0.6926070038910506]","[0.8015564202334631, 0.8054474708171206, 0.8015564202334631]",3
passive_random,127,759,2055,36.934306569343065,0.6964980544747083,0.8015564202334632,"[0.6906614785992218, 0.6906614785992218, 0.708171206225681]","[0.7957198443579766, 0.8035019455252919, 0.8054474708171206]",3
passive_random,128,764,2055,37.17761557177616,0.704928664072633,0.8028534370946824,"[0.708171206225681, 0.7159533073929961, 0.6906614785992218]","[0.7996108949416343, 0.7976653696498055, 0.811284046692607]",3
passive_random,129,769,2055,37.420924574209245,0.698443579766537,0.8073929961089495,"[0.7003891050583657, 0.6906614785992218, 0.7042801556420234]","[0.7996108949416343, 0.8151750972762646, 0.8073929961089494]",3
passive_random,130,774,2055,37.66423357664234,0.6990920881971464,0.8073929961089495,"[0.6984435797665369, 0.7023346303501945, 0.6964980544747081]","[0.8054474708171206, 0.8093385214007782, 0.8073929961089494]",3
passive_random,131,779,2055,37.907542579075425,0.7029831387808042,0.8099870298313879,"[0.7042801556420234, 0.708171206225681, 0.6964980544747081]","[0.8093385214007782, 0.811284046692607, 0.8093385214007782]",3
passive_random,132,784,2055,38.15085158150852,0.7062256809338522,0.8080415045395591,"[0.7101167315175098, 0.6926070038910506, 0.7159533073929961]","[0.8073929961089494, 0.8054474708171206, 0.811284046692607]",3
passive_random,133,789,2055,38.394160583941606,0.704928664072633,0.8080415045395591,"[0.708171206225681, 0.6926070038910506, 0.7140077821011673]","[0.8035019455252919, 0.8093385214007782, 0.811284046692607]",3
passive_random,134,794,2055,38.6374695863747,0.711413748378729,0.8060959792477304,"[0.7120622568093385, 0.7101167315175098, 0.7120622568093385]","[0.8054474708171206, 0.8073929961089494, 0.8054474708171206]",3
passive_random,135,799,2055,38.880778588807786,0.7127107652399481,0.80674448767834,"[0.7062256809338522, 0.7178988326848249, 0.7140077821011673]","[0.8035019455252919, 0.8093385214007782, 0.8073929961089494]",3
passive_random,136,804,2055,39.12408759124087,0.7140077821011673,0.80674448767834,"[0.7120622568093385, 0.708171206225681, 0.7217898832684825]","[0.8015564202334631, 0.811284046692607, 0.8073929961089494]",3
passive_random,137,809,2055,39.367396593673966,0.6990920881971464,0.8099870298313879,"[0.6964980544747081, 0.7023346303501945, 0.6984435797665369]","[0.8015564202334631, 0.8093385214007782, 0.8190661478599222]",3
passive_random,138,814,2055,39.61070559610705,0.7042801556420234,0.8099870298313879,"[0.7062256809338522, 0.7023346303501945, 0.7042801556420234]","[0.8093385214007782, 0.8093385214007782, 0.811284046692607]",3
passive_random,139,819,2055,39.85401459854015,0.7036316472114136,0.8112840466926071,"[0.6926070038910506, 0.7159533073929961, 0.7023346303501945]","[0.811284046692607, 0.8171206225680934, 0.8054474708171206]",3
passive_random,140,824,2055,40.09732360097323,0.7036316472114138,0.8125810635538263,"[0.7062256809338522, 0.7003891050583657, 0.7042801556420234]","[0.8054474708171206, 0.8151750972762646, 0.8171206225680934]",3
passive_random,141,829,2055,40.34063260340633,0.7042801556420234,0.8106355382619975,"[0.7062256809338522, 0.7003891050583657, 0.7062256809338522]","[0.8073929961089494, 0.8151750972762646, 0.8093385214007782]",3
passive_random,142,834,2055,40.583941605839414,0.708171206225681,0.8099870298313879,"[0.6984435797665369, 0.7062256809338522, 0.7198443579766537]","[0.8073929961089494, 0.8073929961089494, 0.8151750972762646]",3
passive_random,143,839,2055,40.82725060827251,0.7055771725032426,0.8125810635538263,"[0.708171206225681, 0.7101167315175098, 0.6984435797665369]","[0.8210116731517509, 0.8093385214007782, 0.8073929961089494]",3
passive_random,144,844,2055,41.070559610705594,0.6990920881971464,0.8093385214007783,"[0.6964980544747081, 0.7042801556420234, 0.6964980544747081]","[0.8015564202334631, 0.8151750972762646, 0.811284046692607]",3
passive_random,145,849,2055,41.31386861313869,0.7036316472114138,0.80674448767834,"[0.7023346303501945, 0.7023346303501945, 0.7062256809338522]","[0.7996108949416343, 0.8093385214007782, 0.811284046692607]",3
passive_random,146,854,2055,41.557177615571774,0.7127107652399481,0.8093385214007783,"[0.7101167315175098, 0.7159533073929961, 0.7120622568093385]","[0.8035019455252919, 0.8151750972762646, 0.8093385214007782]",3
passive_random,147,859,2055,41.80048661800487,0.7088197146562906,0.8145265888456551,"[0.7023346303501945, 0.7140077821011673, 0.7101167315175098]","[0.8093385214007782, 0.8190661478599222, 0.8151750972762646]",3
passive_random,148,864,2055,42.043795620437955,0.711413748378729,0.8073929961089495,"[0.708171206225681, 0.708171206225681, 0.7178988326848249]","[0.7957198443579766, 0.8132295719844358, 0.8132295719844358]",3
passive_random,149,869,2055,42.28710462287105,0.7062256809338522,0.8093385214007783,"[0.7042801556420234, 0.7120622568093385, 0.7023346303501945]","[0.8093385214007782, 0.8132295719844358, 0.8054474708171206]",3
passive_random,150,874,2055,42.530413625304135,0.7094682230869002,0.8060959792477304,"[0.7101167315175098, 0.7023346303501945, 0.7159533073929961]","[0.8015564202334631, 0.8073929961089494, 0.8093385214007782]",3
passive_ordered,1,128,2055,6.228710462287105,0.30350194552529186,0.41893644617380027,"[0.29571984435797666, 0.30739299610894943, 0.30739299610894943]","[0.42023346303501946, 0.41050583657587547, 0.4260700389105058]",3
passive_ordered,2,133,2055,6.472019464720194,0.29831387808041504,0.4137483787289235,"[0.2918287937743191, 0.29766536964980544, 0.30544747081712065]","[0.41050583657587547, 0.4163424124513619, 0.4143968871595331]",3
passive_ordered,3,138,2055,6.7153284671532845,0.30739299610894943,0.42153047989623865,"[0.29766536964980544, 0.3151750972762646, 0.3093385214007782]","[0.42023346303501946, 0.4163424124513619, 0.4280155642023346]",3
passive_ordered,4,143,2055,6.958637469586375,0.314526588845655,0.43255512321660183,"[0.3132295719844358, 0.3132295719844358, 0.31712062256809337]","[0.42996108949416345, 0.42996108949416345, 0.4377431906614786]",3
passive_ordered,5,148,2055,7.201946472019465,0.31841763942931256,0.4319066147859922,"[0.321011673151751, 0.31906614785992216, 0.3151750972762646]","[0.4280155642023346, 0.42412451361867703, 0.44357976653696496]",3
passive_ordered,6,153,2055,7.445255474452555,0.3132295719844358,0.4286640726329442,"[0.311284046692607, 0.3229571984435798, 0.30544747081712065]","[0.4260700389105058, 0.4260700389105058, 0.433852140077821]",3
passive_ordered,7,158,2055,7.688564476885645,0.3158236057068742,0.43190661478599224,"[0.30544747081712065, 0.30739299610894943, 0.3346303501945525]","[0.42996108949416345, 0.4260700389105058, 0.4396887159533074]",3
passive_ordered,8,163,2055,7.931873479318734,0.3320363164721141,0.4364461738002594,"[0.32684824902723736, 0.3404669260700389, 0.32879377431906615]","[0.4377431906614786, 0.42996108949416345, 0.44163424124513617]",3
passive_ordered,9,168,2055,8.175182481751825,0.3346303501945525,0.43320363164721143,"[0.33852140077821014, 0.32879377431906615, 0.33657587548638135]","[0.43190661478599224, 0.433852140077821, 0.433852140077821]",3
passive_ordered,10,173,2055,8.418491484184916,0.3249027237354085,0.43320363164721143,"[0.3093385214007782, 0.33073929961089493, 0.3346303501945525]","[0.42996108949416345, 0.42996108949416345, 0.4396887159533074]",3
passive_ordered,11,178,2055,8.661800486618004,0.3320363164721141,0.44552529182879375,"[0.32490272373540857, 0.33073929961089493, 0.3404669260700389]","[0.44163424124513617, 0.44357976653696496, 0.45136186770428016]",3
passive_ordered,12,183,2055,8.905109489051094,0.32166018158236054,0.44487678339818415,"[0.31712062256809337, 0.32879377431906615, 0.31906614785992216]","[0.4377431906614786, 0.44357976653696496, 0.45330739299610895]",3
passive_ordered,13,188,2055,9.148418491484184,0.3333333333333333,0.44293125810635536,"[0.32684824902723736, 0.34824902723735407, 0.32490272373540857]","[0.4474708171206226, 0.4357976653696498, 0.4455252918287938]",3
passive_ordered,14,193,2055,9.391727493917275,0.3378728923476005,0.4409857328145266,"[0.31906614785992216, 0.3443579766536965, 0.35019455252918286]","[0.4377431906614786, 0.4357976653696498, 0.4494163424124514]",3
passive_ordered,15,198,2055,9.635036496350365,0.34111543450064846,0.45265888456549935,"[0.3443579766536965, 0.3463035019455253, 0.3326848249027237]","[0.4494163424124514, 0.4455252918287938, 0.46303501945525294]",3
passive_ordered,16,203,2055,9.878345498783455,0.3326848249027237,0.4584954604409857,"[0.33657587548638135, 0.32879377431906615, 0.3326848249027237]","[0.4571984435797665, 0.45525291828793774, 0.46303501945525294]",3
passive_ordered,17,208,2055,10.121654501216545,0.3488975356679637,0.4727626459143968,"[0.3346303501945525, 0.35797665369649806, 0.3540856031128405]","[0.4669260700389105, 0.4766536964980545, 0.47470817120622566]",3
passive_ordered,18,213,2055,10.364963503649635,0.3631647211413748,0.48962386511024647,"[0.3657587548638132, 0.36186770428015563, 0.36186770428015563]","[0.4805447470817121, 0.49416342412451364, 0.49416342412451364]",3
passive_ordered,19,218,2055,10.608272506082725,0.3553826199740597,0.49027237354085607,"[0.33657587548638135, 0.3638132295719844, 0.3657587548638132]","[0.4727626459143969, 0.5038910505836576, 0.49416342412451364]",3
passive_ordered,20,223,2055,10.851581508515816,0.3553826199740597,0.4961089494163424,"[0.34824902723735407, 0.3540856031128405, 0.3638132295719844]","[0.4766536964980545, 0.5038910505836576, 0.5077821011673151]",3
passive_ordered,21,228,2055,11.094890510948906,0.36511024643320367,0.49092088197146566,"[0.35992217898832685, 0.35992217898832685, 0.3754863813229572]","[0.48443579766536965, 0.5038910505836576, 0.48443579766536965]",3
passive_ordered,22,233,2055,11.338199513381996,0.400129701686122,0.5012970168612192,"[0.4027237354085603, 0.3949416342412451, 0.4027237354085603]","[0.490272373540856, 0.4980544747081712, 0.5155642023346303]",3
passive_ordered,23,238,2055,11.581508515815084,0.42217898832684825,0.5188067444876783,"[0.42412451361867703, 0.4182879377431907, 0.42412451361867703]","[0.5175097276264592, 0.5136186770428015, 0.5252918287937743]",3
passive_ordered,24,243,2055,11.824817518248175,0.43060959792477305,0.5285343709468223,"[0.42996108949416345, 0.43190661478599224, 0.42996108949416345]","[0.519455252918288, 0.5252918287937743, 0.5408560311284046]",3
passive_ordered,25,248,2055,12.068126520681265,0.4357976653696498,0.5278858625162127,"[0.4396887159533074, 0.43190661478599224, 0.4357976653696498]","[0.5214007782101168, 0.519455252918288, 0.5428015564202334]",3
passive_ordered,26,253,2055,12.311435523114355,0.43125810635538264,0.5285343709468223,"[0.4357976653696498, 0.42023346303501946, 0.4377431906614786]","[0.5077821011673151, 0.5486381322957199, 0.5291828793774319]",3
passive_ordered,27,258,2055,12.554744525547445,0.43320363164721143,0.5408560311284046,"[0.433852140077821, 0.42996108949416345, 0.4357976653696498]","[0.519455252918288, 0.5311284046692607, 0.5719844357976653]",3
passive_ordered,28,263,2055,12.798053527980535,0.433852140077821,0.5356679636835279,"[0.4396887159533074, 0.42996108949416345, 0.43190661478599224]","[0.5330739299610895, 0.5389105058365758, 0.5350194552529183]",3
passive_ordered,29,268,2055,13.041362530413625,0.4357976653696498,0.5428015564202334,"[0.44357976653696496, 0.4280155642023346, 0.4357976653696498]","[0.5311284046692607, 0.5291828793774319, 0.5680933852140078]",3
passive_ordered,30,273,2055,13.284671532846716,0.4396887159533074,0.5869001297016861,"[0.44357976653696496, 0.4396887159533074, 0.4357976653696498]","[0.585603112840467, 0.5817120622568094, 0.5933852140077821]",3
passive_ordered,31,278,2055,13.527980535279806,0.44552529182879375,0.5862516212710766,"[0.4494163424124514, 0.44163424124513617, 0.4455252918287938]","[0.5836575875486382, 0.5836575875486382, 0.5914396887159533]",3
passive_ordered,32,283,2055,13.771289537712896,0.45201037613488976,0.5901426718547341,"[0.45525291828793774, 0.4455252918287938, 0.45525291828793774]","[0.5933852140077821, 0.5836575875486382, 0.5933852140077821]",3
passive_ordered,33,288,2055,14.014598540145986,0.44163424124513617,0.5894941634241245,"[0.4455252918287938, 0.43190661478599224, 0.4474708171206226]","[0.5875486381322957, 0.5836575875486382, 0.5972762645914397]",3
passive_ordered,34,293,2055,14.257907542579076,0.4507133592736705,0.5907911802853437,"[0.4571984435797665, 0.44357976653696496, 0.45136186770428016]","[0.5817120622568094, 0.5894941634241245, 0.6011673151750972]",3
passive_ordered,35,298,2055,14.501216545012165,0.44617380025940334,0.5998702983138781,"[0.4474708171206226, 0.4357976653696498, 0.45525291828793774]","[0.6011673151750972, 0.5914396887159533, 0.6070038910505836]",3
passive_ordered,36,303,2055,14.744525547445255,0.4507133592736705,0.6005188067444877,"[0.4571984435797665, 0.4396887159533074, 0.45525291828793774]","[0.5914396887159533, 0.6070038910505836, 0.603112840466926]",3
passive_ordered,37,308,2055,14.987834549878345,0.45590142671854733,0.5933852140077821,"[0.4669260700389105, 0.4494163424124514, 0.45136186770428016]","[0.5914396887159533, 0.5953307392996109, 0.5933852140077821]",3
passive_ordered,38,313,2055,15.231143552311435,0.4565499351491569,0.5933852140077821,"[0.4649805447470817, 0.4396887159533074, 0.4649805447470817]","[0.5914396887159533, 0.5933852140077821, 0.5953307392996109]",3
passive_ordered,39,318,2055,15.474452554744525,0.45460440985732814,0.6108949416342413,"[0.4708171206225681, 0.44163424124513617, 0.45136186770428016]","[0.6089494163424124, 0.6108949416342413, 0.6128404669260701]",3
passive_ordered,40,323,2055,15.717761557177615,0.45201037613488976,0.6089494163424124,"[0.45330739299610895, 0.4474708171206226, 0.45525291828793774]","[0.6070038910505836, 0.6070038910505836, 0.6128404669260701]",3
passive_ordered,41,328,2055,15.961070559610706,0.4591439688715953,0.6102464332036316,"[0.4571984435797665, 0.46108949416342415, 0.4591439688715953]","[0.603112840466926, 0.6070038910505836, 0.6206225680933852]",3
passive_ordered,42,333,2055,16.204379562043794,0.4617380025940337,0.6115434500648509,"[0.4688715953307393, 0.45136186770428016, 0.4649805447470817]","[0.6011673151750972, 0.6206225680933852, 0.6128404669260701]",3
passive_ordered,43,338,2055,16.447688564476884,0.4578469520103761,0.6154345006485085,"[0.46108949416342415, 0.45330739299610895, 0.4591439688715953]","[0.6089494163424124, 0.6284046692607004, 0.6089494163424124]",3
passive_ordered,44,343,2055,16.690997566909974,0.46757457846952005,0.6141374837872893,"[0.47470817120622566, 0.4591439688715953, 0.4688715953307393]","[0.6167315175097277, 0.6050583657587548, 0.6206225680933852]",3
passive_ordered,45,348,2055,16.934306569343065,0.47016861219195843,0.6173800259403373,"[0.47470817120622566, 0.4649805447470817, 0.4708171206225681]","[0.6108949416342413, 0.6186770428015564, 0.622568093385214]",3
passive_ordered,46,353,2055,17.177615571776155,0.4630350194552529,0.6180285343709468,"[0.46303501945525294, 0.4591439688715953, 0.4669260700389105]","[0.6108949416342413, 0.6206225680933852, 0.622568093385214]",3
passive_ordered,47,358,2055,17.420924574209245,0.46887159533073924,0.6167315175097277,"[0.4805447470817121, 0.46303501945525294, 0.46303501945525294]","[0.6070038910505836, 0.6284046692607004, 0.6147859922178989]",3
passive_ordered,48,363,2055,17.664233576642335,0.46822308690012965,0.6173800259403373,"[0.48443579766536965, 0.46108949416342415, 0.4591439688715953]","[0.6128404669260701, 0.6128404669260701, 0.6264591439688716]",3
passive_ordered,49,368,2055,17.907542579075425,0.4760051880674449,0.6245136186770428,"[0.48249027237354086, 0.4649805447470817, 0.4805447470817121]","[0.6128404669260701, 0.6284046692607004, 0.632295719844358]",3
passive_ordered,50,373,2055,18.150851581508515,0.4734111543450064,0.6309987029831388,"[0.47470817120622566, 0.4766536964980545, 0.4688715953307393]","[0.6206225680933852, 0.6361867704280155, 0.6361867704280155]",3
passive_ordered,51,378,2055,18.394160583941606,0.4753566796368353,0.6297016861219196,"[0.48249027237354086, 0.4669260700389105, 0.4766536964980545]","[0.6264591439688716, 0.6245136186770428, 0.6381322957198443]",3
passive_ordered,52,383,2055,18.637469586374696,0.47924773022049294,0.6271076523994812,"[0.49221789883268485, 0.4785992217898833, 0.4669260700389105]","[0.6245136186770428, 0.622568093385214, 0.6342412451361867]",3
passive_ordered,53,388,2055,18.880778588807786,0.4740596627756161,0.6309987029831388,"[0.4785992217898833, 0.4669260700389105, 0.4766536964980545]","[0.6284046692607004, 0.6361867704280155, 0.6284046692607004]",3
passive_ordered,54,393,2055,19.124087591240876,0.4747081712062256,0.6329442282749675,"[0.4805447470817121, 0.4727626459143969, 0.4708171206225681]","[0.632295719844358, 0.632295719844358, 0.6342412451361867]",3
passive_ordered,55,398,2055,19.367396593673966,0.4740596627756161,0.6232166018158236,"[0.4727626459143969, 0.4727626459143969, 0.4766536964980545]","[0.6128404669260701, 0.632295719844358, 0.6245136186770428]",3
passive_ordered,56,403,2055,19.610705596107056,0.4779507133592736,0.6316472114137484,"[0.490272373540856, 0.4708171206225681, 0.4727626459143969]","[0.6284046692607004, 0.6342412451361867, 0.632295719844358]",3
passive_ordered,57,408,2055,19.854014598540147,0.4779507133592737,0.6309987029831388,"[0.4883268482490272, 0.4649805447470817, 0.4805447470817121]","[0.6245136186770428, 0.6342412451361867, 0.6342412451361867]",3
passive_ordered,58,413,2055,20.097323600973237,0.4734111543450064,0.6309987029831388,"[0.48249027237354086, 0.46303501945525294, 0.47470817120622566]","[0.6206225680933852, 0.6400778210116731, 0.632295719844358]",3
passive_ordered,59,418,2055,20.340632603406327,0.48119325551232167,0.6303501945525292,"[0.48249027237354086, 0.48638132295719844, 0.47470817120622566]","[0.6342412451361867, 0.6284046692607004, 0.6284046692607004]",3
passive_ordered,60,423,2055,20.583941605839417,0.4779507133592737,0.6251621271076524,"[0.48443579766536965, 0.4708171206225681, 0.4785992217898833]","[0.6128404669260701, 0.6264591439688716, 0.6361867704280155]",3
passive_ordered,61,428,2055,20.827250608272507,0.4779507133592737,0.6374837872892347,"[0.4805447470817121, 0.47470817120622566, 0.4785992217898833]","[0.6284046692607004, 0.642023346303502, 0.642023346303502]",3
passive_ordered,62,433,2055,21.070559610705597,0.4753566796368353,0.632295719844358,"[0.4805447470817121, 0.4688715953307393, 0.4766536964980545]","[0.6245136186770428, 0.6361867704280155, 0.6361867704280155]",3
passive_ordered,63,438,2055,21.313868613138688,0.4740596627756161,0.6426718547341115,"[0.4649805447470817, 0.4785992217898833, 0.4785992217898833]","[0.6361867704280155, 0.6498054474708171, 0.642023346303502]",3
passive_ordered,64,443,2055,21.557177615571778,0.4734111543450064,0.6400778210116731,"[0.47470817120622566, 0.4708171206225681, 0.47470817120622566]","[0.6342412451361867, 0.6478599221789884, 0.6381322957198443]",3
passive_ordered,65,448,2055,21.800486618004864,0.4734111543450064,0.6472114137483788,"[0.47470817120622566, 0.4708171206225681, 0.47470817120622566]","[0.6478599221789884, 0.6517509727626459, 0.642023346303502]",3
passive_ordered,66,453,2055,22.043795620437955,0.48249027237354086,0.6511024643320363,"[0.48638132295719844, 0.47470817120622566, 0.48638132295719844]","[0.6439688715953308, 0.6614785992217899, 0.6478599221789884]",3
passive_ordered,67,458,2055,22.287104622871045,0.4805447470817121,0.6511024643320363,"[0.4766536964980545, 0.4785992217898833, 0.48638132295719844]","[0.6439688715953308, 0.6517509727626459, 0.6575875486381323]",3
passive_ordered,68,463,2055,22.530413625304135,0.4792477302204929,0.6478599221789884,"[0.4766536964980545, 0.4883268482490272, 0.4727626459143969]","[0.6439688715953308, 0.6478599221789884, 0.6517509727626459]",3
passive_ordered,69,468,2055,22.773722627737225,0.4792477302204929,0.6439688715953307,"[0.48443579766536965, 0.4766536964980545, 0.4766536964980545]","[0.6439688715953308, 0.6381322957198443, 0.6498054474708171]",3
passive_ordered,70,473,2055,23.017031630170315,0.4753566796368352,0.6478599221789884,"[0.48443579766536965, 0.4708171206225681, 0.4708171206225681]","[0.6498054474708171, 0.6459143968871596, 0.6478599221789884]",3
passive_ordered,71,478,2055,23.260340632603405,0.4773022049286641,0.6582360570687419,"[0.4766536964980545, 0.48638132295719844, 0.4688715953307393]","[0.6517509727626459, 0.6595330739299611, 0.6634241245136187]",3
passive_ordered,72,483,2055,23.503649635036496,0.4792477302204929,0.6575875486381323,"[0.4785992217898833, 0.47470817120622566, 0.48443579766536965]","[0.6459143968871596, 0.6653696498054474, 0.6614785992217899]",3
passive_ordered,73,488,2055,23.746958637469586,0.48249027237354086,0.6588845654993515,"[0.49221789883268485, 0.4708171206225681, 0.48443579766536965]","[0.6614785992217899, 0.6575875486381323, 0.6575875486381323]",3
passive_ordered,74,493,2055,23.990267639902676,0.48508430609597925,0.6562905317769131,"[0.48443579766536965, 0.4883268482490272, 0.48249027237354086]","[0.6575875486381323, 0.6556420233463035, 0.6556420233463035]",3
passive_ordered,75,498,2055,24.233576642335766,0.48378728923476005,0.6582360570687419,"[0.4883268482490272, 0.4785992217898833, 0.48443579766536965]","[0.6595330739299611, 0.6556420233463035, 0.6595330739299611]",3
passive_ordered,76,503,2055,24.476885644768856,0.4798962386511025,0.6543450064850843,"[0.48638132295719844, 0.4688715953307393, 0.48443579766536965]","[0.6517509727626459, 0.6575875486381323, 0.6536964980544747]",3
passive_ordered,77,508,2055,24.720194647201946,0.48573281452658884,0.6530479896238651,"[0.4883268482490272, 0.4805447470817121, 0.4883268482490272]","[0.642023346303502, 0.6634241245136187, 0.6536964980544747]",3
passive_ordered,78,513,2055,24.963503649635037,0.4610894941634241,0.6407263294422827,"[0.46303501945525294, 0.45525291828793774, 0.4649805447470817]","[0.6303501945525292, 0.6498054474708171, 0.642023346303502]",3
passive_ordered,79,518,2055,25.206812652068127,0.4578469520103761,0.6459143968871595,"[0.4766536964980545, 0.42412451361867703, 0.4727626459143969]","[0.6400778210116731, 0.6400778210116731, 0.6575875486381323]",3
passive_ordered,80,523,2055,25.450121654501217,0.46887159533073924,0.6536964980544747,"[0.48638132295719844, 0.4591439688715953, 0.46108949416342415]","[0.6536964980544747, 0.6459143968871596, 0.6614785992217899]",3
passive_ordered,81,528,2055,25.693430656934307,0.47665369649805456,0.6536964980544747,"[0.4766536964980545, 0.49221789883268485, 0.46108949416342415]","[0.6536964980544747, 0.6536964980544747, 0.6536964980544747]",3
passive_ordered,82,533,2055,25.936739659367397,0.47211413748378733,0.6549935149156939,"[0.46303501945525294, 0.4727626459143969, 0.4805447470817121]","[0.6459143968871596, 0.6556420233463035, 0.6634241245136187]",3
passive_ordered,83,538,2055,26.180048661800488,0.4798962386511025,0.6465629053177692,"[0.48443579766536965, 0.490272373540856, 0.4649805447470817]","[0.6498054474708171, 0.642023346303502, 0.6478599221789884]",3
passive_ordered,84,543,2055,26.423357664233578,0.4987029831387808,0.6705577172503242,"[0.5038910505836576, 0.4980544747081712, 0.49416342412451364]","[0.6673151750972762, 0.6750972762645915, 0.669260700389105]",3
passive_ordered,85,548,2055,26.666666666666668,0.48508430609597925,0.6575875486381323,"[0.48249027237354086, 0.490272373540856, 0.48249027237354086]","[0.6536964980544747, 0.6614785992217899, 0.6575875486381323]",3
passive_ordered,86,553,2055,26.909975669099758,0.4837872892347601,0.6705577172503242,"[0.4649805447470817, 0.49416342412451364, 0.49221789883268485]","[0.6750972762645915, 0.6614785992217899, 0.6750972762645915]",3
passive_ordered,87,558,2055,27.153284671532848,0.49351491569390404,0.6679636835278858,"[0.49416342412451364, 0.48443579766536965, 0.5019455252918288]","[0.6634241245136187, 0.6712062256809338, 0.669260700389105]",3
passive_ordered,88,563,2055,27.39659367396594,0.49351491569390404,0.6770428015564202,"[0.5, 0.4785992217898833, 0.5019455252918288]","[0.6750972762645915, 0.6809338521400778, 0.6750972762645915]",3
passive_ordered,89,568,2055,27.63990267639903,0.5097276264591439,0.675745784695201,"[0.4980544747081712, 0.5214007782101168, 0.5097276264591439]","[0.6653696498054474, 0.6809338521400778, 0.6809338521400778]",3
passive_ordered,90,573,2055,27.883211678832115,0.5233463035019456,0.6984435797665368,"[0.5233463035019456, 0.5214007782101168, 0.5252918287937743]","[0.6906614785992218, 0.7023346303501945, 0.7023346303501945]",3
passive_ordered,91,578,2055,28.126520681265205,0.5246433203631647,0.6900129701686121,"[0.5311284046692607, 0.5311284046692607, 0.5116731517509727]","[0.6867704280155642, 0.7003891050583657, 0.6828793774319066]",3
passive_ordered,92,583,2055,28.369829683698295,0.5278858625162126,0.6900129701686121,"[0.5155642023346303, 0.5214007782101168, 0.546692607003891]","[0.6964980544747081, 0.6906614785992218, 0.6828793774319066]",3
passive_ordered,93,588,2055,28.613138686131386,0.5246433203631647,0.6958495460440984,"[0.5408560311284046, 0.5175097276264592, 0.5155642023346303]","[0.6945525291828794, 0.708171206225681, 0.6848249027237354]",3
passive_ordered,94,593,2055,28.856447688564476,0.5298313878080415,0.6952010376134888,"[0.5330739299610895, 0.5175097276264592, 0.5389105058365758]","[0.6984435797665369, 0.688715953307393, 0.6984435797665369]",3
passive_ordered,95,598,2055,29.099756690997566,0.5201037613488976,0.6919584954604409,"[0.5291828793774319, 0.519455252918288, 0.5116731517509727]","[0.6867704280155642, 0.6867704280155642, 0.7023346303501945]",3
passive_ordered,96,603,2055,29.343065693430656,0.5408560311284046,0.7172503242542153,"[0.5369649805447471, 0.5330739299610895, 0.5525291828793775]","[0.7140077821011673, 0.7198443579766537, 0.7178988326848249]",3
passive_ordered,97,608,2055,29.586374695863746,0.5421530479896238,0.7191958495460441,"[0.5505836575875487, 0.5389105058365758, 0.5369649805447471]","[0.72568093385214, 0.7198443579766537, 0.7120622568093385]",3
passive_ordered,98,613,2055,29.829683698296837,0.5590142671854734,0.7204928664072633,"[0.5544747081712063, 0.5505836575875487, 0.5719844357976653]","[0.7120622568093385, 0.7217898832684825, 0.7276264591439688]",3
passive_ordered,99,618,2055,30.072992700729927,0.5473411154345007,0.7127107652399481,"[0.5525291828793775, 0.5233463035019456, 0.566147859922179]","[0.708171206225681, 0.7159533073929961, 0.7140077821011673]",3
passive_ordered,100,623,2055,30.316301703163017,0.5408560311284046,0.7088197146562906,"[0.5369649805447471, 0.5369649805447471, 0.5486381322957199]","[0.7023346303501945, 0.7159533073929961, 0.708171206225681]",3
passive_ordered,101,628,2055,30.559610705596107,0.5557717250324254,0.7146562905317769,"[0.5603112840466926, 0.5525291828793775, 0.5544747081712063]","[0.7237354085603113, 0.7101167315175098, 0.7101167315175098]",3
passive_ordered,102,633,2055,30.802919708029197,0.5667963683527886,0.7464332036316472,"[0.5642023346303502, 0.5680933852140078, 0.5680933852140078]","[0.7529182879377432, 0.7412451361867705, 0.745136186770428]",3
passive_ordered,103,638,2055,31.046228710462287,0.5642023346303502,0.7360570687418937,"[0.5603112840466926, 0.5700389105058365, 0.5622568093385214]","[0.7334630350194552, 0.745136186770428, 0.7295719844357976]",3
passive_ordered,104,643,2055,31.289537712895378,0.569390402075227,0.7425421530479897,"[0.5680933852140078, 0.5778210116731517, 0.5622568093385214]","[0.7431906614785992, 0.7373540856031129, 0.7470817120622568]",3
passive_ordered,105,648,2055,31.532846715328468,0.5700389105058365,0.7457846952010376,"[0.566147859922179, 0.566147859922179, 0.5778210116731517]","[0.7470817120622568, 0.7490272373540856, 0.7412451361867705]",3
passive_ordered,106,653,2055,31.776155717761558,0.566147859922179,0.7360570687418937,"[0.5700389105058365, 0.5642023346303502, 0.5642023346303502]","[0.7392996108949417, 0.7295719844357976, 0.7392996108949417]",3
passive_ordered,107,658,2055,32.01946472019465,0.5726329442282749,0.7477302204928664,"[0.5797665369649806, 0.5758754863813229, 0.5622568093385214]","[0.7568093385214008, 0.745136186770428, 0.7412451361867705]",3
passive_ordered,108,663,2055,32.262773722627735,0.5687418936446174,0.7444876783398184,"[0.5778210116731517, 0.5642023346303502, 0.5642023346303502]","[0.7431906614785992, 0.7470817120622568, 0.7431906614785992]",3
passive_ordered,109,668,2055,32.50608272506083,0.5674448767833982,0.7496757457846952,"[0.5603112840466926, 0.5700389105058365, 0.5719844357976653]","[0.7470817120622568, 0.754863813229572, 0.7470817120622568]",3
passive_ordered,110,673,2055,32.749391727493915,0.5603112840466926,0.748378728923476,"[0.5603112840466926, 0.566147859922179, 0.5544747081712063]","[0.7509727626459144, 0.7529182879377432, 0.7412451361867705]",3
passive_ordered,111,678,2055,32.99270072992701,0.5830090791180286,0.7555123216601816,"[0.5836575875486382, 0.5797665369649806, 0.585603112840467]","[0.754863813229572, 0.754863813229572, 0.7568093385214008]",3
passive_ordered,112,683,2055,33.236009732360095,0.5862516212710766,0.7522697795071336,"[0.5894941634241245, 0.5875486381322957, 0.5817120622568094]","[0.7490272373540856, 0.754863813229572, 0.7529182879377432]",3
passive_ordered,113,688,2055,33.47931873479319,0.5869001297016861,0.7607003891050583,"[0.585603112840467, 0.585603112840467, 0.5894941634241245]","[0.7626459143968871, 0.7626459143968871, 0.7568093385214008]",3
passive_ordered,114,693,2055,33.722627737226276,0.5881971465629053,0.7600518806744487,"[0.5894941634241245, 0.5933852140077821, 0.5817120622568094]","[0.7587548638132295, 0.7587548638132295, 0.7626459143968871]",3
passive_ordered,115,698,2055,33.96593673965937,0.5998702983138781,0.7600518806744487,"[0.6070038910505836, 0.5933852140077821, 0.5992217898832685]","[0.7587548638132295, 0.7626459143968871, 0.7587548638132295]",3
passive_ordered,116,703,2055,34.209245742092456,0.5959792477302205,0.7619974059662775,"[0.5933852140077821, 0.6011673151750972, 0.5933852140077821]","[0.7607003891050583, 0.7607003891050583, 0.7645914396887159]",3
passive_ordered,117,708,2055,34.45255474452555,0.6005188067444877,0.75810635538262,"[0.603112840466926, 0.6089494163424124, 0.5894941634241245]","[0.7568093385214008, 0.7568093385214008, 0.7607003891050583]",3
passive_ordered,118,713,2055,34.695863746958636,0.5979247730220493,0.7619974059662775,"[0.6070038910505836, 0.5894941634241245, 0.5972762645914397]","[0.754863813229572, 0.7645914396887159, 0.7665369649805448]",3
passive_ordered,119,718,2055,34.93917274939173,0.6083009079118029,0.7652399481193255,"[0.6011673151750972, 0.6128404669260701, 0.6108949416342413]","[0.7607003891050583, 0.7684824902723736, 0.7665369649805448]",3
passive_ordered,120,723,2055,35.18248175182482,0.6057068741893644,0.7652399481193255,"[0.6089494163424124, 0.603112840466926, 0.6050583657587548]","[0.7645914396887159, 0.7626459143968871, 0.7684824902723736]",3
passive_ordered,121,728,2055,35.42579075425791,0.6024643320363164,0.7632944228274967,"[0.5972762645914397, 0.5972762645914397, 0.6128404669260701]","[0.7568093385214008, 0.7626459143968871, 0.7704280155642024]",3
passive_ordered,122,733,2055,35.669099756691,0.6083009079118029,0.7723735408560312,"[0.6186770428015564, 0.603112840466926, 0.603112840466926]","[0.7704280155642024, 0.77431906614786, 0.7723735408560312]",3
passive_ordered,123,738,2055,35.91240875912409,0.6167315175097277,0.7723735408560312,"[0.6050583657587548, 0.6147859922178989, 0.6303501945525292]","[0.77431906614786, 0.7704280155642024, 0.7723735408560312]",3
passive_ordered,124,743,2055,36.15571776155718,0.6180285343709468,0.7730220492866408,"[0.6128404669260701, 0.6245136186770428, 0.6167315175097277]","[0.77431906614786, 0.77431906614786, 0.7704280155642024]",3
passive_ordered,125,748,2055,36.39902676399027,0.619325551232166,0.7762645914396887,"[0.6128404669260701, 0.6186770428015564, 0.6264591439688716]","[0.7704280155642024, 0.7821011673151751, 0.7762645914396887]",3
passive_ordered,126,753,2055,36.64233576642336,0.6147859922178989,0.7833981841763943,"[0.6108949416342413, 0.6186770428015564, 0.6147859922178989]","[0.7782101167315175, 0.7840466926070039, 0.7879377431906615]",3
passive_ordered,127,758,2055,36.885644768856444,0.6186770428015564,0.7775616083009079,"[0.6089494163424124, 0.622568093385214, 0.6245136186770428]","[0.7762645914396887, 0.7801556420233463, 0.7762645914396887]",3
passive_ordered,128,763,2055,37.12895377128954,0.6232166018158236,0.7833981841763943,"[0.6167315175097277, 0.6206225680933852, 0.632295719844358]","[0.7859922178988327, 0.7821011673151751, 0.7821011673151751]",3
passive_ordered,129,768,2055,37.372262773722625,0.62905317769131,0.7859922178988327,"[0.6303501945525292, 0.6284046692607004, 0.6284046692607004]","[0.7859922178988327, 0.7898832684824902, 0.7821011673151751]",3
passive_ordered,130,773,2055,37.61557177615572,0.6335927367055771,0.7872892347600519,"[0.6303501945525292, 0.6381322957198443, 0.632295719844358]","[0.791828793774319, 0.7898832684824902, 0.7801556420233463]",3
passive_ordered,131,778,2055,37.858880778588805,0.6368352788586251,0.7911802853437094,"[0.632295719844358, 0.6400778210116731, 0.6381322957198443]","[0.7859922178988327, 0.791828793774319, 0.7957198443579766]",3
passive_ordered,132,783,2055,38.1021897810219,0.6348897535667963,0.7924773022049286,"[0.6381322957198443, 0.6284046692607004, 0.6381322957198443]","[0.791828793774319, 0.7976653696498055, 0.7879377431906615]",3
passive_ordered,133,788,2055,38.345498783454985,0.6348897535667963,0.7976653696498054,"[0.6303501945525292, 0.6361867704280155, 0.6381322957198443]","[0.7976653696498055, 0.8015564202334631, 0.7937743190661478]",3
passive_ordered,134,793,2055,38.58880778588808,0.6387808041504539,0.791828793774319,"[0.6459143968871596, 0.6361867704280155, 0.6342412451361867]","[0.791828793774319, 0.7879377431906615, 0.7957198443579766]",3
passive_ordered,135,798,2055,38.832116788321166,0.6348897535667963,0.7976653696498054,"[0.622568093385214, 0.6439688715953308, 0.6381322957198443]","[0.8015564202334631, 0.8054474708171206, 0.7859922178988327]",3
passive_ordered,136,803,2055,39.07542579075426,0.6413748378728923,0.798313878080415,"[0.6459143968871596, 0.6361867704280155, 0.642023346303502]","[0.7976653696498055, 0.8015564202334631, 0.7957198443579766]",3
passive_ordered,137,808,2055,39.318734793187346,0.646562905317769,0.798313878080415,"[0.6381322957198443, 0.6478599221789884, 0.6536964980544747]","[0.8015564202334631, 0.7976653696498055, 0.7957198443579766]",3
passive_ordered,138,813,2055,39.56204379562044,0.6530479896238651,0.803501945525292,"[0.6595330739299611, 0.6498054474708171, 0.6498054474708171]","[0.8093385214007782, 0.7976653696498055, 0.8035019455252919]",3
passive_ordered,139,818,2055,39.805352798053526,0.6517509727626458,0.8009079118028536,"[0.6498054474708171, 0.6381322957198443, 0.6673151750972762]","[0.8054474708171206, 0.7976653696498055, 0.7996108949416343]",3
passive_ordered,140,823,2055,40.04866180048662,0.6472114137483788,0.8015564202334632,"[0.6498054474708171, 0.6556420233463035, 0.6361867704280155]","[0.7996108949416343, 0.8035019455252919, 0.8015564202334631]",3
passive_ordered,141,828,2055,40.29197080291971,0.6478599221789884,0.8022049286640728,"[0.6575875486381323, 0.6439688715953308, 0.642023346303502]","[0.7996108949416343, 0.8035019455252919, 0.8035019455252919]",3
passive_ordered,142,833,2055,40.5352798053528,0.6387808041504539,0.8009079118028536,"[0.6439688715953308, 0.6342412451361867, 0.6381322957198443]","[0.7996108949416343, 0.7996108949416343, 0.8035019455252919]",3
passive_ordered,143,838,2055,40.77858880778589,0.6459143968871595,0.7996108949416344,"[0.6342412451361867, 0.6517509727626459, 0.6517509727626459]","[0.7957198443579766, 0.8035019455252919, 0.7996108949416343]",3
passive_ordered,144,843,2055,41.02189781021898,0.6342412451361867,0.8022049286640728,"[0.632295719844358, 0.6400778210116731, 0.6303501945525292]","[0.7996108949416343, 0.7996108949416343, 0.8073929961089494]",3
passive_ordered,145,848,2055,41.26520681265207,0.6355382619974059,0.803501945525292,"[0.6342412451361867, 0.6439688715953308, 0.6284046692607004]","[0.8035019455252919, 0.8054474708171206, 0.8015564202334631]",3
passive_ordered,146,853,2055,41.50851581508516,0.6575875486381323,0.8041504539559016,"[0.6595330739299611, 0.6556420233463035, 0.6575875486381323]","[0.8073929961089494, 0.8035019455252919, 0.8015564202334631]",3
passive_ordered,147,858,2055,41.75182481751825,0.6517509727626459,0.8093385214007783,"[0.6459143968871596, 0.6556420233463035, 0.6536964980544747]","[0.811284046692607, 0.8093385214007782, 0.8073929961089494]",3
passive_ordered,148,863,2055,41.99513381995134,0.6536964980544747,0.8028534370946824,"[0.6614785992217899, 0.6498054474708171, 0.6498054474708171]","[0.8015564202334631, 0.7996108949416343, 0.8073929961089494]",3
passive_ordered,149,868,2055,42.23844282238443,0.6601815823605707,0.8086900129701687,"[0.6614785992217899, 0.6517509727626459, 0.6673151750972762]","[0.8015564202334631, 0.8132295719844358, 0.811284046692607]",3
passive_ordered,150,873,2055,42.481751824817515,0.6472114137483788,0.8093385214007783,"[0.6478599221789884, 0.642023346303502, 0.6517509727626459]","[0.8132295719844358, 0.8035019455252919, 0.811284046692607]",3
active_random,1,129,2055,6.2773722627737225,0.4383916990920882,0.5181582360570687,"[0.4494163424124514, 0.44163424124513617, 0.42412451361867703]","[0.5155642023346303, 0.5214007782101168, 0.5175097276264592]",3
active_random,2,134,2055,6.520681265206813,0.4396887159533074,0.5278858625162127,"[0.44163424124513617, 0.4396887159533074, 0.4377431906614786]","[0.5233463035019456, 0.5389105058365758, 0.5214007782101168]",3
active_random,3,139,2055,6.763990267639903,0.44293125810635536,0.5259403372243838,"[0.4396887159533074, 0.4474708171206226, 0.44163424124513617]","[0.5155642023346303, 0.5330739299610895, 0.5291828793774319]",3
active_random,4,144,2055,7.007299270072993,0.45006485084306097,0.5278858625162127,"[0.46303501945525294, 0.4494163424124514, 0.4377431906614786]","[0.5272373540856031, 0.5330739299610895, 0.5233463035019456]",3
active_random,5,149,2055,7.250608272506082,0.45330739299610895,0.5343709468223087,"[0.4474708171206226, 0.4591439688715953, 0.45330739299610895]","[0.5311284046692607, 0.5369649805447471, 0.5350194552529183]",3
active_random,6,154,2055,7.4939172749391725,0.4617380025940337,0.5486381322957199,"[0.4591439688715953, 0.4669260700389105, 0.4591439688715953]","[0.5505836575875487, 0.5447470817120622, 0.5505836575875487]",3
active_random,7,159,2055,7.737226277372263,0.4630350194552529,0.5603112840466926,"[0.4591439688715953, 0.4727626459143969, 0.4571984435797665]","[0.566147859922179, 0.5642023346303502, 0.5505836575875487]",3
active_random,8,164,2055,7.980535279805353,0.47016861219195843,0.5609597924773022,"[0.4727626459143969, 0.4727626459143969, 0.4649805447470817]","[0.5486381322957199, 0.5680933852140078, 0.566147859922179]",3
active_random,9,169,2055,8.223844282238442,0.48508430609597925,0.5817120622568094,"[0.4883268482490272, 0.48638132295719844, 0.4805447470817121]","[0.5817120622568094, 0.5836575875486382, 0.5797665369649806]",3
active_random,10,174,2055,8.467153284671532,0.49351491569390404,0.5959792477302205,"[0.49416342412451364, 0.5019455252918288, 0.48443579766536965]","[0.5894941634241245, 0.5992217898832685, 0.5992217898832685]",3
active_random,11,179,2055,8.710462287104622,0.5084306095979247,0.6147859922178989,"[0.5038910505836576, 0.5116731517509727, 0.5097276264591439]","[0.6089494163424124, 0.6186770428015564, 0.6167315175097277]",3
active_random,12,184,2055,8.953771289537713,0.5239948119325551,0.6154345006485085,"[0.5330739299610895, 0.5233463035019456, 0.5155642023346303]","[0.6206225680933852, 0.6128404669260701, 0.6128404669260701]",3
active_random,13,189,2055,9.197080291970803,0.5207522697795071,0.6212710765239948,"[0.5155642023346303, 0.5291828793774319, 0.5175097276264592]","[0.6167315175097277, 0.622568093385214, 0.6245136186770428]",3
active_random,14,194,2055,9.440389294403893,0.5278858625162127,0.6297016861219196,"[0.5233463035019456, 0.5389105058365758, 0.5214007782101168]","[0.6303501945525292, 0.6361867704280155, 0.622568093385214]",3
active_random,15,199,2055,9.683698296836983,0.5188067444876784,0.6348897535667963,"[0.519455252918288, 0.519455252918288, 0.5175097276264592]","[0.6381322957198443, 0.642023346303502, 0.6245136186770428]",3
active_random,16,204,2055,9.927007299270073,0.5272373540856031,0.6387808041504539,"[0.5291828793774319, 0.5369649805447471, 0.5155642023346303]","[0.6478599221789884, 0.6400778210116731, 0.6284046692607004]",3
active_random,17,209,2055,10.170316301703163,0.5356679636835279,0.6439688715953307,"[0.5311284046692607, 0.5447470817120622, 0.5311284046692607]","[0.6361867704280155, 0.6536964980544747, 0.642023346303502]",3
active_random,18,214,2055,10.413625304136254,0.5408560311284046,0.6498054474708171,"[0.5486381322957199, 0.5389105058365758, 0.5350194552529183]","[0.6478599221789884, 0.6595330739299611, 0.642023346303502]",3
active_random,19,219,2055,10.656934306569344,0.559662775616083,0.6614785992217899,"[0.5622568093385214, 0.5622568093385214, 0.5544747081712063]","[0.6634241245136187, 0.6634241245136187, 0.6575875486381323]",3
active_random,20,224,2055,10.900243309002432,0.5654993514915694,0.6699092088197146,"[0.5622568093385214, 0.5758754863813229, 0.5583657587548638]","[0.6673151750972762, 0.6731517509727627, 0.669260700389105]",3
active_random,21,229,2055,11.143552311435522,0.562905317769131,0.6796368352788585,"[0.5719844357976653, 0.5603112840466926, 0.556420233463035]","[0.6789883268482491, 0.6789883268482491, 0.6809338521400778]",3
active_random,22,234,2055,11.386861313868613,0.5732814526588845,0.6854734111543449,"[0.5680933852140078, 0.5875486381322957, 0.5642023346303502]","[0.6789883268482491, 0.6867704280155642, 0.6906614785992218]",3
active_random,23,239,2055,11.630170316301703,0.5862516212710766,0.6893644617380025,"[0.5758754863813229, 0.603112840466926, 0.5797665369649806]","[0.688715953307393, 0.6945525291828794, 0.6848249027237354]",3
active_random,24,244,2055,11.873479318734793,0.5784695201037614,0.6984435797665368,"[0.5797665369649806, 0.5875486381322957, 0.5680933852140078]","[0.7003891050583657, 0.6984435797665369, 0.6964980544747081]",3
active_random,25,249,2055,12.116788321167883,0.5739299610894941,0.6945525291828792,"[0.5758754863813229, 0.5778210116731517, 0.5680933852140078]","[0.6926070038910506, 0.6926070038910506, 0.6984435797665369]",3
active_random,26,254,2055,12.360097323600973,0.5888456549935149,0.6952010376134888,"[0.5836575875486382, 0.5914396887159533, 0.5914396887159533]","[0.6926070038910506, 0.6926070038910506, 0.7003891050583657]",3
active_random,27,259,2055,12.603406326034063,0.5927367055771725,0.7042801556420234,"[0.5914396887159533, 0.5953307392996109, 0.5914396887159533]","[0.6984435797665369, 0.7042801556420234, 0.7101167315175098]",3
active_random,28,264,2055,12.846715328467154,0.5972762645914397,0.7003891050583658,"[0.5933852140077821, 0.6050583657587548, 0.5933852140077821]","[0.6964980544747081, 0.7003891050583657, 0.7042801556420234]",3
active_random,29,269,2055,13.090024330900244,0.5920881971465629,0.7068741893644618,"[0.5817120622568094, 0.5992217898832685, 0.5953307392996109]","[0.7062256809338522, 0.7140077821011673, 0.7003891050583657]",3
active_random,30,274,2055,13.333333333333334,0.6005188067444877,0.7068741893644618,"[0.6011673151750972, 0.6050583657587548, 0.5953307392996109]","[0.7023346303501945, 0.7140077821011673, 0.7042801556420234]",3
active_random,31,279,2055,13.576642335766424,0.6050583657587549,0.7198443579766537,"[0.6011673151750972, 0.6167315175097277, 0.5972762645914397]","[0.7178988326848249, 0.7178988326848249, 0.7237354085603113]",3
active_random,32,284,2055,13.819951338199514,0.6057068741893644,0.7198443579766537,"[0.6070038910505836, 0.6089494163424124, 0.6011673151750972]","[0.7062256809338522, 0.7217898832684825, 0.7315175097276264]",3
active_random,33,289,2055,14.063260340632603,0.6134889753566797,0.7282749675745785,"[0.6147859922178989, 0.6050583657587548, 0.6206225680933852]","[0.7198443579766537, 0.7276264591439688, 0.7373540856031129]",3
active_random,34,294,2055,14.306569343065693,0.6154345006485085,0.7302204928664073,"[0.6245136186770428, 0.6108949416342413, 0.6108949416342413]","[0.7198443579766537, 0.7412451361867705, 0.7295719844357976]",3
active_random,35,299,2055,14.549878345498783,0.6167315175097277,0.7295719844357976,"[0.6128404669260701, 0.6206225680933852, 0.6167315175097277]","[0.72568093385214, 0.7315175097276264, 0.7315175097276264]",3
active_random,36,304,2055,14.793187347931873,0.6108949416342413,0.7308690012970169,"[0.6108949416342413, 0.6011673151750972, 0.6206225680933852]","[0.7237354085603113, 0.7334630350194552, 0.7354085603112841]",3
active_random,37,309,2055,15.036496350364963,0.6108949416342413,0.728923476005188,"[0.6128404669260701, 0.6128404669260701, 0.6070038910505836]","[0.7217898832684825, 0.7315175097276264, 0.7334630350194552]",3
active_random,38,314,2055,15.279805352798054,0.6173800259403373,0.7373540856031129,"[0.6128404669260701, 0.622568093385214, 0.6167315175097277]","[0.7295719844357976, 0.7354085603112841, 0.7470817120622568]",3
active_random,39,319,2055,15.523114355231144,0.6219195849546044,0.7457846952010376,"[0.6167315175097277, 0.6206225680933852, 0.6284046692607004]","[0.7392996108949417, 0.7470817120622568, 0.7509727626459144]",3
active_random,40,324,2055,15.766423357664234,0.6303501945525292,0.7438391699092088,"[0.622568093385214, 0.632295719844358, 0.6361867704280155]","[0.72568093385214, 0.7509727626459144, 0.754863813229572]",3
active_random,41,329,2055,16.009732360097324,0.6245136186770428,0.7490272373540856,"[0.6147859922178989, 0.6206225680933852, 0.6381322957198443]","[0.7412451361867705, 0.7529182879377432, 0.7529182879377432]",3
active_random,42,334,2055,16.253041362530414,0.6297016861219196,0.7490272373540856,"[0.6167315175097277, 0.642023346303502, 0.6303501945525292]","[0.745136186770428, 0.754863813229572, 0.7470817120622568]",3
active_random,43,339,2055,16.496350364963504,0.6309987029831388,0.7600518806744487,"[0.6303501945525292, 0.6381322957198443, 0.6245136186770428]","[0.7587548638132295, 0.7645914396887159, 0.7568093385214008]",3
active_random,44,344,2055,16.739659367396595,0.6348897535667963,0.7587548638132295,"[0.642023346303502, 0.6381322957198443, 0.6245136186770428]","[0.754863813229572, 0.7665369649805448, 0.754863813229572]",3
active_random,45,349,2055,16.982968369829685,0.6387808041504539,0.7600518806744487,"[0.6303501945525292, 0.6439688715953308, 0.642023346303502]","[0.7529182879377432, 0.7568093385214008, 0.7704280155642024]",3
active_random,46,354,2055,17.226277372262775,0.6381322957198443,0.7587548638132295,"[0.6381322957198443, 0.6478599221789884, 0.6284046692607004]","[0.745136186770428, 0.7665369649805448, 0.7645914396887159]",3
active_random,47,359,2055,17.469586374695865,0.6297016861219196,0.7568093385214008,"[0.6303501945525292, 0.6284046692607004, 0.6303501945525292]","[0.7529182879377432, 0.7626459143968871, 0.754863813229572]",3
active_random,48,364,2055,17.712895377128955,0.6368352788586251,0.75810635538262,"[0.6361867704280155, 0.6342412451361867, 0.6400778210116731]","[0.7529182879377432, 0.7645914396887159, 0.7568093385214008]",3
active_random,49,369,2055,17.956204379562045,0.6361867704280155,0.7555123216601816,"[0.6361867704280155, 0.6303501945525292, 0.642023346303502]","[0.7470817120622568, 0.7684824902723736, 0.7509727626459144]",3
active_random,50,374,2055,18.199513381995136,0.6381322957198443,0.7704280155642023,"[0.6342412451361867, 0.6400778210116731, 0.6400778210116731]","[0.7684824902723736, 0.7782101167315175, 0.7645914396887159]",3
active_random,51,379,2055,18.442822384428222,0.6439688715953307,0.7723735408560312,"[0.6381322957198443, 0.642023346303502, 0.6517509727626459]","[0.7684824902723736, 0.7782101167315175, 0.7704280155642024]",3
active_random,52,384,2055,18.686131386861312,0.646562905317769,0.7762645914396887,"[0.642023346303502, 0.6400778210116731, 0.6575875486381323]","[0.7801556420233463, 0.7723735408560312, 0.7762645914396887]",3
active_random,53,389,2055,18.929440389294403,0.6523994811932555,0.7736705577172504,"[0.6498054474708171, 0.6478599221789884, 0.6595330739299611]","[0.77431906614786, 0.7684824902723736, 0.7782101167315175]",3
active_random,54,394,2055,19.172749391727493,0.6543450064850843,0.7762645914396887,"[0.6536964980544747, 0.6595330739299611, 0.6498054474708171]","[0.77431906614786, 0.7723735408560312, 0.7821011673151751]",3
active_random,55,399,2055,19.416058394160583,0.6556420233463035,0.7730220492866408,"[0.6614785992217899, 0.6517509727626459, 0.6536964980544747]","[0.7723735408560312, 0.77431906614786, 0.7723735408560312]",3
active_random,56,404,2055,19.659367396593673,0.6523994811932555,0.7788586251621271,"[0.6575875486381323, 0.6439688715953308, 0.6556420233463035]","[0.7821011673151751, 0.7801556420233463, 0.77431906614786]",3
active_random,57,409,2055,19.902676399026763,0.6569390402075227,0.7788586251621271,"[0.6634241245136187, 0.6556420233463035, 0.6517509727626459]","[0.77431906614786, 0.7859922178988327, 0.7762645914396887]",3
active_random,58,414,2055,20.145985401459853,0.6569390402075227,0.7782101167315175,"[0.6595330739299611, 0.6536964980544747, 0.6575875486381323]","[0.7762645914396887, 0.7801556420233463, 0.7782101167315175]",3
active_random,59,419,2055,20.389294403892944,0.6640726329442282,0.7814526588845655,"[0.6653696498054474, 0.6614785992217899, 0.6653696498054474]","[0.7782101167315175, 0.7840466926070039, 0.7821011673151751]",3
active_random,60,424,2055,20.632603406326034,0.6614785992217899,0.7775616083009079,"[0.6634241245136187, 0.6673151750972762, 0.6536964980544747]","[0.7801556420233463, 0.7782101167315175, 0.77431906614786]",3
active_random,61,429,2055,20.875912408759124,0.6614785992217899,0.7808041504539559,"[0.6575875486381323, 0.6673151750972762, 0.6595330739299611]","[0.7801556420233463, 0.7821011673151751, 0.7801556420233463]",3
active_random,62,434,2055,21.119221411192214,0.6601815823605707,0.7801556420233463,"[0.6634241245136187, 0.6634241245136187, 0.6536964980544747]","[0.77431906614786, 0.7801556420233463, 0.7859922178988327]",3
active_random,63,439,2055,21.362530413625304,0.6575875486381323,0.7795071335927367,"[0.6556420233463035, 0.6653696498054474, 0.6517509727626459]","[0.77431906614786, 0.7879377431906615, 0.7762645914396887]",3
active_random,64,444,2055,21.605839416058394,0.6731517509727626,0.7846952010376135,"[0.6789883268482491, 0.6789883268482491, 0.6614785992217899]","[0.7801556420233463, 0.7840466926070039, 0.7898832684824902]",3
active_random,65,449,2055,21.849148418491485,0.6627756160830091,0.7795071335927367,"[0.6536964980544747, 0.6634241245136187, 0.6712062256809338]","[0.7723735408560312, 0.7879377431906615, 0.7782101167315175]",3
active_random,66,454,2055,22.092457420924575,0.6627756160830091,0.7866407263294423,"[0.6595330739299611, 0.6750972762645915, 0.6536964980544747]","[0.77431906614786, 0.791828793774319, 0.7937743190661478]",3
active_random,67,459,2055,22.335766423357665,0.6699092088197146,0.7801556420233463,"[0.6731517509727627, 0.669260700389105, 0.6673151750972762]","[0.7821011673151751, 0.7782101167315175, 0.7801556420233463]",3
active_random,68,464,2055,22.579075425790755,0.6712062256809338,0.7853437094682231,"[0.6673151750972762, 0.6731517509727627, 0.6731517509727627]","[0.7801556420233463, 0.791828793774319, 0.7840466926070039]",3
active_random,69,469,2055,22.822384428223845,0.6738002594033722,0.7814526588845655,"[0.6634241245136187, 0.6848249027237354, 0.6731517509727627]","[0.7782101167315175, 0.7821011673151751, 0.7840466926070039]",3
active_random,70,474,2055,23.065693430656935,0.6731517509727626,0.7879377431906615,"[0.6653696498054474, 0.6828793774319066, 0.6712062256809338]","[0.7782101167315175, 0.7898832684824902, 0.7957198443579766]",3
active_random,71,479,2055,23.309002433090026,0.6783398184176394,0.7937743190661478,"[0.6750972762645915, 0.6809338521400778, 0.6789883268482491]","[0.7840466926070039, 0.8015564202334631, 0.7957198443579766]",3
active_random,72,484,2055,23.552311435523116,0.6854734111543449,0.7950713359273672,"[0.6809338521400778, 0.6945525291828794, 0.6809338521400778]","[0.7821011673151751, 0.8035019455252919, 0.7996108949416343]",3
active_random,73,489,2055,23.795620437956206,0.6776913099870298,0.8015564202334632,"[0.6789883268482491, 0.6789883268482491, 0.6750972762645915]","[0.7957198443579766, 0.8054474708171206, 0.8035019455252919]",3
active_random,74,494,2055,24.038929440389296,0.678988326848249,0.7937743190661478,"[0.6828793774319066, 0.6731517509727627, 0.6809338521400778]","[0.791828793774319, 0.7976653696498055, 0.791828793774319]",3
active_random,75,499,2055,24.282238442822383,0.6854734111543449,0.797016861219196,"[0.6770428015564203, 0.6984435797665369, 0.6809338521400778]","[0.7879377431906615, 0.8054474708171206, 0.7976653696498055]",3
active_random,76,504,2055,24.525547445255473,0.6809338521400777,0.7924773022049286,"[0.6809338521400778, 0.6848249027237354, 0.6770428015564203]","[0.791828793774319, 0.7957198443579766, 0.7898832684824902]",3
active_random,77,509,2055,24.768856447688563,0.6874189364461737,0.795071335927367,"[0.6828793774319066, 0.6945525291828794, 0.6848249027237354]","[0.7898832684824902, 0.8015564202334631, 0.7937743190661478]",3
active_random,78,514,2055,25.012165450121653,0.6141374837872893,0.7846952010376135,"[0.6128404669260701, 0.585603112840467, 0.6439688715953308]","[0.7937743190661478, 0.7762645914396887, 0.7840466926070039]",3
active_random,79,519,2055,25.255474452554743,0.6024643320363164,0.7821011673151751,"[0.632295719844358, 0.5758754863813229, 0.5992217898832685]","[0.7821011673151751, 0.7957198443579766, 0.7684824902723736]",3
active_random,80,524,2055,25.498783454987834,0.638780804150454,0.7944228274967574,"[0.6459143968871596, 0.6478599221789884, 0.622568093385214]","[0.7957198443579766, 0.7996108949416343, 0.7879377431906615]",3
active_random,81,529,2055,25.742092457420924,0.6556420233463035,0.8028534370946824,"[0.6517509727626459, 0.6673151750972762, 0.6478599221789884]","[0.7957198443579766, 0.8132295719844358, 0.7996108949416343]",3
active_random,82,534,2055,25.985401459854014,0.6439688715953307,0.8041504539559016,"[0.6381322957198443, 0.6361867704280155, 0.6575875486381323]","[0.8035019455252919, 0.7996108949416343, 0.8093385214007782]",3
active_random,83,539,2055,26.228710462287104,0.6588845654993515,0.8009079118028534,"[0.6614785992217899, 0.6614785992217899, 0.6536964980544747]","[0.7957198443579766, 0.811284046692607, 0.7957198443579766]",3
active_random,84,544,2055,26.472019464720194,0.6815823605706873,0.8022049286640728,"[0.6828793774319066, 0.6789883268482491, 0.6828793774319066]","[0.8015564202334631, 0.8073929961089494, 0.7976653696498055]",3
active_random,85,549,2055,26.715328467153284,0.6776913099870298,0.8047989623865112,"[0.6614785992217899, 0.6926070038910506, 0.6789883268482491]","[0.8035019455252919, 0.8015564202334631, 0.8093385214007782]",3
active_random,86,554,2055,26.958637469586375,0.6679636835278858,0.8086900129701687,"[0.6556420233463035, 0.6789883268482491, 0.669260700389105]","[0.8093385214007782, 0.8171206225680934, 0.7996108949416343]",3
active_random,87,559,2055,27.201946472019465,0.6906614785992217,0.8151750972762647,"[0.7003891050583657, 0.6770428015564203, 0.6945525291828794]","[0.8210116731517509, 0.8151750972762646, 0.8093385214007782]",3
active_random,88,564,2055,27.445255474452555,0.6796368352788585,0.8145265888456551,"[0.6712062256809338, 0.6945525291828794, 0.6731517509727627]","[0.8132295719844358, 0.8229571984435797, 0.8073929961089494]",3
active_random,89,569,2055,27.688564476885645,0.6848249027237353,0.8080415045395591,"[0.688715953307393, 0.6848249027237354, 0.6809338521400778]","[0.8093385214007782, 0.8054474708171206, 0.8093385214007782]",3
active_random,90,574,2055,27.931873479318735,0.6822308690012969,0.8086900129701687,"[0.6848249027237354, 0.6770428015564203, 0.6848249027237354]","[0.8054474708171206, 0.8073929961089494, 0.8132295719844358]",3
active_random,91,579,2055,28.175182481751825,0.6841763942931257,0.8197146562905319,"[0.6809338521400778, 0.6867704280155642, 0.6848249027237354]","[0.8190661478599222, 0.8268482490272373, 0.8132295719844358]",3
active_random,92,584,2055,28.418491484184916,0.6945525291828792,0.8132295719844359,"[0.688715953307393, 0.7003891050583657, 0.6945525291828794]","[0.8093385214007782, 0.8249027237354085, 0.8054474708171206]",3
active_random,93,589,2055,28.661800486618006,0.7023346303501946,0.8145265888456551,"[0.6945525291828794, 0.708171206225681, 0.7042801556420234]","[0.8093385214007782, 0.8287937743190662, 0.8054474708171206]",3
active_random,94,594,2055,28.905109489051096,0.6990920881971464,0.8184176394293127,"[0.7042801556420234, 0.7003891050583657, 0.6926070038910506]","[0.8151750972762646, 0.8190661478599222, 0.8210116731517509]",3
active_random,95,599,2055,29.148418491484186,0.708171206225681,0.8223086900129702,"[0.6964980544747081, 0.7023346303501945, 0.72568093385214]","[0.8249027237354085, 0.8249027237354085, 0.8171206225680934]",3
active_random,96,604,2055,29.391727493917276,0.7010376134889752,0.8203631647211415,"[0.6926070038910506, 0.708171206225681, 0.7023346303501945]","[0.8132295719844358, 0.830739299610895, 0.8171206225680934]",3
active_random,97,609,2055,29.635036496350367,0.7029831387808042,0.8236057068741894,"[0.6945525291828794, 0.7101167315175098, 0.7042801556420234]","[0.8210116731517509, 0.8365758754863813, 0.8132295719844358]",3
active_random,98,614,2055,29.878345498783457,0.7107652399481194,0.8190661478599223,"[0.7062256809338522, 0.7140077821011673, 0.7120622568093385]","[0.8229571984435797, 0.8210116731517509, 0.8132295719844358]",3
active_random,99,619,2055,30.121654501216543,0.7178988326848249,0.824254215304799,"[0.7120622568093385, 0.72568093385214, 0.7159533073929961]","[0.8229571984435797, 0.8326848249027238, 0.8171206225680934]",3
active_random,100,624,2055,30.364963503649633,0.7191958495460441,0.8255512321660182,"[0.7295719844357976, 0.7217898832684825, 0.7062256809338522]","[0.8249027237354085, 0.8249027237354085, 0.8268482490272373]",3
active_random,101,629,2055,30.608272506082724,0.7140077821011673,0.8261997405966278,"[0.708171206225681, 0.7178988326848249, 0.7159533073929961]","[0.8346303501945526, 0.8268482490272373, 0.8171206225680934]",3
active_random,102,634,2055,30.851581508515814,0.7204928664072633,0.8255512321660182,"[0.7198443579766537, 0.7120622568093385, 0.7295719844357976]","[0.8210116731517509, 0.8346303501945526, 0.8210116731517509]",3
active_random,103,639,2055,31.094890510948904,0.7321660181582361,0.827496757457847,"[0.7354085603112841, 0.7334630350194552, 0.7276264591439688]","[0.8268482490272373, 0.8326848249027238, 0.8229571984435797]",3
active_random,104,644,2055,31.338199513381994,0.7185473411154345,0.830739299610895,"[0.7217898832684825, 0.7217898832684825, 0.7120622568093385]","[0.8326848249027238, 0.8365758754863813, 0.8229571984435797]",3
active_random,105,649,2055,31.581508515815084,0.7237354085603113,0.8365758754863813,"[0.7198443579766537, 0.7334630350194552, 0.7178988326848249]","[0.8365758754863813, 0.8443579766536965, 0.8287937743190662]",3
active_random,106,654,2055,31.824817518248175,0.7263294422827498,0.8313878080415046,"[0.7237354085603113, 0.7159533073929961, 0.7392996108949417]","[0.8287937743190662, 0.8346303501945526, 0.830739299610895]",3
active_random,107,659,2055,32.06812652068127,0.7295719844357977,0.8378728923476005,"[0.7276264591439688, 0.7412451361867705, 0.7198443579766537]","[0.8404669260700389, 0.8463035019455253, 0.8268482490272373]",3
active_random,108,664,2055,32.311435523114355,0.7347600518806745,0.833981841763943,"[0.7334630350194552, 0.7373540856031129, 0.7334630350194552]","[0.8424124513618677, 0.8424124513618677, 0.8171206225680934]",3
active_random,109,669,2055,32.55474452554745,0.7263294422827496,0.8365758754863813,"[0.7237354085603113, 0.7315175097276264, 0.7237354085603113]","[0.8385214007782101, 0.8443579766536965, 0.8268482490272373]",3
active_random,110,674,2055,32.798053527980535,0.7302204928664073,0.8313878080415046,"[0.72568093385214, 0.7431906614785992, 0.7217898832684825]","[0.8249027237354085, 0.8365758754863813, 0.8326848249027238]",3
active_random,111,679,2055,33.04136253041362,0.7334630350194553,0.830739299610895,"[0.7373540856031129, 0.7315175097276264, 0.7315175097276264]","[0.8287937743190662, 0.8385214007782101, 0.8249027237354085]",3
active_random,112,684,2055,33.284671532846716,0.7405966277561609,0.8359273670557718,"[0.7373540856031129, 0.7490272373540856, 0.7354085603112841]","[0.8365758754863813, 0.8424124513618677, 0.8287937743190662]",3
active_random,113,689,2055,33.5279805352798,0.7373540856031129,0.8378728923476005,"[0.7334630350194552, 0.7431906614785992, 0.7354085603112841]","[0.8346303501945526, 0.8404669260700389, 0.8385214007782101]",3
active_random,114,694,2055,33.771289537712896,0.7341115434500649,0.8359273670557718,"[0.7315175097276264, 0.7354085603112841, 0.7354085603112841]","[0.8326848249027238, 0.8404669260700389, 0.8346303501945526]",3
active_random,115,699,2055,34.01459854014598,0.7347600518806745,0.8365758754863813,"[0.7276264591439688, 0.7392996108949417, 0.7373540856031129]","[0.8346303501945526, 0.8404669260700389, 0.8346303501945526]",3
active_random,116,704,2055,34.257907542579076,0.7412451361867705,0.8391699092088197,"[0.7334630350194552, 0.754863813229572, 0.7354085603112841]","[0.8424124513618677, 0.8424124513618677, 0.8326848249027238]",3
active_random,117,709,2055,34.50121654501216,0.74189364461738,0.8391699092088197,"[0.7470817120622568, 0.7373540856031129, 0.7412451361867705]","[0.8385214007782101, 0.8404669260700389, 0.8385214007782101]",3
active_random,118,714,2055,34.74452554744526,0.7367055771725033,0.8391699092088197,"[0.7412451361867705, 0.7392996108949417, 0.7295719844357976]","[0.8424124513618677, 0.8404669260700389, 0.8346303501945526]",3
active_random,119,719,2055,34.98783454987834,0.7315175097276265,0.8385214007782101,"[0.7354085603112841, 0.7354085603112841, 0.7237354085603113]","[0.8365758754863813, 0.8424124513618677, 0.8365758754863813]",3
active_random,120,724,2055,35.23114355231144,0.74189364461738,0.8365758754863813,"[0.7392996108949417, 0.745136186770428, 0.7412451361867705]","[0.8365758754863813, 0.8404669260700389, 0.8326848249027238]",3
active_random,121,729,2055,35.47445255474452,0.751621271076524,0.8385214007782101,"[0.7509727626459144, 0.7529182879377432, 0.7509727626459144]","[0.8385214007782101, 0.8463035019455253, 0.830739299610895]",3
active_random,122,734,2055,35.71776155717762,0.7542153047989624,0.8372243839169909,"[0.7509727626459144, 0.754863813229572, 0.7568093385214008]","[0.8365758754863813, 0.8443579766536965, 0.830739299610895]",3
active_random,123,739,2055,35.961070559610704,0.7470817120622568,0.8391699092088197,"[0.7509727626459144, 0.7373540856031129, 0.7529182879377432]","[0.8424124513618677, 0.8404669260700389, 0.8346303501945526]",3
active_random,124,744,2055,36.2043795620438,0.7496757457846952,0.8352788586251622,"[0.7490272373540856, 0.7490272373540856, 0.7509727626459144]","[0.8404669260700389, 0.830739299610895, 0.8346303501945526]",3
active_random,125,749,2055,36.447688564476884,0.7464332036316472,0.8372243839169909,"[0.745136186770428, 0.745136186770428, 0.7490272373540856]","[0.8346303501945526, 0.8404669260700389, 0.8365758754863813]",3
active_random,126,754,2055,36.69099756690998,0.7522697795071336,0.8411154345006485,"[0.7568093385214008, 0.7568093385214008, 0.7431906614785992]","[0.8365758754863813, 0.8482490272373541, 0.8385214007782101]",3
active_random,127,759,2055,36.934306569343065,0.7496757457846952,0.8385214007782101,"[0.7509727626459144, 0.7568093385214008, 0.7412451361867705]","[0.8385214007782101, 0.8404669260700389, 0.8365758754863813]",3
active_random,128,764,2055,37.17761557177616,0.7535667963683528,0.8385214007782101,"[0.7490272373540856, 0.7587548638132295, 0.7529182879377432]","[0.830739299610895, 0.8424124513618677, 0.8424124513618677]",3
active_random,129,769,2055,37.420924574209245,0.7529182879377432,0.8378728923476005,"[0.745136186770428, 0.7626459143968871, 0.7509727626459144]","[0.8385214007782101, 0.8385214007782101, 0.8365758754863813]",3
active_random,130,774,2055,37.66423357664234,0.7555123216601816,0.8391699092088197,"[0.7490272373540856, 0.7587548638132295, 0.7587548638132295]","[0.8404669260700389, 0.8404669260700389, 0.8365758754863813]",3
active_random,131,779,2055,37.907542579075425,0.7542153047989624,0.8391699092088197,"[0.7509727626459144, 0.7529182879377432, 0.7587548638132295]","[0.8463035019455253, 0.830739299610895, 0.8404669260700389]",3
active_random,132,784,2055,38.15085158150852,0.7574578469520103,0.8430609597924773,"[0.754863813229572, 0.7607003891050583, 0.7568093385214008]","[0.8404669260700389, 0.8521400778210116, 0.8365758754863813]",3
active_random,133,789,2055,38.394160583941606,0.7613488975356679,0.8411154345006485,"[0.7665369649805448, 0.7665369649805448, 0.7509727626459144]","[0.8482490272373541, 0.8404669260700389, 0.8346303501945526]",3
active_random,134,794,2055,38.6374695863747,0.7542153047989624,0.8404669260700389,"[0.754863813229572, 0.754863813229572, 0.7529182879377432]","[0.8424124513618677, 0.8424124513618677, 0.8365758754863813]",3
active_random,135,799,2055,38.880778588807786,0.7626459143968871,0.8411154345006485,"[0.754863813229572, 0.7665369649805448, 0.7665369649805448]","[0.8385214007782101, 0.8482490272373541, 0.8365758754863813]",3
active_random,136,804,2055,39.12408759124087,0.7639429312581063,0.8411154345006485,"[0.7704280155642024, 0.7645914396887159, 0.7568093385214008]","[0.8365758754863813, 0.8443579766536965, 0.8424124513618677]",3
active_random,137,809,2055,39.367396593673966,0.7639429312581063,0.8378728923476005,"[0.7684824902723736, 0.7626459143968871, 0.7607003891050583]","[0.8404669260700389, 0.8443579766536965, 0.8287937743190662]",3
active_random,138,814,2055,39.61070559610705,0.7619974059662775,0.8463035019455253,"[0.7587548638132295, 0.7626459143968871, 0.7645914396887159]","[0.8463035019455253, 0.8521400778210116, 0.8404669260700389]",3
active_random,139,819,2055,39.85401459854015,0.7652399481193255,0.8424124513618677,"[0.7665369649805448, 0.7645914396887159, 0.7645914396887159]","[0.8463035019455253, 0.8424124513618677, 0.8385214007782101]",3
active_random,140,824,2055,40.09732360097323,0.7600518806744487,0.8398184176394293,"[0.7645914396887159, 0.7587548638132295, 0.7568093385214008]","[0.8385214007782101, 0.8424124513618677, 0.8385214007782101]",3
active_random,141,829,2055,40.34063260340633,0.7587548638132295,0.8430609597924773,"[0.7645914396887159, 0.754863813229572, 0.7568093385214008]","[0.8443579766536965, 0.8463035019455253, 0.8385214007782101]",3
active_random,142,834,2055,40.583941605839414,0.7652399481193255,0.8424124513618677,"[0.7607003891050583, 0.7645914396887159, 0.7704280155642024]","[0.8424124513618677, 0.8521400778210116, 0.8326848249027238]",3
active_random,143,839,2055,40.82725060827251,0.7632944228274967,0.8398184176394293,"[0.7645914396887159, 0.7607003891050583, 0.7645914396887159]","[0.8404669260700389, 0.8463035019455253, 0.8326848249027238]",3
active_random,144,844,2055,41.070559610705594,0.7632944228274967,0.8463035019455253,"[0.7607003891050583, 0.7704280155642024, 0.7587548638132295]","[0.8443579766536965, 0.8521400778210116, 0.8424124513618677]",3
active_random,145,849,2055,41.31386861313869,0.7652399481193255,0.8501945525291829,"[0.7645914396887159, 0.7626459143968871, 0.7684824902723736]","[0.8521400778210116, 0.8560311284046692, 0.8424124513618677]",3
active_random,146,854,2055,41.557177615571774,0.7632944228274967,0.8450064850843061,"[0.754863813229572, 0.7704280155642024, 0.7645914396887159]","[0.8463035019455253, 0.8443579766536965, 0.8443579766536965]",3
active_random,147,859,2055,41.80048661800487,0.7697795071335928,0.8443579766536965,"[0.7704280155642024, 0.7684824902723736, 0.7704280155642024]","[0.8443579766536965, 0.8463035019455253, 0.8424124513618677]",3
active_random,148,864,2055,42.043795620437955,0.7658884565499351,0.8437094682230869,"[0.7587548638132295, 0.7762645914396887, 0.7626459143968871]","[0.8404669260700389, 0.8443579766536965, 0.8463035019455253]",3
active_random,149,869,2055,42.28710462287105,0.7697795071335928,0.8501945525291829,"[0.7684824902723736, 0.7684824902723736, 0.7723735408560312]","[0.8521400778210116, 0.8560311284046692, 0.8424124513618677]",3
active_random,150,874,2055,42.530413625304135,0.7652399481193255,0.8437094682230869,"[0.7665369649805448, 0.7704280155642024, 0.7587548638132295]","[0.8463035019455253, 0.8443579766536965, 0.8404669260700389]",3
active_ordered,1,128,2055,6.228710462287105,0.30350194552529186,0.41893644617380027,"[0.29571984435797666, 0.30739299610894943, 0.30739299610894943]","[0.42023346303501946, 0.41050583657587547, 0.4260700389105058]",3
active_ordered,2,133,2055,6.472019464720194,0.3125810635538262,0.43255512321660183,"[0.3035019455252918, 0.311284046692607, 0.3229571984435798]","[0.4280155642023346, 0.43190661478599224, 0.4377431906614786]",3
active_ordered,3,138,2055,6.7153284671532845,0.34500648508430604,0.45460440985732814,"[0.3346303501945525, 0.3540856031128405, 0.3463035019455253]","[0.45525291828793774, 0.45525291828793774, 0.45330739299610895]",3
active_ordered,4,143,2055,6.958637469586375,0.36121919584954604,0.4734111543450065,"[0.36186770428015563, 0.36186770428015563, 0.35992217898832685]","[0.4708171206225681, 0.4727626459143969, 0.4766536964980545]",3
active_ordered,5,148,2055,7.201946472019465,0.38002594033722437,0.4876783398184176,"[0.37937743190661477, 0.38132295719844356, 0.37937743190661477]","[0.490272373540856, 0.48443579766536965, 0.4883268482490272]",3
active_ordered,6,153,2055,7.445255474452555,0.38456549935149154,0.5369649805447471,"[0.3832684824902724, 0.3949416342412451, 0.3754863813229572]","[0.5389105058365758, 0.5291828793774319, 0.5428015564202334]",3
active_ordered,7,158,2055,7.688564476885645,0.38326848249027234,0.5447470817120622,"[0.3715953307392996, 0.3754863813229572, 0.4027237354085603]","[0.546692607003891, 0.5428015564202334, 0.5447470817120622]",3
active_ordered,8,163,2055,7.931873479318734,0.3955901426718547,0.5518806744487679,"[0.3949416342412451, 0.3968871595330739, 0.3949416342412451]","[0.5525291828793775, 0.5525291828793775, 0.5505836575875487]",3
active_ordered,9,168,2055,8.175182481751825,0.40856031128404674,0.5570687418936446,"[0.4085603112840467, 0.41245136186770426, 0.4046692607003891]","[0.5583657587548638, 0.5544747081712063, 0.5583657587548638]",3
active_ordered,10,173,2055,8.418491484184916,0.4176394293125811,0.5700389105058367,"[0.4143968871595331, 0.4182879377431907, 0.42023346303501946]","[0.5680933852140078, 0.5622568093385214, 0.5797665369649806]",3
active_ordered,11,178,2055,8.661800486618004,0.42023346303501946,0.5797665369649806,"[0.4182879377431907, 0.42217898832684825, 0.42023346303501946]","[0.5719844357976653, 0.5758754863813229, 0.5914396887159533]",3
active_ordered,12,183,2055,8.905109489051094,0.42153047989623865,0.5862516212710766,"[0.4260700389105058, 0.4182879377431907, 0.42023346303501946]","[0.5836575875486382, 0.5797665369649806, 0.5953307392996109]",3
active_ordered,13,188,2055,9.148418491484184,0.42282749675745784,0.5875486381322957,"[0.4280155642023346, 0.42023346303501946, 0.42023346303501946]","[0.5933852140077821, 0.5836575875486382, 0.585603112840467]",3
active_ordered,14,193,2055,9.391727493917275,0.44617380025940334,0.6186770428015564,"[0.45525291828793774, 0.4357976653696498, 0.4474708171206226]","[0.6147859922178989, 0.6186770428015564, 0.622568093385214]",3
active_ordered,15,198,2055,9.635036496350365,0.45395590142671854,0.6271076523994812,"[0.4591439688715953, 0.4474708171206226, 0.45525291828793774]","[0.6245136186770428, 0.6342412451361867, 0.622568093385214]",3
active_ordered,16,203,2055,9.878345498783455,0.4487678339818418,0.6284046692607004,"[0.45136186770428016, 0.4455252918287938, 0.4494163424124514]","[0.6264591439688716, 0.622568093385214, 0.6361867704280155]",3
active_ordered,17,208,2055,10.121654501216545,0.45590142671854733,0.6394293125810635,"[0.46108949416342415, 0.45525291828793774, 0.45136186770428016]","[0.632295719844358, 0.6439688715953308, 0.642023346303502]",3
active_ordered,18,213,2055,10.364963503649635,0.4591439688715953,0.6309987029831388,"[0.45525291828793774, 0.4688715953307393, 0.45330739299610895]","[0.6284046692607004, 0.6303501945525292, 0.6342412451361867]",3
active_ordered,19,218,2055,10.608272506082725,0.4636835278858625,0.6374837872892347,"[0.4591439688715953, 0.4688715953307393, 0.46303501945525294]","[0.6342412451361867, 0.6381322957198443, 0.6400778210116731]",3
active_ordered,20,223,2055,10.851581508515816,0.4630350194552529,0.6433203631647211,"[0.4669260700389105, 0.4494163424124514, 0.4727626459143969]","[0.6400778210116731, 0.6439688715953308, 0.6459143968871596]",3
active_ordered,21,228,2055,11.094890510948906,0.4610894941634241,0.6426718547341115,"[0.46108949416342415, 0.4571984435797665, 0.4649805447470817]","[0.6361867704280155, 0.6478599221789884, 0.6439688715953308]",3
active_ordered,22,233,2055,11.338199513381996,0.4773022049286641,0.6556420233463035,"[0.48249027237354086, 0.4727626459143969, 0.4766536964980545]","[0.6614785992217899, 0.6517509727626459, 0.6536964980544747]",3
active_ordered,23,238,2055,11.581508515815084,0.4740596627756161,0.6712062256809338,"[0.47470817120622566, 0.4669260700389105, 0.4805447470817121]","[0.6750972762645915, 0.6634241245136187, 0.6750972762645915]",3
active_ordered,24,243,2055,11.824817518248175,0.4889753566796369,0.666018158236057,"[0.490272373540856, 0.48443579766536965, 0.49221789883268485]","[0.669260700389105, 0.6595330739299611, 0.669260700389105]",3
active_ordered,25,248,2055,12.068126520681265,0.4974059662775616,0.6647211413748378,"[0.5019455252918288, 0.490272373540856, 0.5]","[0.6634241245136187, 0.6614785992217899, 0.669260700389105]",3
active_ordered,26,253,2055,12.311435523114355,0.49481193255512324,0.6666666666666666,"[0.5, 0.49221789883268485, 0.49221789883268485]","[0.6478599221789884, 0.6712062256809338, 0.6809338521400778]",3
active_ordered,27,258,2055,12.554744525547445,0.49546044098573283,0.6653696498054474,"[0.5, 0.5, 0.48638132295719844]","[0.6575875486381323, 0.6595330739299611, 0.6789883268482491]",3
active_ordered,28,263,2055,12.798053527980535,0.5,0.6802853437094681,"[0.5019455252918288, 0.5, 0.4980544747081712]","[0.6750972762645915, 0.6828793774319066, 0.6828793774319066]",3
active_ordered,29,268,2055,13.041362530413625,0.5155642023346303,0.6809338521400777,"[0.5175097276264592, 0.5077821011673151, 0.5214007782101168]","[0.6750972762645915, 0.6828793774319066, 0.6848249027237354]",3
active_ordered,30,273,2055,13.284671532846716,0.5175097276264591,0.6854734111543449,"[0.5136186770428015, 0.5136186770428015, 0.5252918287937743]","[0.6828793774319066, 0.688715953307393, 0.6848249027237354]",3
active_ordered,31,278,2055,13.527980535279806,0.5220492866407263,0.6945525291828792,"[0.5214007782101168, 0.5155642023346303, 0.5291828793774319]","[0.6926070038910506, 0.6906614785992218, 0.7003891050583657]",3
active_ordered,32,283,2055,13.771289537712896,0.5265888456549935,0.6835278858625161,"[0.5214007782101168, 0.5175097276264592, 0.5408560311284046]","[0.669260700389105, 0.6926070038910506, 0.688715953307393]",3
active_ordered,33,288,2055,14.014598540145986,0.5291828793774319,0.6919584954604409,"[0.5272373540856031, 0.5252918287937743, 0.5350194552529183]","[0.6848249027237354, 0.6964980544747081, 0.6945525291828794]",3
active_ordered,34,293,2055,14.257907542579076,0.5343709468223087,0.6952010376134888,"[0.5233463035019456, 0.5428015564202334, 0.5369649805447471]","[0.6926070038910506, 0.7023346303501945, 0.6906614785992218]",3
active_ordered,35,298,2055,14.501216545012165,0.5311284046692607,0.7010376134889752,"[0.5233463035019456, 0.5311284046692607, 0.5389105058365758]","[0.7023346303501945, 0.7101167315175098, 0.6906614785992218]",3
active_ordered,36,303,2055,14.744525547445255,0.5408560311284046,0.7055771725032426,"[0.546692607003891, 0.5389105058365758, 0.5369649805447471]","[0.6926070038910506, 0.7178988326848249, 0.7062256809338522]",3
active_ordered,37,308,2055,14.987834549878345,0.5460440985732814,0.711413748378729,"[0.546692607003891, 0.5583657587548638, 0.5330739299610895]","[0.7042801556420234, 0.7198443579766537, 0.7101167315175098]",3
active_ordered,38,313,2055,15.231143552311435,0.5473411154345007,0.7140077821011673,"[0.5486381322957199, 0.5408560311284046, 0.5525291828793775]","[0.7217898832684825, 0.7101167315175098, 0.7101167315175098]",3
active_ordered,39,318,2055,15.474452554744525,0.5531776913099871,0.7153047989623865,"[0.5525291828793775, 0.5486381322957199, 0.5583657587548638]","[0.708171206225681, 0.7276264591439688, 0.7101167315175098]",3
active_ordered,40,323,2055,15.717761557177615,0.5518806744487678,0.711413748378729,"[0.5603112840466926, 0.5486381322957199, 0.546692607003891]","[0.6964980544747081, 0.7178988326848249, 0.7198443579766537]",3
active_ordered,41,328,2055,15.961070559610706,0.5486381322957198,0.7153047989623865,"[0.5408560311284046, 0.546692607003891, 0.5583657587548638]","[0.7178988326848249, 0.7198443579766537, 0.708171206225681]",3
active_ordered,42,333,2055,16.204379562043794,0.5505836575875487,0.7120622568093385,"[0.5505836575875487, 0.5525291828793775, 0.5486381322957199]","[0.7062256809338522, 0.7237354085603113, 0.7062256809338522]",3
active_ordered,43,338,2055,16.447688564476884,0.5551232166018158,0.7153047989623865,"[0.5583657587548638, 0.5583657587548638, 0.5486381322957199]","[0.7178988326848249, 0.7178988326848249, 0.7101167315175098]",3
active_ordered,44,343,2055,16.690997566909974,0.5726329442282749,0.7178988326848249,"[0.5778210116731517, 0.5700389105058365, 0.5700389105058365]","[0.7140077821011673, 0.7295719844357976, 0.7101167315175098]",3
active_ordered,45,348,2055,16.934306569343065,0.5726329442282749,0.7211413748378729,"[0.5836575875486382, 0.5719844357976653, 0.5622568093385214]","[0.7120622568093385, 0.72568093385214, 0.72568093385214]",3
active_ordered,46,353,2055,17.177615571776155,0.5771725032425422,0.7250324254215306,"[0.5719844357976653, 0.5739299610894941, 0.585603112840467]","[0.7140077821011673, 0.7373540856031129, 0.7237354085603113]",3
active_ordered,47,358,2055,17.420924574209245,0.5875486381322957,0.7399481193255513,"[0.6011673151750972, 0.5778210116731517, 0.5836575875486382]","[0.7490272373540856, 0.7373540856031129, 0.7334630350194552]",3
active_ordered,48,363,2055,17.664233576642335,0.5875486381322957,0.7334630350194553,"[0.5875486381322957, 0.5894941634241245, 0.585603112840467]","[0.7373540856031129, 0.7412451361867705, 0.7217898832684825]",3
active_ordered,49,368,2055,17.907542579075425,0.5706874189364461,0.7347600518806745,"[0.5797665369649806, 0.566147859922179, 0.566147859922179]","[0.7334630350194552, 0.7373540856031129, 0.7334630350194552]",3
active_ordered,50,373,2055,18.150851581508515,0.5836575875486382,0.7341115434500649,"[0.5875486381322957, 0.5875486381322957, 0.5758754863813229]","[0.7334630350194552, 0.7373540856031129, 0.7315175097276264]",3
active_ordered,51,378,2055,18.394160583941606,0.5849546044098574,0.7444876783398184,"[0.5933852140077821, 0.5836575875486382, 0.5778210116731517]","[0.7373540856031129, 0.7509727626459144, 0.745136186770428]",3
active_ordered,52,383,2055,18.637469586374696,0.5901426718547341,0.7425421530479897,"[0.603112840466926, 0.585603112840467, 0.5817120622568094]","[0.7392996108949417, 0.745136186770428, 0.7431906614785992]",3
active_ordered,53,388,2055,18.880778588807786,0.5875486381322957,0.7470817120622568,"[0.5894941634241245, 0.5933852140077821, 0.5797665369649806]","[0.7470817120622568, 0.7509727626459144, 0.7431906614785992]",3
active_ordered,54,393,2055,19.124087591240876,0.5933852140077821,0.748378728923476,"[0.5992217898832685, 0.603112840466926, 0.5778210116731517]","[0.7529182879377432, 0.7490272373540856, 0.7431906614785992]",3
active_ordered,55,398,2055,19.367396593673966,0.5979247730220493,0.7522697795071336,"[0.6011673151750972, 0.5914396887159533, 0.6011673151750972]","[0.7529182879377432, 0.7490272373540856, 0.754863813229572]",3
active_ordered,56,403,2055,19.610705596107056,0.5966277561608301,0.7568093385214008,"[0.6050583657587548, 0.5914396887159533, 0.5933852140077821]","[0.754863813229572, 0.7568093385214008, 0.7587548638132295]",3
active_ordered,57,408,2055,19.854014598540147,0.5979247730220493,0.751621271076524,"[0.6011673151750972, 0.5914396887159533, 0.6011673151750972]","[0.745136186770428, 0.7587548638132295, 0.7509727626459144]",3
active_ordered,58,413,2055,20.097323600973237,0.6011673151750972,0.7626459143968871,"[0.6011673151750972, 0.6011673151750972, 0.6011673151750972]","[0.7645914396887159, 0.7684824902723736, 0.754863813229572]",3
active_ordered,59,418,2055,20.340632603406327,0.603112840466926,0.7626459143968871,"[0.603112840466926, 0.603112840466926, 0.603112840466926]","[0.7607003891050583, 0.7704280155642024, 0.7568093385214008]",3
active_ordered,60,423,2055,20.583941605839417,0.6070038910505837,0.7697795071335928,"[0.6108949416342413, 0.603112840466926, 0.6070038910505836]","[0.7665369649805448, 0.7723735408560312, 0.7704280155642024]",3
active_ordered,61,428,2055,20.827250608272507,0.6050583657587548,0.7736705577172504,"[0.5992217898832685, 0.6050583657587548, 0.6108949416342413]","[0.7762645914396887, 0.7723735408560312, 0.7723735408560312]",3
active_ordered,62,433,2055,21.070559610705597,0.6121919584954605,0.7749675745784695,"[0.6128404669260701, 0.6128404669260701, 0.6108949416342413]","[0.7665369649805448, 0.7859922178988327, 0.7723735408560312]",3
active_ordered,63,438,2055,21.313868613138688,0.6037613488975356,0.77431906614786,"[0.6070038910505836, 0.6070038910505836, 0.5972762645914397]","[0.77431906614786, 0.7723735408560312, 0.7762645914396887]",3
active_ordered,64,443,2055,21.557177615571778,0.6167315175097277,0.7782101167315175,"[0.6264591439688716, 0.6089494163424124, 0.6147859922178989]","[0.7782101167315175, 0.7723735408560312, 0.7840466926070039]",3
active_ordered,65,448,2055,21.800486618004864,0.6147859922178989,0.7782101167315175,"[0.6206225680933852, 0.6128404669260701, 0.6108949416342413]","[0.77431906614786, 0.7801556420233463, 0.7801556420233463]",3
active_ordered,66,453,2055,22.043795620437955,0.6167315175097277,0.7762645914396887,"[0.6147859922178989, 0.6186770428015564, 0.6167315175097277]","[0.7723735408560312, 0.7782101167315175, 0.7782101167315175]",3
active_ordered,67,458,2055,22.287104622871045,0.6102464332036317,0.7730220492866406,"[0.6206225680933852, 0.6070038910505836, 0.603112840466926]","[0.7587548638132295, 0.7762645914396887, 0.7840466926070039]",3
active_ordered,68,463,2055,22.530413625304135,0.6141374837872893,0.7840466926070039,"[0.6147859922178989, 0.6147859922178989, 0.6128404669260701]","[0.77431906614786, 0.791828793774319, 0.7859922178988327]",3
active_ordered,69,468,2055,22.773722627737225,0.6264591439688716,0.7827496757457847,"[0.622568093385214, 0.632295719844358, 0.6245136186770428]","[0.7801556420233463, 0.7879377431906615, 0.7801556420233463]",3
active_ordered,70,473,2055,23.017031630170315,0.6342412451361867,0.7846952010376135,"[0.6361867704280155, 0.6361867704280155, 0.6303501945525292]","[0.7957198443579766, 0.7821011673151751, 0.7762645914396887]",3
active_ordered,71,478,2055,23.260340632603405,0.6277561608300908,0.7846952010376135,"[0.6342412451361867, 0.6381322957198443, 0.6108949416342413]","[0.7821011673151751, 0.7957198443579766, 0.7762645914396887]",3
active_ordered,72,483,2055,23.503649635036496,0.6309987029831388,0.7808041504539559,"[0.6361867704280155, 0.632295719844358, 0.6245136186770428]","[0.7801556420233463, 0.7840466926070039, 0.7782101167315175]",3
active_ordered,73,488,2055,23.746958637469586,0.6329442282749675,0.7879377431906615,"[0.6342412451361867, 0.6303501945525292, 0.6342412451361867]","[0.7879377431906615, 0.7879377431906615, 0.7879377431906615]",3
active_ordered,74,493,2055,23.990267639902676,0.6361867704280155,0.7859922178988327,"[0.632295719844358, 0.6400778210116731, 0.6361867704280155]","[0.7821011673151751, 0.7898832684824902, 0.7859922178988327]",3
active_ordered,75,498,2055,24.233576642335766,0.642023346303502,0.7905317769130998,"[0.6478599221789884, 0.6439688715953308, 0.6342412451361867]","[0.7840466926070039, 0.791828793774319, 0.7957198443579766]",3
active_ordered,76,503,2055,24.476885644768856,0.6381322957198443,0.7846952010376135,"[0.632295719844358, 0.6439688715953308, 0.6381322957198443]","[0.7821011673151751, 0.7801556420233463, 0.791828793774319]",3
active_ordered,77,508,2055,24.720194647201946,0.6446173800259404,0.7872892347600519,"[0.6498054474708171, 0.6478599221789884, 0.6361867704280155]","[0.7879377431906615, 0.7859922178988327, 0.7879377431906615]",3
active_ordered,78,513,2055,24.963503649635037,0.606355382619974,0.7814526588845655,"[0.6147859922178989, 0.632295719844358, 0.5719844357976653]","[0.77431906614786, 0.7859922178988327, 0.7840466926070039]",3
active_ordered,79,518,2055,25.206812652068127,0.5778210116731518,0.7632944228274967,"[0.5817120622568094, 0.5408560311284046, 0.6108949416342413]","[0.754863813229572, 0.745136186770428, 0.7898832684824902]",3
active_ordered,80,523,2055,25.450121654501217,0.6024643320363166,0.77431906614786,"[0.6361867704280155, 0.5817120622568094, 0.5894941634241245]","[0.7782101167315175, 0.7704280155642024, 0.77431906614786]",3
active_ordered,81,528,2055,25.693430656934307,0.6089494163424124,0.7866407263294423,"[0.5933852140077821, 0.6050583657587548, 0.6284046692607004]","[0.7859922178988327, 0.7937743190661478, 0.7801556420233463]",3
active_ordered,82,533,2055,25.936739659367397,0.6303501945525292,0.7859922178988327,"[0.6284046692607004, 0.6439688715953308, 0.6186770428015564]","[0.7898832684824902, 0.7782101167315175, 0.7898832684824902]",3
active_ordered,83,538,2055,26.180048661800488,0.6147859922178989,0.7775616083009079,"[0.6147859922178989, 0.6070038910505836, 0.622568093385214]","[0.7684824902723736, 0.7723735408560312, 0.791828793774319]",3
active_ordered,84,543,2055,26.423357664233578,0.6433203631647212,0.8015564202334632,"[0.642023346303502, 0.6459143968871596, 0.642023346303502]","[0.8035019455252919, 0.8015564202334631, 0.7996108949416343]",3
active_ordered,85,548,2055,26.666666666666668,0.6232166018158236,0.8028534370946824,"[0.6361867704280155, 0.6303501945525292, 0.603112840466926]","[0.7976653696498055, 0.8035019455252919, 0.8073929961089494]",3
active_ordered,86,553,2055,26.909975669099758,0.6335927367055771,0.8060959792477304,"[0.6264591439688716, 0.6264591439688716, 0.6478599221789884]","[0.8054474708171206, 0.8035019455252919, 0.8093385214007782]",3
active_ordered,87,558,2055,27.153284671532848,0.6582360570687419,0.8022049286640728,"[0.6595330739299611, 0.6536964980544747, 0.6614785992217899]","[0.7957198443579766, 0.7976653696498055, 0.8132295719844358]",3
active_ordered,88,563,2055,27.39659367396594,0.6491569390402075,0.7989623865110248,"[0.6556420233463035, 0.6556420233463035, 0.6361867704280155]","[0.791828793774319, 0.8035019455252919, 0.8015564202334631]",3
active_ordered,89,568,2055,27.63990267639903,0.6517509727626459,0.8151750972762647,"[0.6478599221789884, 0.6459143968871596, 0.6614785992217899]","[0.811284046692607, 0.8093385214007782, 0.8249027237354085]",3
active_ordered,90,573,2055,27.883211678832115,0.648508430609598,0.8047989623865112,"[0.642023346303502, 0.6459143968871596, 0.6575875486381323]","[0.8035019455252919, 0.791828793774319, 0.8190661478599222]",3
active_ordered,91,578,2055,28.126520681265205,0.6588845654993515,0.8099870298313879,"[0.6536964980544747, 0.6653696498054474, 0.6575875486381323]","[0.8073929961089494, 0.8093385214007782, 0.8132295719844358]",3
active_ordered,92,583,2055,28.369829683698295,0.6666666666666666,0.8112840466926071,"[0.6673151750972762, 0.6673151750972762, 0.6653696498054474]","[0.8190661478599222, 0.811284046692607, 0.8035019455252919]",3
active_ordered,93,588,2055,28.613138686131386,0.6575875486381323,0.8073929961089495,"[0.6634241245136187, 0.6614785992217899, 0.6478599221789884]","[0.7976653696498055, 0.8093385214007782, 0.8151750972762646]",3
active_ordered,94,593,2055,28.856447688564476,0.6666666666666666,0.8151750972762647,"[0.6478599221789884, 0.6750972762645915, 0.6770428015564203]","[0.8171206225680934, 0.811284046692607, 0.8171206225680934]",3
active_ordered,95,598,2055,29.099756690997566,0.6718547341115434,0.8093385214007783,"[0.6634241245136187, 0.6731517509727627, 0.6789883268482491]","[0.8054474708171206, 0.8151750972762646, 0.8073929961089494]",3
active_ordered,96,603,2055,29.343065693430656,0.6718547341115434,0.8106355382619975,"[0.6731517509727627, 0.688715953307393, 0.6536964980544747]","[0.7996108949416343, 0.8171206225680934, 0.8151750972762646]",3
active_ordered,97,608,2055,29.586374695863746,0.6731517509727626,0.8086900129701687,"[0.6731517509727627, 0.6731517509727627, 0.6731517509727627]","[0.7996108949416343, 0.8093385214007782, 0.8171206225680934]",3
active_ordered,98,613,2055,29.829683698296837,0.6815823605706873,0.8216601815823606,"[0.669260700389105, 0.6906614785992218, 0.6848249027237354]","[0.8151750972762646, 0.8210116731517509, 0.8287937743190662]",3
active_ordered,99,618,2055,30.072992700729927,0.6854734111543449,0.8138780804150455,"[0.6926070038910506, 0.6789883268482491, 0.6848249027237354]","[0.8093385214007782, 0.8171206225680934, 0.8151750972762646]",3
active_ordered,100,623,2055,30.316301703163017,0.6861219195849545,0.8145265888456551,"[0.6809338521400778, 0.6926070038910506, 0.6848249027237354]","[0.8151750972762646, 0.8171206225680934, 0.811284046692607]",3
active_ordered,101,628,2055,30.559610705596107,0.6971465629053178,0.8119325551232167,"[0.6770428015564203, 0.708171206225681, 0.7062256809338522]","[0.8073929961089494, 0.8171206225680934, 0.811284046692607]",3
active_ordered,102,633,2055,30.802919708029197,0.69325551232166,0.8203631647211415,"[0.6926070038910506, 0.6926070038910506, 0.6945525291828794]","[0.8229571984435797, 0.8210116731517509, 0.8171206225680934]",3
active_ordered,103,638,2055,31.046228710462287,0.7003891050583656,0.8138780804150455,"[0.6984435797665369, 0.7003891050583657, 0.7023346303501945]","[0.811284046692607, 0.811284046692607, 0.8190661478599222]",3
active_ordered,104,643,2055,31.289537712895378,0.7016861219195848,0.8086900129701687,"[0.7003891050583657, 0.7062256809338522, 0.6984435797665369]","[0.8054474708171206, 0.8132295719844358, 0.8073929961089494]",3
active_ordered,105,648,2055,31.532846715328468,0.702983138780804,0.8119325551232167,"[0.7003891050583657, 0.7062256809338522, 0.7023346303501945]","[0.8132295719844358, 0.811284046692607, 0.811284046692607]",3
active_ordered,106,653,2055,31.776155717761558,0.702983138780804,0.8164721141374839,"[0.7003891050583657, 0.7101167315175098, 0.6984435797665369]","[0.8151750972762646, 0.8171206225680934, 0.8171206225680934]",3
active_ordered,107,658,2055,32.01946472019465,0.7029831387808042,0.8145265888456551,"[0.7120622568093385, 0.7101167315175098, 0.6867704280155642]","[0.8132295719844358, 0.8132295719844358, 0.8171206225680934]",3
active_ordered,108,663,2055,32.262773722627735,0.7036316472114138,0.8184176394293127,"[0.6964980544747081, 0.7101167315175098, 0.7042801556420234]","[0.8229571984435797, 0.8249027237354085, 0.8073929961089494]",3
active_ordered,109,668,2055,32.50608272506083,0.7101167315175098,0.8184176394293127,"[0.7120622568093385, 0.7062256809338522, 0.7120622568093385]","[0.8190661478599222, 0.8171206225680934, 0.8190661478599222]",3
active_ordered,110,673,2055,32.749391727493915,0.7075226977950714,0.8229571984435798,"[0.708171206225681, 0.7003891050583657, 0.7140077821011673]","[0.8229571984435797, 0.8249027237354085, 0.8210116731517509]",3
active_ordered,111,678,2055,32.99270072992701,0.706225680933852,0.8223086900129702,"[0.7159533073929961, 0.7023346303501945, 0.7003891050583657]","[0.8190661478599222, 0.8268482490272373, 0.8210116731517509]",3
active_ordered,112,683,2055,33.236009732360095,0.7120622568093385,0.8203631647211415,"[0.6964980544747081, 0.7217898832684825, 0.7178988326848249]","[0.8229571984435797, 0.8190661478599222, 0.8190661478599222]",3
active_ordered,113,688,2055,33.47931873479319,0.7036316472114138,0.8229571984435798,"[0.7003891050583657, 0.7023346303501945, 0.708171206225681]","[0.8229571984435797, 0.8268482490272373, 0.8190661478599222]",3
active_ordered,114,693,2055,33.722627737226276,0.7088197146562906,0.8203631647211415,"[0.7023346303501945, 0.7120622568093385, 0.7120622568093385]","[0.8171206225680934, 0.8210116731517509, 0.8229571984435797]",3
active_ordered,115,698,2055,33.96593673965937,0.7120622568093385,0.821011673151751,"[0.7042801556420234, 0.7101167315175098, 0.7217898832684825]","[0.8268482490272373, 0.8210116731517509, 0.8151750972762646]",3
active_ordered,116,703,2055,34.209245742092456,0.708171206225681,0.8229571984435798,"[0.7140077821011673, 0.708171206225681, 0.7023346303501945]","[0.8287937743190662, 0.8210116731517509, 0.8190661478599222]",3
active_ordered,117,708,2055,34.45255474452555,0.7140077821011673,0.8236057068741894,"[0.7178988326848249, 0.7101167315175098, 0.7140077821011673]","[0.8171206225680934, 0.830739299610895, 0.8229571984435797]",3
active_ordered,118,713,2055,34.695863746958636,0.7146562905317769,0.8236057068741894,"[0.7101167315175098, 0.7237354085603113, 0.7101167315175098]","[0.8190661478599222, 0.8249027237354085, 0.8268482490272373]",3
active_ordered,119,718,2055,34.93917274939173,0.7094682230869002,0.8249027237354086,"[0.7062256809338522, 0.7178988326848249, 0.7042801556420234]","[0.8190661478599222, 0.8268482490272373, 0.8287937743190662]",3
active_ordered,120,723,2055,35.18248175182482,0.7159533073929961,0.821011673151751,"[0.7101167315175098, 0.7198443579766537, 0.7178988326848249]","[0.8190661478599222, 0.8229571984435797, 0.8210116731517509]",3
active_ordered,121,728,2055,35.42579075425791,0.7172503242542153,0.8261997405966278,"[0.7062256809338522, 0.7159533073929961, 0.7295719844357976]","[0.8229571984435797, 0.8287937743190662, 0.8268482490272373]",3
active_ordered,122,733,2055,35.669099756691,0.711413748378729,0.8236057068741894,"[0.7042801556420234, 0.7178988326848249, 0.7120622568093385]","[0.8171206225680934, 0.8229571984435797, 0.830739299610895]",3
active_ordered,123,738,2055,35.91240875912409,0.7159533073929961,0.8249027237354086,"[0.7198443579766537, 0.7120622568093385, 0.7159533073929961]","[0.8190661478599222, 0.8287937743190662, 0.8268482490272373]",3
active_ordered,124,743,2055,36.15571776155718,0.7140077821011673,0.8236057068741894,"[0.7159533073929961, 0.7120622568093385, 0.7140077821011673]","[0.8229571984435797, 0.8249027237354085, 0.8229571984435797]",3
active_ordered,125,748,2055,36.39902676399027,0.7178988326848249,0.8255512321660182,"[0.7178988326848249, 0.7159533073929961, 0.7198443579766537]","[0.8249027237354085, 0.8287937743190662, 0.8229571984435797]",3
active_ordered,126,753,2055,36.64233576642336,0.7198443579766537,0.8229571984435798,"[0.7198443579766537, 0.7140077821011673, 0.72568093385214]","[0.8171206225680934, 0.830739299610895, 0.8210116731517509]",3
active_ordered,127,758,2055,36.885644768856444,0.72568093385214,0.830739299610895,"[0.72568093385214, 0.72568093385214, 0.72568093385214]","[0.8249027237354085, 0.8385214007782101, 0.8287937743190662]",3
active_ordered,128,763,2055,37.12895377128954,0.7250324254215305,0.827496757457847,"[0.7334630350194552, 0.7217898832684825, 0.7198443579766537]","[0.8171206225680934, 0.8346303501945526, 0.830739299610895]",3
active_ordered,129,768,2055,37.372262773722625,0.7263294422827496,0.8255512321660182,"[0.7217898832684825, 0.7315175097276264, 0.72568093385214]","[0.8229571984435797, 0.8287937743190662, 0.8249027237354085]",3
active_ordered,130,773,2055,37.61557177615572,0.7321660181582361,0.8313878080415046,"[0.7295719844357976, 0.7217898832684825, 0.745136186770428]","[0.8268482490272373, 0.8365758754863813, 0.830739299610895]",3
active_ordered,131,778,2055,37.858880778588805,0.7302204928664072,0.8300907911802854,"[0.7276264591439688, 0.7315175097276264, 0.7315175097276264]","[0.8287937743190662, 0.8287937743190662, 0.8326848249027238]",3
active_ordered,132,783,2055,38.1021897810219,0.7282749675745785,0.8294422827496758,"[0.7354085603112841, 0.7198443579766537, 0.7295719844357976]","[0.8287937743190662, 0.8326848249027238, 0.8268482490272373]",3
active_ordered,133,788,2055,38.345498783454985,0.7295719844357976,0.8300907911802854,"[0.7295719844357976, 0.72568093385214, 0.7334630350194552]","[0.8210116731517509, 0.8365758754863813, 0.8326848249027238]",3
active_ordered,134,793,2055,38.58880778588808,0.7282749675745785,0.8326848249027238,"[0.7237354085603113, 0.7373540856031129, 0.7237354085603113]","[0.8385214007782101, 0.8326848249027238, 0.8268482490272373]",3
active_ordered,135,798,2055,38.832116788321166,0.7347600518806745,0.8352788586251622,"[0.7295719844357976, 0.7354085603112841, 0.7392996108949417]","[0.830739299610895, 0.8404669260700389, 0.8346303501945526]",3
active_ordered,136,803,2055,39.07542579075426,0.7328145265888457,0.8372243839169909,"[0.7237354085603113, 0.7315175097276264, 0.7431906614785992]","[0.8346303501945526, 0.8365758754863813, 0.8404669260700389]",3
active_ordered,137,808,2055,39.318734793187346,0.7282749675745785,0.8424124513618677,"[0.7217898832684825, 0.7373540856031129, 0.72568093385214]","[0.8463035019455253, 0.8424124513618677, 0.8385214007782101]",3
active_ordered,138,813,2055,39.56204379562044,0.7341115434500649,0.8372243839169909,"[0.7354085603112841, 0.7315175097276264, 0.7354085603112841]","[0.8326848249027238, 0.8404669260700389, 0.8385214007782101]",3
active_ordered,139,818,2055,39.805352798053526,0.7399481193255513,0.8359273670557718,"[0.7373540856031129, 0.745136186770428, 0.7373540856031129]","[0.8385214007782101, 0.8385214007782101, 0.830739299610895]",3
active_ordered,140,823,2055,40.04866180048662,0.7334630350194553,0.8281452658884566,"[0.7315175097276264, 0.7354085603112841, 0.7334630350194552]","[0.8229571984435797, 0.8326848249027238, 0.8287937743190662]",3
active_ordered,141,828,2055,40.29197080291971,0.7431906614785992,0.8385214007782101,"[0.745136186770428, 0.745136186770428, 0.7392996108949417]","[0.8346303501945526, 0.8404669260700389, 0.8404669260700389]",3
active_ordered,142,833,2055,40.5352798053528,0.7380025940337225,0.8352788586251622,"[0.7412451361867705, 0.7334630350194552, 0.7392996108949417]","[0.8346303501945526, 0.8385214007782101, 0.8326848249027238]",3
active_ordered,143,838,2055,40.77858880778589,0.7341115434500649,0.8372243839169909,"[0.7354085603112841, 0.7315175097276264, 0.7354085603112841]","[0.8326848249027238, 0.8463035019455253, 0.8326848249027238]",3
active_ordered,144,843,2055,41.02189781021898,0.7412451361867705,0.8359273670557718,"[0.7392996108949417, 0.7412451361867705, 0.7431906614785992]","[0.8365758754863813, 0.8326848249027238, 0.8385214007782101]",3
active_ordered,145,848,2055,41.26520681265207,0.74189364461738,0.8430609597924773,"[0.745136186770428, 0.7431906614785992, 0.7373540856031129]","[0.8482490272373541, 0.8385214007782101, 0.8424124513618677]",3
active_ordered,146,853,2055,41.50851581508516,0.7373540856031129,0.8372243839169909,"[0.7354085603112841, 0.7373540856031129, 0.7392996108949417]","[0.8346303501945526, 0.8404669260700389, 0.8365758754863813]",3
active_ordered,147,858,2055,41.75182481751825,0.7438391699092088,0.8404669260700389,"[0.7392996108949417, 0.7490272373540856, 0.7431906614785992]","[0.8385214007782101, 0.8443579766536965, 0.8385214007782101]",3
active_ordered,148,863,2055,41.99513381995134,0.7425421530479897,0.8391699092088197,"[0.745136186770428, 0.7392996108949417, 0.7431906614785992]","[0.8365758754863813, 0.8404669260700389, 0.8404669260700389]",3
active_ordered,149,868,2055,42.23844282238443,0.74189364461738,0.8359273670557718,"[0.745136186770428, 0.745136186770428, 0.7354085603112841]","[0.8346303501945526, 0.8385214007782101, 0.8346303501945526]",3
active_ordered,150,873,2055,42.481751824817515,0.7438391699092088,0.8378728923476005,"[0.7392996108949417, 0.7392996108949417, 0.7529182879377432]","[0.8385214007782101, 0.8385214007782101, 0.8365758754863813]",3
