method,round,labels,avg_acc_top1,avg_acc_topk,acc_tuple_top1,acc_tuple_topk,top_k
passive_random,1,129,0.4383916990920882,0.5181582360570687,"[0.4494163424124514, 0.44163424124513617, 0.42412451361867703]","[0.5155642023346303, 0.5214007782101168, 0.5175097276264592]",3
passive_random,2,131,0.44163424124513617,0.5233463035019456,"[0.45525291828793774, 0.44357976653696496, 0.4260700389105058]","[0.5291828793774319, 0.5233463035019456, 0.5175097276264592]",3
passive_random,3,133,0.443579766536965,0.5272373540856031,"[0.45136186770428016, 0.4474708171206226, 0.43190661478599224]","[0.5291828793774319, 0.5233463035019456, 0.5291828793774319]",3
passive_random,4,135,0.4481193255512322,0.5324254215304799,"[0.45330739299610895, 0.4474708171206226, 0.44357976653696496]","[0.5311284046692607, 0.5330739299610895, 0.5330739299610895]",3
passive_random,5,137,0.44228274967574577,0.5317769130998703,"[0.45330739299610895, 0.4396887159533074, 0.433852140077821]","[0.5311284046692607, 0.5311284046692607, 0.5330739299610895]",3
passive_random,6,139,0.4481193255512322,0.5330739299610895,"[0.45330739299610895, 0.4474708171206226, 0.44357976653696496]","[0.5291828793774319, 0.5330739299610895, 0.5369649805447471]",3
passive_random,7,141,0.45136186770428016,0.5363164721141375,"[0.4571984435797665, 0.4494163424124514, 0.4474708171206226]","[0.5389105058365758, 0.5369649805447471, 0.5330739299610895]",3
passive_random,8,143,0.4487678339818418,0.5363164721141375,"[0.4494163424124514, 0.45136186770428016, 0.4455252918287938]","[0.5330739299610895, 0.5428015564202334, 0.5330739299610895]",3
passive_random,9,145,0.45395590142671854,0.5311284046692607,"[0.4591439688715953, 0.45330739299610895, 0.4494163424124514]","[0.5272373540856031, 0.5291828793774319, 0.5369649805447471]",3
passive_random,10,147,0.4494163424124514,0.5369649805447471,"[0.4591439688715953, 0.4474708171206226, 0.44163424124513617]","[0.5408560311284046, 0.5389105058365758, 0.5311284046692607]",3
passive_random,11,149,0.4487678339818418,0.540207522697795,"[0.4494163424124514, 0.4571984435797665, 0.4396887159533074]","[0.5428015564202334, 0.5389105058365758, 0.5389105058365758]",3
passive_random,12,151,0.4487678339818418,0.5369649805447471,"[0.45525291828793774, 0.4455252918287938, 0.4455252918287938]","[0.5389105058365758, 0.5330739299610895, 0.5389105058365758]",3
passive_random,13,153,0.45330739299610895,0.5473411154345006,"[0.46303501945525294, 0.45330739299610895, 0.44357976653696496]","[0.5447470817120622, 0.546692607003891, 0.5505836575875487]",3
passive_random,14,155,0.45201037613488976,0.5447470817120622,"[0.45330739299610895, 0.45330739299610895, 0.4494163424124514]","[0.546692607003891, 0.5447470817120622, 0.5428015564202334]",3
passive_random,15,157,0.4481193255512322,0.5492866407263294,"[0.45330739299610895, 0.4494163424124514, 0.44163424124513617]","[0.5447470817120622, 0.556420233463035, 0.546692607003891]",3
passive_random,16,159,0.44293125810635536,0.5486381322957198,"[0.44357976653696496, 0.44357976653696496, 0.44163424124513617]","[0.5525291828793775, 0.546692607003891, 0.546692607003891]",3
passive_random,17,161,0.446822308690013,0.5512321660181582,"[0.4474708171206226, 0.45330739299610895, 0.4396887159533074]","[0.5505836575875487, 0.5603112840466926, 0.5428015564202334]",3
passive_random,18,163,0.4565499351491569,0.5551232166018158,"[0.4571984435797665, 0.46303501945525294, 0.4494163424124514]","[0.5525291828793775, 0.5603112840466926, 0.5525291828793775]",3
passive_random,19,165,0.44487678339818415,0.5557717250324253,"[0.4455252918287938, 0.44357976653696496, 0.4455252918287938]","[0.566147859922179, 0.5544747081712063, 0.546692607003891]",3
passive_random,20,167,0.446822308690013,0.5531776913099871,"[0.45330739299610895, 0.45136186770428016, 0.4357976653696498]","[0.5544747081712063, 0.5505836575875487, 0.5544747081712063]",3
passive_random,21,169,0.45136186770428016,0.5544747081712061,"[0.45525291828793774, 0.45136186770428016, 0.4474708171206226]","[0.556420233463035, 0.5603112840466926, 0.546692607003891]",3
passive_random,22,171,0.44552529182879375,0.5479896238651102,"[0.45330739299610895, 0.44357976653696496, 0.4396887159533074]","[0.5544747081712063, 0.5544747081712063, 0.5350194552529183]",3
passive_random,23,173,0.4565499351491569,0.5544747081712063,"[0.4591439688715953, 0.4494163424124514, 0.46108949416342415]","[0.5525291828793775, 0.5544747081712063, 0.556420233463035]",3
passive_random,24,175,0.45460440985732814,0.5544747081712063,"[0.4649805447470817, 0.45136186770428016, 0.4474708171206226]","[0.5642023346303502, 0.5486381322957199, 0.5505836575875487]",3
passive_random,25,177,0.45525291828793774,0.5583657587548638,"[0.45525291828793774, 0.45525291828793774, 0.45525291828793774]","[0.5603112840466926, 0.5642023346303502, 0.5505836575875487]",3
passive_random,26,179,0.4584954604409857,0.562905317769131,"[0.4591439688715953, 0.45330739299610895, 0.46303501945525294]","[0.5642023346303502, 0.5700389105058365, 0.5544747081712063]",3
passive_random,27,181,0.4584954604409857,0.5570687418936446,"[0.4688715953307393, 0.45330739299610895, 0.45330739299610895]","[0.5603112840466926, 0.556420233463035, 0.5544747081712063]",3
passive_random,28,183,0.46562905317769127,0.5680933852140078,"[0.4649805447470817, 0.4649805447470817, 0.4669260700389105]","[0.5680933852140078, 0.5680933852140078, 0.5680933852140078]",3
passive_random,29,185,0.4643320363164721,0.5706874189364461,"[0.4688715953307393, 0.46303501945525294, 0.46108949416342415]","[0.5700389105058365, 0.5719844357976653, 0.5700389105058365]",3
passive_random,30,187,0.4636835278858625,0.5687418936446174,"[0.4727626459143969, 0.4591439688715953, 0.4591439688715953]","[0.5700389105058365, 0.5739299610894941, 0.5622568093385214]",3
passive_random,31,189,0.46822308690012965,0.569390402075227,"[0.4669260700389105, 0.4708171206225681, 0.4669260700389105]","[0.5719844357976653, 0.5700389105058365, 0.566147859922179]",3
passive_random,32,191,0.4721141374837872,0.5758754863813229,"[0.4766536964980545, 0.4727626459143969, 0.4669260700389105]","[0.5817120622568094, 0.5739299610894941, 0.5719844357976653]",3
passive_random,33,193,0.4779507133592737,0.5726329442282749,"[0.4766536964980545, 0.48249027237354086, 0.47470817120622566]","[0.5739299610894941, 0.5778210116731517, 0.566147859922179]",3
passive_random,34,195,0.4747081712062256,0.5791180285343709,"[0.4727626459143969, 0.4805447470817121, 0.4708171206225681]","[0.5778210116731517, 0.5894941634241245, 0.5700389105058365]",3
passive_random,35,197,0.4734111543450065,0.5745784695201037,"[0.4688715953307393, 0.4708171206225681, 0.4805447470817121]","[0.5719844357976653, 0.5836575875486382, 0.5680933852140078]",3
passive_random,36,199,0.4721141374837872,0.579118028534371,"[0.47470817120622566, 0.4669260700389105, 0.47470817120622566]","[0.5700389105058365, 0.5836575875486382, 0.5836575875486382]",3
passive_random,37,201,0.4760051880674449,0.5797665369649806,"[0.4805447470817121, 0.4669260700389105, 0.4805447470817121]","[0.5875486381322957, 0.5817120622568094, 0.5700389105058365]",3
passive_random,38,203,0.4766536964980545,0.5804150453955902,"[0.4785992217898833, 0.47470817120622566, 0.4766536964980545]","[0.5797665369649806, 0.5875486381322957, 0.5739299610894941]",3
passive_random,39,205,0.4773022049286641,0.5875486381322957,"[0.4708171206225681, 0.48249027237354086, 0.4785992217898833]","[0.5914396887159533, 0.5894941634241245, 0.5817120622568094]",3
passive_random,40,207,0.48573281452658884,0.6011673151750972,"[0.48249027237354086, 0.48638132295719844, 0.4883268482490272]","[0.5992217898832685, 0.6089494163424124, 0.5953307392996109]",3
passive_random,41,209,0.49027237354085607,0.6005188067444877,"[0.49416342412451364, 0.48443579766536965, 0.49221789883268485]","[0.6011673151750972, 0.6070038910505836, 0.5933852140077821]",3
passive_random,42,211,0.49221789883268485,0.6102464332036317,"[0.5, 0.48638132295719844, 0.490272373540856]","[0.6128404669260701, 0.6206225680933852, 0.5972762645914397]",3
passive_random,43,213,0.49416342412451364,0.6070038910505836,"[0.49221789883268485, 0.4961089494163424, 0.49416342412451364]","[0.6089494163424124, 0.6050583657587548, 0.6070038910505836]",3
passive_random,44,215,0.49027237354085607,0.6154345006485085,"[0.49416342412451364, 0.49221789883268485, 0.48443579766536965]","[0.6108949416342413, 0.622568093385214, 0.6128404669260701]",3
passive_random,45,217,0.49092088197146566,0.6154345006485085,"[0.490272373540856, 0.4883268482490272, 0.49416342412451364]","[0.6147859922178989, 0.6206225680933852, 0.6108949416342413]",3
passive_random,46,219,0.49286640726329445,0.6095979247730221,"[0.5019455252918288, 0.49416342412451364, 0.48249027237354086]","[0.6167315175097277, 0.6089494163424124, 0.603112840466926]",3
passive_random,47,221,0.4987029831387808,0.6141374837872893,"[0.490272373540856, 0.5019455252918288, 0.5038910505836576]","[0.6108949416342413, 0.6186770428015564, 0.6128404669260701]",3
passive_random,48,223,0.5012970168612192,0.6147859922178989,"[0.5, 0.5019455252918288, 0.5019455252918288]","[0.6108949416342413, 0.6206225680933852, 0.6128404669260701]",3
passive_random,49,225,0.4993514915693904,0.6128404669260701,"[0.4980544747081712, 0.5038910505836576, 0.4961089494163424]","[0.6147859922178989, 0.6128404669260701, 0.6108949416342413]",3
passive_random,50,227,0.5038910505836576,0.6160830090791181,"[0.5058365758754864, 0.5, 0.5058365758754864]","[0.6089494163424124, 0.6186770428015564, 0.6206225680933852]",3
passive_random,51,229,0.496757457846952,0.6167315175097277,"[0.5, 0.4961089494163424, 0.49416342412451364]","[0.6108949416342413, 0.6167315175097277, 0.622568093385214]",3
passive_random,52,231,0.506485084306096,0.6180285343709468,"[0.5077821011673151, 0.5038910505836576, 0.5077821011673151]","[0.6147859922178989, 0.6206225680933852, 0.6186770428015564]",3
passive_random,53,233,0.503242542153048,0.6219195849546044,"[0.5, 0.5077821011673151, 0.5019455252918288]","[0.6245136186770428, 0.6167315175097277, 0.6245136186770428]",3
passive_random,54,235,0.5012970168612192,0.6309987029831388,"[0.4980544747081712, 0.5097276264591439, 0.4961089494163424]","[0.6303501945525292, 0.632295719844358, 0.6303501945525292]",3
passive_random,55,237,0.5038910505836576,0.6212710765239948,"[0.5097276264591439, 0.5058365758754864, 0.4961089494163424]","[0.6284046692607004, 0.6147859922178989, 0.6206225680933852]",3
passive_random,56,239,0.5103761348897535,0.6245136186770428,"[0.5097276264591439, 0.5097276264591439, 0.5116731517509727]","[0.6245136186770428, 0.622568093385214, 0.6264591439688716]",3
passive_random,57,241,0.5090791180285343,0.6264591439688716,"[0.5155642023346303, 0.5038910505836576, 0.5077821011673151]","[0.622568093385214, 0.6303501945525292, 0.6264591439688716]",3
passive_random,58,243,0.5116731517509727,0.6277561608300908,"[0.5136186770428015, 0.5214007782101168, 0.5]","[0.6245136186770428, 0.6303501945525292, 0.6284046692607004]",3
passive_random,59,245,0.5123216601815823,0.6297016861219196,"[0.5175097276264592, 0.5077821011673151, 0.5116731517509727]","[0.6284046692607004, 0.6303501945525292, 0.6303501945525292]",3
passive_random,60,247,0.5194552529182879,0.6348897535667963,"[0.5155642023346303, 0.5291828793774319, 0.5136186770428015]","[0.632295719844358, 0.6400778210116731, 0.632295719844358]",3
passive_random,61,249,0.5168612191958495,0.6284046692607004,"[0.5155642023346303, 0.5291828793774319, 0.5058365758754864]","[0.6206225680933852, 0.632295719844358, 0.632295719844358]",3
passive_random,62,251,0.5168612191958495,0.6387808041504539,"[0.5175097276264592, 0.5155642023346303, 0.5175097276264592]","[0.6459143968871596, 0.632295719844358, 0.6381322957198443]",3
passive_random,63,253,0.5214007782101168,0.6355382619974059,"[0.5175097276264592, 0.5291828793774319, 0.5175097276264592]","[0.6400778210116731, 0.6342412451361867, 0.632295719844358]",3
passive_random,64,255,0.5201037613488976,0.6329442282749675,"[0.5214007782101168, 0.5175097276264592, 0.5214007782101168]","[0.6361867704280155, 0.6342412451361867, 0.6284046692607004]",3
passive_random,65,257,0.5201037613488975,0.6368352788586251,"[0.5155642023346303, 0.5116731517509727, 0.5330739299610895]","[0.6400778210116731, 0.6342412451361867, 0.6361867704280155]",3
passive_random,66,259,0.5123216601815823,0.6342412451361867,"[0.5155642023346303, 0.5077821011673151, 0.5136186770428015]","[0.6400778210116731, 0.6342412451361867, 0.6284046692607004]",3
passive_random,67,261,0.5142671854734111,0.6368352788586251,"[0.5233463035019456, 0.5116731517509727, 0.5077821011673151]","[0.6361867704280155, 0.6342412451361867, 0.6400778210116731]",3
passive_random,68,263,0.5142671854734111,0.6355382619974059,"[0.5175097276264592, 0.5136186770428015, 0.5116731517509727]","[0.6284046692607004, 0.6400778210116731, 0.6381322957198443]",3
passive_random,69,265,0.5136186770428015,0.6355382619974059,"[0.5116731517509727, 0.5136186770428015, 0.5155642023346303]","[0.6342412451361867, 0.6400778210116731, 0.632295719844358]",3
passive_random,70,267,0.5116731517509727,0.6335927367055771,"[0.5175097276264592, 0.5136186770428015, 0.5038910505836576]","[0.6361867704280155, 0.6342412451361867, 0.6303501945525292]",3
passive_random,71,269,0.5149156939040207,0.6400778210116731,"[0.5233463035019456, 0.5116731517509727, 0.5097276264591439]","[0.6439688715953308, 0.6303501945525292, 0.6459143968871596]",3
passive_random,72,271,0.5097276264591439,0.64526588845655,"[0.5116731517509727, 0.5077821011673151, 0.5097276264591439]","[0.642023346303502, 0.6536964980544747, 0.6400778210116731]",3
passive_random,73,273,0.5181582360570688,0.6420233463035019,"[0.5175097276264592, 0.519455252918288, 0.5175097276264592]","[0.6439688715953308, 0.6400778210116731, 0.642023346303502]",3
passive_random,74,275,0.5188067444876784,0.6394293125810635,"[0.5272373540856031, 0.5175097276264592, 0.5116731517509727]","[0.6381322957198443, 0.642023346303502, 0.6381322957198443]",3
passive_random,75,277,0.5239948119325551,0.6433203631647212,"[0.5252918287937743, 0.5311284046692607, 0.5155642023346303]","[0.642023346303502, 0.6439688715953308, 0.6439688715953308]",3
passive_random,76,279,0.5162127107652399,0.6400778210116731,"[0.5214007782101168, 0.5155642023346303, 0.5116731517509727]","[0.6400778210116731, 0.6400778210116731, 0.6400778210116731]",3
passive_random,77,281,0.5291828793774319,0.6459143968871596,"[0.5311284046692607, 0.5272373540856031, 0.5291828793774319]","[0.6478599221789884, 0.6498054474708171, 0.6400778210116731]",3
passive_random,78,283,0.5330739299610895,0.6472114137483788,"[0.5389105058365758, 0.5350194552529183, 0.5252918287937743]","[0.6439688715953308, 0.6459143968871596, 0.6517509727626459]",3
passive_random,79,285,0.5421530479896238,0.6543450064850843,"[0.5505836575875487, 0.5428015564202334, 0.5330739299610895]","[0.6536964980544747, 0.6536964980544747, 0.6556420233463035]",3
passive_random,80,287,0.5356679636835279,0.6472114137483788,"[0.5369649805447471, 0.5330739299610895, 0.5369649805447471]","[0.6478599221789884, 0.6439688715953308, 0.6498054474708171]",3
passive_random,81,289,0.5369649805447471,0.6536964980544747,"[0.5389105058365758, 0.5389105058365758, 0.5330739299610895]","[0.6459143968871596, 0.6595330739299611, 0.6556420233463035]",3
passive_random,82,291,0.5363164721141375,0.6478599221789884,"[0.5428015564202334, 0.5350194552529183, 0.5311284046692607]","[0.6498054474708171, 0.6517509727626459, 0.642023346303502]",3
passive_random,83,293,0.5376134889753567,0.6504539559014267,"[0.5408560311284046, 0.5350194552529183, 0.5369649805447471]","[0.6517509727626459, 0.6517509727626459, 0.6478599221789884]",3
passive_random,84,295,0.5395590142671854,0.6511024643320363,"[0.5389105058365758, 0.5389105058365758, 0.5408560311284046]","[0.6459143968871596, 0.6498054474708171, 0.6575875486381323]",3
passive_random,85,297,0.5330739299610895,0.648508430609598,"[0.5350194552529183, 0.5311284046692607, 0.5330739299610895]","[0.6517509727626459, 0.6498054474708171, 0.6439688715953308]",3
passive_random,86,299,0.5428015564202334,0.6562905317769131,"[0.5544747081712063, 0.5389105058365758, 0.5350194552529183]","[0.6556420233463035, 0.6575875486381323, 0.6556420233463035]",3
passive_random,87,301,0.5415045395590142,0.6491569390402075,"[0.546692607003891, 0.5389105058365758, 0.5389105058365758]","[0.6517509727626459, 0.6536964980544747, 0.642023346303502]",3
passive_random,88,303,0.5460440985732814,0.6562905317769131,"[0.5544747081712063, 0.546692607003891, 0.5369649805447471]","[0.6536964980544747, 0.6536964980544747, 0.6614785992217899]",3
passive_random,89,305,0.5415045395590142,0.6536964980544747,"[0.5505836575875487, 0.5369649805447471, 0.5369649805447471]","[0.6498054474708171, 0.6575875486381323, 0.6536964980544747]",3
passive_random,90,307,0.5460440985732814,0.6517509727626459,"[0.5486381322957199, 0.5505836575875487, 0.5389105058365758]","[0.6517509727626459, 0.6595330739299611, 0.6439688715953308]",3
passive_random,91,309,0.5551232166018158,0.6634241245136187,"[0.5544747081712063, 0.556420233463035, 0.5544747081712063]","[0.6634241245136187, 0.669260700389105, 0.6575875486381323]",3
passive_random,92,311,0.5531776913099871,0.666018158236057,"[0.5525291828793775, 0.546692607003891, 0.5603112840466926]","[0.6731517509727627, 0.6653696498054474, 0.6595330739299611]",3
passive_random,93,313,0.5590142671854734,0.666018158236057,"[0.5642023346303502, 0.5622568093385214, 0.5505836575875487]","[0.6653696498054474, 0.6653696498054474, 0.6673151750972762]",3
passive_random,94,315,0.5518806744487679,0.6679636835278858,"[0.5544747081712063, 0.546692607003891, 0.5544747081712063]","[0.6653696498054474, 0.6673151750972762, 0.6712062256809338]",3
passive_random,95,317,0.5590142671854734,0.6595330739299611,"[0.5603112840466926, 0.5603112840466926, 0.556420233463035]","[0.6595330739299611, 0.6536964980544747, 0.6653696498054474]",3
passive_random,96,319,0.5544747081712063,0.6640726329442282,"[0.5603112840466926, 0.5525291828793775, 0.5505836575875487]","[0.6712062256809338, 0.6653696498054474, 0.6556420233463035]",3
passive_random,97,321,0.5570687418936446,0.6614785992217899,"[0.5525291828793775, 0.5544747081712063, 0.5642023346303502]","[0.6595330739299611, 0.6614785992217899, 0.6634241245136187]",3
passive_random,98,323,0.556420233463035,0.6647211413748378,"[0.5642023346303502, 0.5525291828793775, 0.5525291828793775]","[0.6653696498054474, 0.6614785992217899, 0.6673151750972762]",3
passive_random,99,325,0.566147859922179,0.669260700389105,"[0.5680933852140078, 0.5680933852140078, 0.5622568093385214]","[0.669260700389105, 0.6653696498054474, 0.6731517509727627]",3
passive_random,100,327,0.5635538261997406,0.6653696498054474,"[0.566147859922179, 0.556420233463035, 0.5680933852140078]","[0.6673151750972762, 0.6614785992217899, 0.6673151750972762]",3
passive_random,101,329,0.562905317769131,0.6666666666666666,"[0.5680933852140078, 0.5603112840466926, 0.5603112840466926]","[0.669260700389105, 0.6653696498054474, 0.6653696498054474]",3
passive_random,102,331,0.5603112840466926,0.6705577172503242,"[0.566147859922179, 0.5525291828793775, 0.5622568093385214]","[0.6750972762645915, 0.6614785992217899, 0.6750972762645915]",3
passive_random,103,333,0.556420233463035,0.6731517509727626,"[0.5642023346303502, 0.556420233463035, 0.5486381322957199]","[0.669260700389105, 0.6770428015564203, 0.6731517509727627]",3
passive_random,104,335,0.559662775616083,0.672503242542153,"[0.5622568093385214, 0.5583657587548638, 0.5583657587548638]","[0.6712062256809338, 0.6750972762645915, 0.6712062256809338]",3
passive_random,105,337,0.5577172503242542,0.6744487678339818,"[0.5622568093385214, 0.5583657587548638, 0.5525291828793775]","[0.6731517509727627, 0.6789883268482491, 0.6712062256809338]",3
passive_random,106,339,0.5713359273670557,0.6738002594033722,"[0.5797665369649806, 0.5603112840466926, 0.5739299610894941]","[0.6731517509727627, 0.6750972762645915, 0.6731517509727627]",3
passive_random,107,341,0.5616083009079118,0.675745784695201,"[0.5719844357976653, 0.556420233463035, 0.556420233463035]","[0.6828793774319066, 0.6712062256809338, 0.6731517509727627]",3
passive_random,108,343,0.5590142671854734,0.6796368352788585,"[0.566147859922179, 0.5583657587548638, 0.5525291828793775]","[0.6809338521400778, 0.6789883268482491, 0.6789883268482491]",3
passive_random,109,345,0.5667963683527886,0.6809338521400777,"[0.5719844357976653, 0.556420233463035, 0.5719844357976653]","[0.6750972762645915, 0.6828793774319066, 0.6848249027237354]",3
passive_random,110,347,0.5713359273670557,0.6809338521400777,"[0.5758754863813229, 0.5642023346303502, 0.5739299610894941]","[0.6770428015564203, 0.6809338521400778, 0.6848249027237354]",3
passive_random,111,349,0.5642023346303502,0.6718547341115434,"[0.566147859922179, 0.5583657587548638, 0.5680933852140078]","[0.6731517509727627, 0.6789883268482491, 0.6634241245136187]",3
passive_random,112,351,0.5706874189364461,0.675745784695201,"[0.5739299610894941, 0.566147859922179, 0.5719844357976653]","[0.6731517509727627, 0.6789883268482491, 0.6750972762645915]",3
passive_random,113,353,0.5654993514915694,0.6809338521400777,"[0.5778210116731517, 0.5603112840466926, 0.5583657587548638]","[0.6828793774319066, 0.6789883268482491, 0.6809338521400778]",3
passive_random,114,355,0.5706874189364461,0.6802853437094681,"[0.5778210116731517, 0.5603112840466926, 0.5739299610894941]","[0.6770428015564203, 0.6809338521400778, 0.6828793774319066]",3
passive_random,115,357,0.5648508430609598,0.6854734111543449,"[0.5719844357976653, 0.5544747081712063, 0.5680933852140078]","[0.6828793774319066, 0.688715953307393, 0.6848249027237354]",3
passive_random,116,359,0.5674448767833982,0.6796368352788585,"[0.5739299610894941, 0.5622568093385214, 0.566147859922179]","[0.6809338521400778, 0.6867704280155642, 0.6712062256809338]",3
passive_random,117,361,0.5752269779507133,0.6880674448767833,"[0.5797665369649806, 0.5778210116731517, 0.5680933852140078]","[0.688715953307393, 0.688715953307393, 0.6867704280155642]",3
passive_random,118,363,0.5713359273670557,0.6861219195849545,"[0.5817120622568094, 0.5642023346303502, 0.5680933852140078]","[0.6828793774319066, 0.6906614785992218, 0.6848249027237354]",3
passive_random,119,365,0.579118028534371,0.6861219195849545,"[0.5817120622568094, 0.5739299610894941, 0.5817120622568094]","[0.6867704280155642, 0.6906614785992218, 0.6809338521400778]",3
passive_random,120,367,0.5765239948119325,0.6867704280155641,"[0.5817120622568094, 0.5719844357976653, 0.5758754863813229]","[0.688715953307393, 0.6867704280155642, 0.6848249027237354]",3
passive_random,121,369,0.5706874189364461,0.6887159533073929,"[0.5778210116731517, 0.5700389105058365, 0.5642023346303502]","[0.688715953307393, 0.6926070038910506, 0.6848249027237354]",3
passive_random,122,371,0.579118028534371,0.6835278858625161,"[0.585603112840467, 0.566147859922179, 0.585603112840467]","[0.6828793774319066, 0.6867704280155642, 0.6809338521400778]",3
passive_random,123,373,0.5778210116731517,0.6880674448767833,"[0.5875486381322957, 0.5700389105058365, 0.5758754863813229]","[0.6828793774319066, 0.6964980544747081, 0.6848249027237354]",3
passive_random,124,375,0.579118028534371,0.6828793774319065,"[0.585603112840467, 0.5680933852140078, 0.5836575875486382]","[0.6789883268482491, 0.6906614785992218, 0.6789883268482491]",3
passive_random,125,377,0.582360570687419,0.6874189364461737,"[0.5875486381322957, 0.5778210116731517, 0.5817120622568094]","[0.6828793774319066, 0.688715953307393, 0.6906614785992218]",3
passive_random,126,379,0.5830090791180286,0.6926070038910505,"[0.5875486381322957, 0.5797665369649806, 0.5817120622568094]","[0.688715953307393, 0.7003891050583657, 0.688715953307393]",3
passive_random,127,381,0.579118028534371,0.6893644617380025,"[0.5778210116731517, 0.5758754863813229, 0.5836575875486382]","[0.6828793774319066, 0.7003891050583657, 0.6848249027237354]",3
passive_random,128,383,0.5881971465629053,0.6919584954604409,"[0.5914396887159533, 0.5836575875486382, 0.5894941634241245]","[0.6926070038910506, 0.6945525291828794, 0.688715953307393]",3
passive_random,129,385,0.5836575875486382,0.6906614785992217,"[0.5875486381322957, 0.5758754863813229, 0.5875486381322957]","[0.6926070038910506, 0.6867704280155642, 0.6926070038910506]",3
passive_random,130,387,0.5849546044098574,0.6926070038910505,"[0.585603112840467, 0.5875486381322957, 0.5817120622568094]","[0.6848249027237354, 0.6945525291828794, 0.6984435797665369]",3
passive_random,131,389,0.5797665369649806,0.6977950713359272,"[0.5836575875486382, 0.5739299610894941, 0.5817120622568094]","[0.6964980544747081, 0.7023346303501945, 0.6945525291828794]",3
passive_random,132,391,0.5784695201037614,0.6958495460440984,"[0.5797665369649806, 0.5739299610894941, 0.5817120622568094]","[0.6945525291828794, 0.6945525291828794, 0.6984435797665369]",3
passive_random,133,393,0.5843060959792478,0.6952010376134888,"[0.5953307392996109, 0.5758754863813229, 0.5817120622568094]","[0.6926070038910506, 0.6984435797665369, 0.6945525291828794]",3
passive_random,134,395,0.5804150453955901,0.6867704280155641,"[0.5894941634241245, 0.5739299610894941, 0.5778210116731517]","[0.6867704280155642, 0.6848249027237354, 0.688715953307393]",3
passive_random,135,397,0.5888456549935149,0.7016861219195848,"[0.5933852140077821, 0.5894941634241245, 0.5836575875486382]","[0.6945525291828794, 0.708171206225681, 0.7023346303501945]",3
passive_random,136,399,0.5888456549935149,0.699740596627756,"[0.5914396887159533, 0.5778210116731517, 0.5972762645914397]","[0.7023346303501945, 0.6945525291828794, 0.7023346303501945]",3
passive_random,137,401,0.5830090791180286,0.6977950713359272,"[0.5933852140077821, 0.5758754863813229, 0.5797665369649806]","[0.6964980544747081, 0.7042801556420234, 0.6926070038910506]",3
passive_random,138,403,0.585603112840467,0.6990920881971464,"[0.585603112840467, 0.5875486381322957, 0.5836575875486382]","[0.6945525291828794, 0.7042801556420234, 0.6984435797665369]",3
passive_random,139,405,0.5817120622568094,0.69325551232166,"[0.585603112840467, 0.5817120622568094, 0.5778210116731517]","[0.6906614785992218, 0.6945525291828794, 0.6945525291828794]",3
passive_random,140,407,0.5875486381322957,0.699740596627756,"[0.5875486381322957, 0.5797665369649806, 0.5953307392996109]","[0.7023346303501945, 0.6964980544747081, 0.7003891050583657]",3
passive_random,141,409,0.5940337224383917,0.7055771725032426,"[0.5972762645914397, 0.5992217898832685, 0.585603112840467]","[0.7101167315175098, 0.7003891050583657, 0.7062256809338522]",3
passive_random,142,411,0.5894941634241245,0.6958495460440987,"[0.5933852140077821, 0.5875486381322957, 0.5875486381322957]","[0.6984435797665369, 0.6848249027237354, 0.7042801556420234]",3
passive_random,143,413,0.5920881971465629,0.6971465629053176,"[0.5894941634241245, 0.5953307392996109, 0.5914396887159533]","[0.6945525291828794, 0.7003891050583657, 0.6964980544747081]",3
passive_random,144,415,0.5972762645914397,0.7023346303501944,"[0.5992217898832685, 0.5953307392996109, 0.5972762645914397]","[0.7023346303501945, 0.7120622568093385, 0.6926070038910506]",3
passive_random,145,417,0.5901426718547341,0.6990920881971464,"[0.6011673151750972, 0.5739299610894941, 0.5953307392996109]","[0.6926070038910506, 0.7042801556420234, 0.7003891050583657]",3
passive_random,146,419,0.5869001297016861,0.7010376134889754,"[0.585603112840467, 0.585603112840467, 0.5894941634241245]","[0.6984435797665369, 0.7003891050583657, 0.7042801556420234]",3
passive_random,147,421,0.5940337224383917,0.701686121919585,"[0.5972762645914397, 0.5914396887159533, 0.5933852140077821]","[0.6906614785992218, 0.7042801556420234, 0.7101167315175098]",3
passive_random,148,423,0.5959792477302205,0.702983138780804,"[0.5972762645914397, 0.5875486381322957, 0.603112840466926]","[0.6984435797665369, 0.7120622568093385, 0.6984435797665369]",3
passive_random,149,425,0.5998702983138781,0.7068741893644618,"[0.5953307392996109, 0.5953307392996109, 0.6089494163424124]","[0.6964980544747081, 0.7159533073929961, 0.708171206225681]",3
passive_random,150,427,0.6005188067444877,0.7023346303501944,"[0.603112840466926, 0.5972762645914397, 0.6011673151750972]","[0.6984435797665369, 0.7062256809338522, 0.7023346303501945]",3
passive_random,151,429,0.6037613488975356,0.7023346303501944,"[0.6011673151750972, 0.603112840466926, 0.6070038910505836]","[0.7023346303501945, 0.7062256809338522, 0.6984435797665369]",3
passive_random,152,431,0.5998702983138781,0.7042801556420232,"[0.5953307392996109, 0.5992217898832685, 0.6050583657587548]","[0.7003891050583657, 0.7120622568093385, 0.7003891050583657]",3
passive_random,153,433,0.5966277561608301,0.7003891050583658,"[0.5953307392996109, 0.5992217898832685, 0.5953307392996109]","[0.6926070038910506, 0.7023346303501945, 0.7062256809338522]",3
passive_random,154,435,0.5972762645914397,0.7036316472114138,"[0.603112840466926, 0.5933852140077821, 0.5953307392996109]","[0.6964980544747081, 0.7101167315175098, 0.7042801556420234]",3
passive_random,155,437,0.6089494163424124,0.7107652399481194,"[0.6089494163424124, 0.6050583657587548, 0.6128404669260701]","[0.7062256809338522, 0.7159533073929961, 0.7101167315175098]",3
passive_random,156,439,0.6011673151750972,0.704928664072633,"[0.6050583657587548, 0.6089494163424124, 0.5894941634241245]","[0.7042801556420234, 0.7120622568093385, 0.6984435797665369]",3
passive_random,157,441,0.5992217898832685,0.7062256809338522,"[0.6011673151750972, 0.6050583657587548, 0.5914396887159533]","[0.7023346303501945, 0.7120622568093385, 0.7042801556420234]",3
passive_random,158,443,0.6031128404669261,0.7062256809338522,"[0.6128404669260701, 0.5953307392996109, 0.6011673151750972]","[0.708171206225681, 0.708171206225681, 0.7023346303501945]",3
passive_random,159,445,0.6095979247730221,0.7172503242542153,"[0.6206225680933852, 0.603112840466926, 0.6050583657587548]","[0.7159533073929961, 0.7198443579766537, 0.7159533073929961]",3
passive_random,160,447,0.6070038910505837,0.7127107652399481,"[0.6089494163424124, 0.6108949416342413, 0.6011673151750972]","[0.7042801556420234, 0.72568093385214, 0.708171206225681]",3
passive_random,161,449,0.603112840466926,0.7127107652399481,"[0.6070038910505836, 0.6050583657587548, 0.5972762645914397]","[0.7120622568093385, 0.7198443579766537, 0.7062256809338522]",3
passive_random,162,451,0.5953307392996109,0.7107652399481194,"[0.6011673151750972, 0.5914396887159533, 0.5933852140077821]","[0.7023346303501945, 0.7178988326848249, 0.7120622568093385]",3
passive_random,163,453,0.6102464332036316,0.711413748378729,"[0.603112840466926, 0.6089494163424124, 0.6186770428015564]","[0.7062256809338522, 0.7178988326848249, 0.7101167315175098]",3
passive_random,164,455,0.6011673151750972,0.7120622568093385,"[0.5992217898832685, 0.603112840466926, 0.6011673151750972]","[0.708171206225681, 0.7198443579766537, 0.708171206225681]",3
passive_random,165,457,0.6057068741893645,0.7198443579766537,"[0.6128404669260701, 0.603112840466926, 0.6011673151750972]","[0.7140077821011673, 0.72568093385214, 0.7198443579766537]",3
passive_random,166,459,0.6070038910505836,0.7146562905317769,"[0.603112840466926, 0.6070038910505836, 0.6108949416342413]","[0.7140077821011673, 0.7159533073929961, 0.7140077821011673]",3
passive_random,167,461,0.6089494163424125,0.7211413748378729,"[0.603112840466926, 0.6108949416342413, 0.6128404669260701]","[0.7178988326848249, 0.72568093385214, 0.7198443579766537]",3
passive_random,168,463,0.6102464332036317,0.7178988326848249,"[0.6089494163424124, 0.6108949416342413, 0.6108949416342413]","[0.7159533073929961, 0.7178988326848249, 0.7198443579766537]",3
passive_random,169,465,0.603112840466926,0.7133592736705577,"[0.6011673151750972, 0.603112840466926, 0.6050583657587548]","[0.7023346303501945, 0.7217898832684825, 0.7159533073929961]",3
passive_random,170,467,0.6115434500648509,0.7211413748378729,"[0.6108949416342413, 0.6128404669260701, 0.6108949416342413]","[0.7198443579766537, 0.7237354085603113, 0.7198443579766537]",3
passive_random,171,469,0.6134889753566797,0.7217898832684825,"[0.6147859922178989, 0.6070038910505836, 0.6186770428015564]","[0.7178988326848249, 0.7295719844357976, 0.7178988326848249]",3
passive_random,172,471,0.6018158236057068,0.7166018158236057,"[0.5972762645914397, 0.6011673151750972, 0.6070038910505836]","[0.7120622568093385, 0.72568093385214, 0.7120622568093385]",3
passive_random,173,473,0.6134889753566797,0.7237354085603113,"[0.6128404669260701, 0.6108949416342413, 0.6167315175097277]","[0.7237354085603113, 0.7178988326848249, 0.7295719844357976]",3
passive_random,174,475,0.6134889753566797,0.7191958495460441,"[0.6147859922178989, 0.6206225680933852, 0.6050583657587548]","[0.7159533073929961, 0.72568093385214, 0.7159533073929961]",3
passive_random,175,477,0.6102464332036317,0.7237354085603113,"[0.6108949416342413, 0.6108949416342413, 0.6089494163424124]","[0.7237354085603113, 0.7295719844357976, 0.7178988326848249]",3
passive_random,176,479,0.6141374837872893,0.7230869001297017,"[0.6128404669260701, 0.6089494163424124, 0.6206225680933852]","[0.7178988326848249, 0.72568093385214, 0.72568093385214]",3
passive_random,177,481,0.6076523994811933,0.727626459143969,"[0.603112840466926, 0.6147859922178989, 0.6050583657587548]","[0.7217898832684825, 0.7354085603112841, 0.72568093385214]",3
passive_random,178,483,0.6147859922178989,0.7230869001297017,"[0.6167315175097277, 0.6147859922178989, 0.6128404669260701]","[0.7198443579766537, 0.7276264591439688, 0.7217898832684825]",3
passive_random,179,485,0.6141374837872893,0.7302204928664073,"[0.6089494163424124, 0.6206225680933852, 0.6128404669260701]","[0.7217898832684825, 0.7354085603112841, 0.7334630350194552]",3
passive_random,180,487,0.6186770428015564,0.7282749675745785,"[0.622568093385214, 0.6147859922178989, 0.6186770428015564]","[0.7140077821011673, 0.7354085603112841, 0.7354085603112841]",3
passive_random,181,489,0.6167315175097277,0.7302204928664073,"[0.6167315175097277, 0.6147859922178989, 0.6186770428015564]","[0.7237354085603113, 0.7315175097276264, 0.7354085603112841]",3
passive_random,182,491,0.6167315175097277,0.7263294422827496,"[0.6186770428015564, 0.6167315175097277, 0.6147859922178989]","[0.7217898832684825, 0.7334630350194552, 0.7237354085603113]",3
passive_random,183,493,0.6212710765239948,0.7269779507133592,"[0.6108949416342413, 0.6303501945525292, 0.622568093385214]","[0.72568093385214, 0.7295719844357976, 0.72568093385214]",3
passive_random,184,495,0.6212710765239948,0.7263294422827496,"[0.6128404669260701, 0.6284046692607004, 0.622568093385214]","[0.72568093385214, 0.7276264591439688, 0.72568093385214]",3
passive_random,185,497,0.625810635538262,0.7334630350194553,"[0.6264591439688716, 0.6167315175097277, 0.6342412451361867]","[0.7295719844357976, 0.7392996108949417, 0.7315175097276264]",3
passive_random,186,499,0.6219195849546044,0.7341115434500649,"[0.6245136186770428, 0.6206225680933852, 0.6206225680933852]","[0.7198443579766537, 0.7392996108949417, 0.7431906614785992]",3
passive_random,187,501,0.625810635538262,0.7354085603112841,"[0.6284046692607004, 0.6264591439688716, 0.622568093385214]","[0.7295719844357976, 0.7431906614785992, 0.7334630350194552]",3
passive_random,188,503,0.6141374837872893,0.7360570687418937,"[0.6128404669260701, 0.6108949416342413, 0.6186770428015564]","[0.7315175097276264, 0.7412451361867705, 0.7354085603112841]",3
passive_random,189,505,0.625810635538262,0.7386511024643321,"[0.6128404669260701, 0.632295719844358, 0.632295719844358]","[0.7276264591439688, 0.7490272373540856, 0.7392996108949417]",3
passive_random,190,507,0.625810635538262,0.7315175097276265,"[0.6245136186770428, 0.6284046692607004, 0.6245136186770428]","[0.7295719844357976, 0.7373540856031129, 0.7276264591439688]",3
passive_random,191,509,0.6297016861219196,0.7308690012970168,"[0.6303501945525292, 0.6245136186770428, 0.6342412451361867]","[0.7315175097276264, 0.7334630350194552, 0.7276264591439688]",3
passive_random,192,511,0.6264591439688716,0.7360570687418937,"[0.6167315175097277, 0.6303501945525292, 0.632295719844358]","[0.7354085603112841, 0.7373540856031129, 0.7354085603112841]",3
passive_random,193,513,0.6018158236057068,0.7263294422827496,"[0.603112840466926, 0.6070038910505836, 0.5953307392996109]","[0.72568093385214, 0.7315175097276264, 0.7217898832684825]",3
passive_random,194,515,0.5693904020752271,0.7178988326848249,"[0.5311284046692607, 0.5875486381322957, 0.5894941634241245]","[0.7023346303501945, 0.7334630350194552, 0.7178988326848249]",3
passive_random,195,517,0.5804150453955902,0.7224383916990921,"[0.5680933852140078, 0.5680933852140078, 0.6050583657587548]","[0.7237354085603113, 0.7120622568093385, 0.7315175097276264]",3
passive_random,196,519,0.6018158236057068,0.7243839169909209,"[0.585603112840467, 0.5953307392996109, 0.6245136186770428]","[0.7237354085603113, 0.7295719844357976, 0.7198443579766537]",3
passive_random,197,521,0.585603112840467,0.7185473411154345,"[0.6050583657587548, 0.5953307392996109, 0.556420233463035]","[0.7217898832684825, 0.7140077821011673, 0.7198443579766537]",3
passive_random,198,523,0.6121919584954605,0.727626459143969,"[0.6147859922178989, 0.6245136186770428, 0.5972762645914397]","[0.7237354085603113, 0.7373540856031129, 0.7217898832684825]",3
passive_random,199,525,0.601815823605707,0.7302204928664073,"[0.6147859922178989, 0.6089494163424124, 0.5817120622568094]","[0.7217898832684825, 0.7315175097276264, 0.7373540856031129]",3
passive_random,200,527,0.6089494163424125,0.7347600518806745,"[0.6167315175097277, 0.603112840466926, 0.6070038910505836]","[0.7392996108949417, 0.7315175097276264, 0.7334630350194552]",3
passive_random,201,529,0.6199740596627756,0.7380025940337225,"[0.6245136186770428, 0.6089494163424124, 0.6264591439688716]","[0.7392996108949417, 0.7373540856031129, 0.7373540856031129]",3
passive_random,202,531,0.6277561608300908,0.7386511024643321,"[0.6303501945525292, 0.6381322957198443, 0.6147859922178989]","[0.7334630350194552, 0.7412451361867705, 0.7412451361867705]",3
passive_random,203,533,0.6167315175097277,0.7405966277561609,"[0.6206225680933852, 0.5972762645914397, 0.632295719844358]","[0.7315175097276264, 0.7431906614785992, 0.7470817120622568]",3
passive_random,204,535,0.6271076523994812,0.7321660181582361,"[0.6439688715953308, 0.6245136186770428, 0.6128404669260701]","[0.7373540856031129, 0.7412451361867705, 0.7178988326848249]",3
passive_random,205,537,0.622568093385214,0.7373540856031129,"[0.5933852140077821, 0.6342412451361867, 0.6400778210116731]","[0.7217898832684825, 0.7412451361867705, 0.7490272373540856]",3
passive_random,206,539,0.632295719844358,0.7392996108949417,"[0.6361867704280155, 0.6284046692607004, 0.632295719844358]","[0.7373540856031129, 0.7431906614785992, 0.7373540856031129]",3
passive_random,207,541,0.6277561608300908,0.7334630350194553,"[0.6303501945525292, 0.622568093385214, 0.6303501945525292]","[0.7276264591439688, 0.7373540856031129, 0.7354085603112841]",3
passive_random,208,543,0.6394293125810635,0.7360570687418937,"[0.6400778210116731, 0.6342412451361867, 0.6439688715953308]","[0.7392996108949417, 0.7315175097276264, 0.7373540856031129]",3
passive_random,209,545,0.6413748378728924,0.7341115434500649,"[0.642023346303502, 0.6498054474708171, 0.632295719844358]","[0.7334630350194552, 0.7392996108949417, 0.7295719844357976]",3
passive_random,210,547,0.6297016861219196,0.7373540856031129,"[0.6381322957198443, 0.6206225680933852, 0.6303501945525292]","[0.7295719844357976, 0.7392996108949417, 0.7431906614785992]",3
passive_random,211,549,0.6400778210116732,0.7360570687418937,"[0.642023346303502, 0.6439688715953308, 0.6342412451361867]","[0.7334630350194552, 0.7392996108949417, 0.7354085603112841]",3
passive_random,212,551,0.6342412451361867,0.7315175097276265,"[0.6361867704280155, 0.6342412451361867, 0.632295719844358]","[0.7276264591439688, 0.7315175097276264, 0.7354085603112841]",3
passive_random,213,553,0.6394293125810635,0.74189364461738,"[0.6439688715953308, 0.6342412451361867, 0.6400778210116731]","[0.7373540856031129, 0.745136186770428, 0.7431906614785992]",3
passive_random,214,555,0.6465629053177692,0.7386511024643321,"[0.6459143968871596, 0.642023346303502, 0.6517509727626459]","[0.7334630350194552, 0.7412451361867705, 0.7412451361867705]",3
passive_random,215,557,0.6439688715953307,0.7438391699092088,"[0.6361867704280155, 0.6439688715953308, 0.6517509727626459]","[0.7334630350194552, 0.7509727626459144, 0.7470817120622568]",3
passive_random,216,559,0.6394293125810635,0.7405966277561609,"[0.6342412451361867, 0.6381322957198443, 0.6459143968871596]","[0.7412451361867705, 0.7412451361867705, 0.7392996108949417]",3
passive_random,217,561,0.6478599221789884,0.7425421530479897,"[0.642023346303502, 0.6459143968871596, 0.6556420233463035]","[0.7431906614785992, 0.7392996108949417, 0.745136186770428]",3
passive_random,218,563,0.6459143968871596,0.7431906614785992,"[0.6459143968871596, 0.6498054474708171, 0.642023346303502]","[0.7276264591439688, 0.7490272373540856, 0.7529182879377432]",3
passive_random,219,565,0.6452658884565499,0.7490272373540856,"[0.6361867704280155, 0.6536964980544747, 0.6459143968871596]","[0.745136186770428, 0.7509727626459144, 0.7509727626459144]",3
passive_random,220,567,0.6387808041504539,0.7464332036316472,"[0.642023346303502, 0.6303501945525292, 0.6439688715953308]","[0.7509727626459144, 0.7470817120622568, 0.7412451361867705]",3
passive_random,221,569,0.6498054474708171,0.748378728923476,"[0.6517509727626459, 0.6459143968871596, 0.6517509727626459]","[0.7373540856031129, 0.7509727626459144, 0.7568093385214008]",3
passive_random,222,571,0.64526588845655,0.7386511024643321,"[0.6459143968871596, 0.6459143968871596, 0.6439688715953308]","[0.7295719844357976, 0.745136186770428, 0.7412451361867705]",3
passive_random,223,573,0.6517509727626459,0.7477302204928664,"[0.6439688715953308, 0.6673151750972762, 0.6439688715953308]","[0.7490272373540856, 0.7470817120622568, 0.7470817120622568]",3
passive_random,224,575,0.6426718547341115,0.7503242542153048,"[0.6478599221789884, 0.6303501945525292, 0.6498054474708171]","[0.7509727626459144, 0.7490272373540856, 0.7509727626459144]",3
passive_random,225,577,0.6517509727626459,0.7477302204928664,"[0.6498054474708171, 0.6478599221789884, 0.6575875486381323]","[0.7392996108949417, 0.7568093385214008, 0.7470817120622568]",3
passive_random,226,579,0.646562905317769,0.7438391699092088,"[0.632295719844358, 0.6556420233463035, 0.6517509727626459]","[0.7412451361867705, 0.7509727626459144, 0.7392996108949417]",3
passive_random,227,581,0.6504539559014267,0.7490272373540856,"[0.6478599221789884, 0.6595330739299611, 0.6439688715953308]","[0.745136186770428, 0.7529182879377432, 0.7490272373540856]",3
passive_random,228,583,0.6426718547341116,0.7477302204928664,"[0.6459143968871596, 0.642023346303502, 0.6400778210116731]","[0.7431906614785992, 0.7529182879377432, 0.7470817120622568]",3
passive_random,229,585,0.6582360570687419,0.7503242542153048,"[0.6517509727626459, 0.6712062256809338, 0.6517509727626459]","[0.745136186770428, 0.754863813229572, 0.7509727626459144]",3
passive_random,230,587,0.6549935149156939,0.7496757457846952,"[0.6439688715953308, 0.669260700389105, 0.6517509727626459]","[0.745136186770428, 0.7529182879377432, 0.7509727626459144]",3
passive_random,231,589,0.6400778210116731,0.7477302204928664,"[0.6303501945525292, 0.642023346303502, 0.6478599221789884]","[0.7470817120622568, 0.7509727626459144, 0.745136186770428]",3
passive_random,232,591,0.6517509727626459,0.7509727626459144,"[0.6478599221789884, 0.6653696498054474, 0.642023346303502]","[0.745136186770428, 0.7587548638132295, 0.7490272373540856]",3
passive_random,233,593,0.6446173800259403,0.751621271076524,"[0.6303501945525292, 0.6517509727626459, 0.6517509727626459]","[0.7470817120622568, 0.7568093385214008, 0.7509727626459144]",3
passive_random,234,595,0.6472114137483787,0.7503242542153048,"[0.6361867704280155, 0.6498054474708171, 0.6556420233463035]","[0.7490272373540856, 0.754863813229572, 0.7470817120622568]",3
passive_random,235,597,0.64526588845655,0.7470817120622568,"[0.6459143968871596, 0.642023346303502, 0.6478599221789884]","[0.745136186770428, 0.754863813229572, 0.7412451361867705]",3
passive_random,236,599,0.6446173800259403,0.7503242542153048,"[0.6556420233463035, 0.6400778210116731, 0.6381322957198443]","[0.7490272373540856, 0.7509727626459144, 0.7509727626459144]",3
passive_random,237,601,0.6511024643320363,0.7496757457846952,"[0.6498054474708171, 0.6459143968871596, 0.6575875486381323]","[0.7490272373540856, 0.7490272373540856, 0.7509727626459144]",3
passive_random,238,603,0.6446173800259404,0.7477302204928664,"[0.6536964980544747, 0.642023346303502, 0.6381322957198443]","[0.7509727626459144, 0.7470817120622568, 0.745136186770428]",3
passive_random,239,605,0.6465629053177692,0.7509727626459144,"[0.6478599221789884, 0.6595330739299611, 0.632295719844358]","[0.7509727626459144, 0.754863813229572, 0.7470817120622568]",3
passive_random,240,607,0.6575875486381323,0.7503242542153048,"[0.6536964980544747, 0.6634241245136187, 0.6556420233463035]","[0.7470817120622568, 0.7587548638132295, 0.745136186770428]",3
passive_random,241,609,0.6472114137483788,0.7470817120622568,"[0.6536964980544747, 0.6478599221789884, 0.6400778210116731]","[0.7509727626459144, 0.7470817120622568, 0.7431906614785992]",3
passive_random,242,611,0.6504539559014266,0.7496757457846952,"[0.6400778210116731, 0.6556420233463035, 0.6556420233463035]","[0.7470817120622568, 0.7509727626459144, 0.7509727626459144]",3
passive_random,243,613,0.6452658884565499,0.7509727626459144,"[0.6400778210116731, 0.6536964980544747, 0.642023346303502]","[0.7431906614785992, 0.7509727626459144, 0.7587548638132295]",3
passive_random,244,615,0.6498054474708171,0.748378728923476,"[0.6634241245136187, 0.6439688715953308, 0.642023346303502]","[0.745136186770428, 0.7529182879377432, 0.7470817120622568]",3
passive_random,245,617,0.6536964980544747,0.751621271076524,"[0.6459143968871596, 0.6575875486381323, 0.6575875486381323]","[0.7490272373540856, 0.754863813229572, 0.7509727626459144]",3
passive_random,246,619,0.6575875486381323,0.7555123216601816,"[0.6575875486381323, 0.6614785992217899, 0.6536964980544747]","[0.7587548638132295, 0.7509727626459144, 0.7568093385214008]",3
passive_random,247,621,0.6614785992217899,0.75810635538262,"[0.6614785992217899, 0.669260700389105, 0.6536964980544747]","[0.7568093385214008, 0.7645914396887159, 0.7529182879377432]",3
passive_random,248,623,0.6601815823605707,0.7503242542153048,"[0.6614785992217899, 0.6575875486381323, 0.6614785992217899]","[0.7470817120622568, 0.7490272373540856, 0.754863813229572]",3
passive_random,249,625,0.6556420233463035,0.7522697795071336,"[0.6614785992217899, 0.6498054474708171, 0.6556420233463035]","[0.7490272373540856, 0.7509727626459144, 0.7568093385214008]",3
passive_random,250,627,0.6614785992217899,0.754863813229572,"[0.6614785992217899, 0.6614785992217899, 0.6614785992217899]","[0.7529182879377432, 0.7645914396887159, 0.7470817120622568]",3
passive_random,251,629,0.6511024643320363,0.7561608300907912,"[0.6478599221789884, 0.6478599221789884, 0.6575875486381323]","[0.7568093385214008, 0.754863813229572, 0.7568093385214008]",3
passive_random,252,631,0.6634241245136187,0.7587548638132295,"[0.6614785992217899, 0.6653696498054474, 0.6634241245136187]","[0.7607003891050583, 0.7607003891050583, 0.754863813229572]",3
passive_random,253,633,0.6608300907911803,0.7626459143968871,"[0.6536964980544747, 0.6634241245136187, 0.6653696498054474]","[0.7607003891050583, 0.7684824902723736, 0.7587548638132295]",3
passive_random,254,635,0.6679636835278858,0.7600518806744487,"[0.6712062256809338, 0.6634241245136187, 0.669260700389105]","[0.7568093385214008, 0.7607003891050583, 0.7626459143968871]",3
passive_random,255,637,0.6653696498054474,0.7639429312581063,"[0.6575875486381323, 0.6634241245136187, 0.6750972762645915]","[0.7665369649805448, 0.7684824902723736, 0.7568093385214008]",3
passive_random,256,639,0.6588845654993515,0.7645914396887159,"[0.6595330739299611, 0.6556420233463035, 0.6614785992217899]","[0.7587548638132295, 0.7762645914396887, 0.7587548638132295]",3
passive_random,257,641,0.6634241245136187,0.7639429312581063,"[0.6478599221789884, 0.6731517509727627, 0.669260700389105]","[0.7626459143968871, 0.7626459143968871, 0.7665369649805448]",3
passive_random,258,643,0.6627756160830091,0.7632944228274967,"[0.6595330739299611, 0.669260700389105, 0.6595330739299611]","[0.7665369649805448, 0.7626459143968871, 0.7607003891050583]",3
passive_random,259,645,0.6673151750972762,0.7632944228274967,"[0.669260700389105, 0.6712062256809338, 0.6614785992217899]","[0.7645914396887159, 0.7645914396887159, 0.7607003891050583]",3
passive_random,260,647,0.669260700389105,0.7639429312581063,"[0.6653696498054474, 0.6770428015564203, 0.6653696498054474]","[0.7587548638132295, 0.7665369649805448, 0.7665369649805448]",3
passive_random,261,649,0.6712062256809338,0.7619974059662775,"[0.6673151750972762, 0.6809338521400778, 0.6653696498054474]","[0.7607003891050583, 0.7626459143968871, 0.7626459143968871]",3
passive_random,262,651,0.669260700389105,0.7607003891050583,"[0.6809338521400778, 0.6536964980544747, 0.6731517509727627]","[0.7626459143968871, 0.7607003891050583, 0.7587548638132295]",3
passive_random,263,653,0.6679636835278858,0.7632944228274967,"[0.6750972762645915, 0.6712062256809338, 0.6575875486381323]","[0.7626459143968871, 0.7665369649805448, 0.7607003891050583]",3
passive_random,264,655,0.672503242542153,0.7607003891050583,"[0.6653696498054474, 0.6731517509727627, 0.6789883268482491]","[0.7587548638132295, 0.7645914396887159, 0.7587548638132295]",3
passive_random,265,657,0.6705577172503242,0.7613488975356679,"[0.6595330739299611, 0.6770428015564203, 0.6750972762645915]","[0.7645914396887159, 0.7684824902723736, 0.7509727626459144]",3
passive_random,266,659,0.675745784695201,0.7639429312581063,"[0.6789883268482491, 0.6750972762645915, 0.6731517509727627]","[0.7665369649805448, 0.7665369649805448, 0.7587548638132295]",3
passive_random,267,661,0.6750972762645914,0.767833981841764,"[0.6809338521400778, 0.6653696498054474, 0.6789883268482491]","[0.7665369649805448, 0.7704280155642024, 0.7665369649805448]",3
passive_random,268,663,0.6783398184176394,0.7639429312581063,"[0.6789883268482491, 0.6828793774319066, 0.6731517509727627]","[0.7607003891050583, 0.7665369649805448, 0.7645914396887159]",3
passive_random,269,665,0.6763942931258106,0.772373540856031,"[0.669260700389105, 0.6828793774319066, 0.6770428015564203]","[0.77431906614786, 0.7801556420233463, 0.7626459143968871]",3
passive_random,270,667,0.6770428015564202,0.7697795071335928,"[0.6712062256809338, 0.6731517509727627, 0.6867704280155642]","[0.7704280155642024, 0.7684824902723736, 0.7704280155642024]",3
passive_random,271,669,0.6744487678339818,0.7652399481193255,"[0.6731517509727627, 0.6712062256809338, 0.6789883268482491]","[0.7645914396887159, 0.7665369649805448, 0.7645914396887159]",3
passive_random,272,671,0.6770428015564202,0.7736705577172504,"[0.6770428015564203, 0.6731517509727627, 0.6809338521400778]","[0.7704280155642024, 0.77431906614786, 0.7762645914396887]",3
passive_random,273,673,0.6783398184176394,0.7684824902723735,"[0.6770428015564203, 0.6809338521400778, 0.6770428015564203]","[0.7665369649805448, 0.77431906614786, 0.7645914396887159]",3
passive_random,274,675,0.6783398184176394,0.7652399481193255,"[0.6731517509727627, 0.6770428015564203, 0.6848249027237354]","[0.7607003891050583, 0.7704280155642024, 0.7645914396887159]",3
passive_random,275,677,0.6731517509727626,0.7665369649805447,"[0.6712062256809338, 0.6712062256809338, 0.6770428015564203]","[0.7645914396887159, 0.7704280155642024, 0.7645914396887159]",3
passive_random,276,679,0.6802853437094681,0.7717250324254216,"[0.6809338521400778, 0.6731517509727627, 0.6867704280155642]","[0.7704280155642024, 0.7762645914396887, 0.7684824902723736]",3
passive_random,277,681,0.6802853437094681,0.7697795071335928,"[0.669260700389105, 0.6867704280155642, 0.6848249027237354]","[0.7684824902723736, 0.7665369649805448, 0.77431906614786]",3
passive_random,278,683,0.6776913099870298,0.7645914396887159,"[0.6750972762645915, 0.6731517509727627, 0.6848249027237354]","[0.7665369649805448, 0.7665369649805448, 0.7607003891050583]",3
passive_random,279,685,0.6763942931258106,0.7678339818417639,"[0.6712062256809338, 0.6770428015564203, 0.6809338521400778]","[0.7704280155642024, 0.7626459143968871, 0.7704280155642024]",3
passive_random,280,687,0.675745784695201,0.7671854734111543,"[0.669260700389105, 0.6770428015564203, 0.6809338521400778]","[0.7626459143968871, 0.7723735408560312, 0.7665369649805448]",3
passive_random,281,689,0.6763942931258106,0.7658884565499351,"[0.6712062256809338, 0.6750972762645915, 0.6828793774319066]","[0.7626459143968871, 0.77431906614786, 0.7607003891050583]",3
passive_random,282,691,0.6796368352788585,0.7691309987029831,"[0.6809338521400778, 0.6848249027237354, 0.6731517509727627]","[0.7684824902723736, 0.77431906614786, 0.7645914396887159]",3
passive_random,283,693,0.6835278858625161,0.7697795071335927,"[0.6848249027237354, 0.6828793774319066, 0.6828793774319066]","[0.7626459143968871, 0.7723735408560312, 0.77431906614786]",3
passive_random,284,695,0.6763942931258106,0.7710765239948119,"[0.6750972762645915, 0.6712062256809338, 0.6828793774319066]","[0.7684824902723736, 0.7801556420233463, 0.7645914396887159]",3
passive_random,285,697,0.6776913099870298,0.7697795071335928,"[0.6770428015564203, 0.6867704280155642, 0.669260700389105]","[0.7684824902723736, 0.77431906614786, 0.7665369649805448]",3
passive_random,286,699,0.6828793774319065,0.7704280155642024,"[0.6789883268482491, 0.6828793774319066, 0.6867704280155642]","[0.7704280155642024, 0.7704280155642024, 0.7704280155642024]",3
passive_random,287,701,0.6835278858625161,0.7665369649805447,"[0.6848249027237354, 0.6848249027237354, 0.6809338521400778]","[0.7665369649805448, 0.7684824902723736, 0.7645914396887159]",3
passive_random,288,703,0.6841763942931257,0.77431906614786,"[0.6828793774319066, 0.6867704280155642, 0.6828793774319066]","[0.7704280155642024, 0.7821011673151751, 0.7704280155642024]",3
passive_random,289,705,0.6783398184176394,0.7723735408560312,"[0.669260700389105, 0.6809338521400778, 0.6848249027237354]","[0.7723735408560312, 0.7723735408560312, 0.7723735408560312]",3
passive_random,290,707,0.678988326848249,0.7691309987029831,"[0.6828793774319066, 0.6789883268482491, 0.6750972762645915]","[0.77431906614786, 0.7645914396887159, 0.7684824902723736]",3
passive_random,291,709,0.6874189364461737,0.7665369649805447,"[0.688715953307393, 0.6867704280155642, 0.6867704280155642]","[0.7665369649805448, 0.7704280155642024, 0.7626459143968871]",3
passive_random,292,711,0.6776913099870298,0.7756160830090791,"[0.6731517509727627, 0.6789883268482491, 0.6809338521400778]","[0.77431906614786, 0.7801556420233463, 0.7723735408560312]",3
passive_random,293,713,0.6809338521400777,0.7691309987029831,"[0.6828793774319066, 0.6789883268482491, 0.6809338521400778]","[0.7704280155642024, 0.7723735408560312, 0.7645914396887159]",3
passive_random,294,715,0.6841763942931257,0.7658884565499351,"[0.6848249027237354, 0.6848249027237354, 0.6828793774319066]","[0.7665369649805448, 0.7645914396887159, 0.7665369649805448]",3
passive_random,295,717,0.6802853437094681,0.7691309987029831,"[0.6770428015564203, 0.6731517509727627, 0.6906614785992218]","[0.7704280155642024, 0.7723735408560312, 0.7645914396887159]",3
passive_random,296,719,0.6828793774319065,0.7658884565499351,"[0.6789883268482491, 0.6848249027237354, 0.6848249027237354]","[0.7607003891050583, 0.77431906614786, 0.7626459143968871]",3
passive_random,297,721,0.6776913099870298,0.7684824902723735,"[0.6789883268482491, 0.6750972762645915, 0.6789883268482491]","[0.7645914396887159, 0.7782101167315175, 0.7626459143968871]",3
passive_random,298,723,0.6783398184176394,0.7717250324254216,"[0.6770428015564203, 0.6789883268482491, 0.6789883268482491]","[0.7684824902723736, 0.7762645914396887, 0.7704280155642024]",3
passive_random,299,725,0.6796368352788585,0.771076523994812,"[0.6828793774319066, 0.6770428015564203, 0.6789883268482491]","[0.7723735408560312, 0.7704280155642024, 0.7704280155642024]",3
passive_random,300,727,0.6893644617380025,0.7704280155642024,"[0.6945525291828794, 0.688715953307393, 0.6848249027237354]","[0.77431906614786, 0.7665369649805448, 0.7704280155642024]",3
passive_random,301,729,0.6770428015564202,0.7658884565499351,"[0.6750972762645915, 0.6750972762645915, 0.6809338521400778]","[0.7645914396887159, 0.7665369649805448, 0.7665369649805448]",3
passive_random,302,731,0.6744487678339818,0.7665369649805447,"[0.6848249027237354, 0.6653696498054474, 0.6731517509727627]","[0.7723735408560312, 0.7684824902723736, 0.7587548638132295]",3
passive_random,303,733,0.6854734111543449,0.7704280155642024,"[0.6906614785992218, 0.6848249027237354, 0.6809338521400778]","[0.7704280155642024, 0.77431906614786, 0.7665369649805448]",3
passive_random,304,735,0.6809338521400777,0.77431906614786,"[0.6809338521400778, 0.6770428015564203, 0.6848249027237354]","[0.7723735408560312, 0.77431906614786, 0.7762645914396887]",3
passive_random,305,737,0.6822308690012969,0.771076523994812,"[0.6809338521400778, 0.6809338521400778, 0.6848249027237354]","[0.7723735408560312, 0.7704280155642024, 0.7704280155642024]",3
passive_random,306,739,0.6835278858625161,0.771076523994812,"[0.6848249027237354, 0.6867704280155642, 0.6789883268482491]","[0.7704280155642024, 0.7762645914396887, 0.7665369649805448]",3
passive_random,307,741,0.6841763942931257,0.7749675745784695,"[0.6867704280155642, 0.6848249027237354, 0.6809338521400778]","[0.77431906614786, 0.7782101167315175, 0.7723735408560312]",3
passive_random,308,743,0.6802853437094681,0.7704280155642023,"[0.6770428015564203, 0.6809338521400778, 0.6828793774319066]","[0.7723735408560312, 0.77431906614786, 0.7645914396887159]",3
passive_random,309,745,0.6822308690012969,0.771076523994812,"[0.6809338521400778, 0.6848249027237354, 0.6809338521400778]","[0.7704280155642024, 0.77431906614786, 0.7684824902723736]",3
passive_random,310,747,0.678988326848249,0.7730220492866408,"[0.6750972762645915, 0.6809338521400778, 0.6809338521400778]","[0.7704280155642024, 0.7801556420233463, 0.7684824902723736]",3
passive_random,311,749,0.678988326848249,0.7704280155642023,"[0.6770428015564203, 0.6770428015564203, 0.6828793774319066]","[0.7723735408560312, 0.7762645914396887, 0.7626459143968871]",3
passive_random,312,751,0.6822308690012969,0.7756160830090791,"[0.688715953307393, 0.6789883268482491, 0.6789883268482491]","[0.7821011673151751, 0.7782101167315175, 0.7665369649805448]",3
passive_random,313,753,0.6867704280155641,0.7730220492866408,"[0.6848249027237354, 0.6926070038910506, 0.6828793774319066]","[0.7704280155642024, 0.7762645914396887, 0.7723735408560312]",3
passive_random,314,755,0.6828793774319065,0.7782101167315175,"[0.6750972762645915, 0.6906614785992218, 0.6828793774319066]","[0.77431906614786, 0.7821011673151751, 0.7782101167315175]",3
passive_random,315,757,0.6841763942931257,0.7795071335927367,"[0.6848249027237354, 0.6828793774319066, 0.6848249027237354]","[0.7762645914396887, 0.7801556420233463, 0.7821011673151751]",3
passive_random,316,759,0.6848249027237353,0.7782101167315175,"[0.6789883268482491, 0.688715953307393, 0.6867704280155642]","[0.7762645914396887, 0.7821011673151751, 0.7762645914396887]",3
passive_random,317,761,0.6874189364461737,0.7762645914396887,"[0.6906614785992218, 0.6828793774319066, 0.688715953307393]","[0.7723735408560312, 0.7821011673151751, 0.77431906614786]",3
passive_random,318,763,0.6874189364461737,0.7756160830090791,"[0.6867704280155642, 0.6867704280155642, 0.688715953307393]","[0.77431906614786, 0.7782101167315175, 0.77431906614786]",3
passive_random,319,765,0.6835278858625161,0.7788586251621271,"[0.6867704280155642, 0.6848249027237354, 0.6789883268482491]","[0.7762645914396887, 0.7821011673151751, 0.7782101167315175]",3
passive_random,320,767,0.6835278858625161,0.7756160830090791,"[0.6867704280155642, 0.6828793774319066, 0.6809338521400778]","[0.7723735408560312, 0.7801556420233463, 0.77431906614786]",3
passive_random,321,769,0.6867704280155641,0.7782101167315175,"[0.6906614785992218, 0.6848249027237354, 0.6848249027237354]","[0.7723735408560312, 0.7859922178988327, 0.7762645914396887]",3
passive_random,322,771,0.6822308690012969,0.7775616083009079,"[0.6828793774319066, 0.6789883268482491, 0.6848249027237354]","[0.7782101167315175, 0.7840466926070039, 0.7704280155642024]",3
passive_random,323,773,0.6776913099870298,0.7749675745784695,"[0.6750972762645915, 0.6809338521400778, 0.6770428015564203]","[0.7762645914396887, 0.77431906614786, 0.77431906614786]",3
passive_random,324,775,0.6809338521400777,0.7788586251621271,"[0.6750972762645915, 0.6828793774319066, 0.6848249027237354]","[0.7782101167315175, 0.7821011673151751, 0.7762645914396887]",3
passive_random,325,777,0.6841763942931257,0.7782101167315175,"[0.6828793774319066, 0.6828793774319066, 0.6867704280155642]","[0.7782101167315175, 0.7782101167315175, 0.7782101167315175]",3
passive_random,326,779,0.6848249027237353,0.7788586251621271,"[0.6906614785992218, 0.6828793774319066, 0.6809338521400778]","[0.7821011673151751, 0.77431906614786, 0.7801556420233463]",3
passive_random,327,781,0.6841763942931257,0.7821011673151751,"[0.6867704280155642, 0.6789883268482491, 0.6867704280155642]","[0.7782101167315175, 0.7821011673151751, 0.7859922178988327]",3
passive_random,328,783,0.6867704280155641,0.7801556420233463,"[0.6789883268482491, 0.6926070038910506, 0.688715953307393]","[0.7821011673151751, 0.7840466926070039, 0.77431906614786]",3
passive_random,329,785,0.6926070038910505,0.7795071335927367,"[0.6906614785992218, 0.6926070038910506, 0.6945525291828794]","[0.7782101167315175, 0.7859922178988327, 0.77431906614786]",3
passive_random,330,787,0.6861219195849545,0.7795071335927367,"[0.6848249027237354, 0.6867704280155642, 0.6867704280155642]","[0.7821011673151751, 0.7782101167315175, 0.7782101167315175]",3
passive_random,331,789,0.6874189364461737,0.7756160830090791,"[0.6926070038910506, 0.6828793774319066, 0.6867704280155642]","[0.7801556420233463, 0.7782101167315175, 0.7684824902723736]",3
passive_random,332,791,0.6828793774319065,0.7801556420233463,"[0.688715953307393, 0.6770428015564203, 0.6828793774319066]","[0.7762645914396887, 0.7821011673151751, 0.7821011673151751]",3
passive_random,333,793,0.6913099870298313,0.7801556420233463,"[0.7003891050583657, 0.6848249027237354, 0.688715953307393]","[0.7821011673151751, 0.7821011673151751, 0.7762645914396887]",3
passive_random,334,795,0.6848249027237353,0.7801556420233463,"[0.688715953307393, 0.688715953307393, 0.6770428015564203]","[0.7821011673151751, 0.7762645914396887, 0.7821011673151751]",3
passive_random,335,797,0.6906614785992217,0.7808041504539559,"[0.6926070038910506, 0.688715953307393, 0.6906614785992218]","[0.7801556420233463, 0.7782101167315175, 0.7840466926070039]",3
passive_random,336,799,0.6926070038910505,0.7808041504539559,"[0.6964980544747081, 0.6926070038910506, 0.688715953307393]","[0.7782101167315175, 0.7801556420233463, 0.7840466926070039]",3
passive_random,337,801,0.6835278858625161,0.7801556420233463,"[0.6809338521400778, 0.6906614785992218, 0.6789883268482491]","[0.7723735408560312, 0.7898832684824902, 0.7782101167315175]",3
passive_random,338,803,0.6919584954604409,0.7782101167315175,"[0.6926070038910506, 0.6867704280155642, 0.6964980544747081]","[0.77431906614786, 0.7840466926070039, 0.7762645914396887]",3
passive_random,339,805,0.6952010376134888,0.7795071335927367,"[0.7042801556420234, 0.688715953307393, 0.6926070038910506]","[0.7782101167315175, 0.7821011673151751, 0.7782101167315175]",3
passive_random,340,807,0.6874189364461737,0.7788586251621271,"[0.6809338521400778, 0.6945525291828794, 0.6867704280155642]","[0.7821011673151751, 0.7840466926070039, 0.7704280155642024]",3
passive_random,341,809,0.6900129701686121,0.7782101167315175,"[0.688715953307393, 0.6945525291828794, 0.6867704280155642]","[0.7801556420233463, 0.7782101167315175, 0.7762645914396887]",3
passive_random,342,811,0.6848249027237353,0.7795071335927367,"[0.6867704280155642, 0.6848249027237354, 0.6828793774319066]","[0.7762645914396887, 0.7840466926070039, 0.7782101167315175]",3
passive_random,343,813,0.6900129701686121,0.7808041504539559,"[0.6964980544747081, 0.6828793774319066, 0.6906614785992218]","[0.7821011673151751, 0.7821011673151751, 0.7782101167315175]",3
passive_random,344,815,0.6867704280155641,0.7769130998702983,"[0.6828793774319066, 0.6848249027237354, 0.6926070038910506]","[0.77431906614786, 0.7801556420233463, 0.7762645914396887]",3
passive_random,345,817,0.6887159533073929,0.7788586251621271,"[0.6926070038910506, 0.6848249027237354, 0.688715953307393]","[0.7762645914396887, 0.7801556420233463, 0.7801556420233463]",3
passive_random,346,819,0.6867704280155641,0.7775616083009079,"[0.6789883268482491, 0.6906614785992218, 0.6906614785992218]","[0.7762645914396887, 0.7821011673151751, 0.77431906614786]",3
passive_random,347,821,0.6841763942931257,0.7795071335927367,"[0.6867704280155642, 0.6789883268482491, 0.6867704280155642]","[0.7762645914396887, 0.7859922178988327, 0.7762645914396887]",3
passive_random,348,823,0.6867704280155641,0.7795071335927367,"[0.6906614785992218, 0.6867704280155642, 0.6828793774319066]","[0.7782101167315175, 0.7840466926070039, 0.7762645914396887]",3
passive_random,349,825,0.6913099870298313,0.7795071335927367,"[0.6945525291828794, 0.6926070038910506, 0.6867704280155642]","[0.7801556420233463, 0.7762645914396887, 0.7821011673151751]",3
passive_random,350,827,0.6893644617380025,0.7801556420233463,"[0.6984435797665369, 0.6906614785992218, 0.6789883268482491]","[0.7801556420233463, 0.7821011673151751, 0.7782101167315175]",3
passive_ordered,1,128,0.30350194552529186,0.41893644617380027,"[0.29571984435797666, 0.30739299610894943, 0.30739299610894943]","[0.42023346303501946, 0.41050583657587547, 0.4260700389105058]",3
passive_ordered,2,130,0.29896238651102464,0.41893644617380027,"[0.301556420233463, 0.29377431906614787, 0.301556420233463]","[0.4182879377431907, 0.41245136186770426, 0.4260700389105058]",3
passive_ordered,3,132,0.311284046692607,0.41893644617380027,"[0.3035019455252918, 0.31712062256809337, 0.3132295719844358]","[0.42023346303501946, 0.4143968871595331, 0.42217898832684825]",3
passive_ordered,4,134,0.3035019455252918,0.4176394293125811,"[0.301556420233463, 0.3035019455252918, 0.30544747081712065]","[0.42412451361867703, 0.4085603112840467, 0.42023346303501946]",3
passive_ordered,5,136,0.30415045395590146,0.42023346303501946,"[0.29766536964980544, 0.3151750972762646, 0.29961089494163423]","[0.42023346303501946, 0.4163424124513619, 0.42412451361867703]",3
passive_ordered,6,138,0.30739299610894943,0.42153047989623865,"[0.29766536964980544, 0.3151750972762646, 0.3093385214007782]","[0.42023346303501946, 0.4163424124513619, 0.4280155642023346]",3
passive_ordered,7,140,0.3138780804150454,0.43255512321660183,"[0.311284046692607, 0.321011673151751, 0.3093385214007782]","[0.4280155642023346, 0.42996108949416345, 0.4396887159533074]",3
passive_ordered,8,142,0.30739299610894943,0.437094682230869,"[0.30544747081712065, 0.31906614785992216, 0.29766536964980544]","[0.4377431906614786, 0.43190661478599224, 0.44163424124513617]",3
passive_ordered,9,144,0.311284046692607,0.43320363164721143,"[0.3035019455252918, 0.3132295719844358, 0.31712062256809337]","[0.4280155642023346, 0.4377431906614786, 0.433852140077821]",3
passive_ordered,10,146,0.3164721141374838,0.43255512321660183,"[0.3093385214007782, 0.321011673151751, 0.31906614785992216]","[0.4260700389105058, 0.433852140077821, 0.4377431906614786]",3
passive_ordered,11,148,0.31841763942931256,0.4319066147859922,"[0.321011673151751, 0.31906614785992216, 0.3151750972762646]","[0.4280155642023346, 0.42412451361867703, 0.44357976653696496]",3
passive_ordered,12,150,0.3093385214007782,0.4357976653696498,"[0.3035019455252918, 0.3093385214007782, 0.3151750972762646]","[0.433852140077821, 0.4260700389105058, 0.4474708171206226]",3
passive_ordered,13,152,0.3138780804150454,0.4357976653696498,"[0.2918287937743191, 0.32490272373540857, 0.32490272373540857]","[0.4377431906614786, 0.4357976653696498, 0.433852140077821]",3
passive_ordered,14,154,0.30544747081712065,0.433852140077821,"[0.30544747081712065, 0.30739299610894943, 0.3035019455252918]","[0.4280155642023346, 0.42996108949416345, 0.44357976653696496]",3
passive_ordered,15,156,0.32230869001297013,0.427367055771725,"[0.3093385214007782, 0.32684824902723736, 0.33073929961089493]","[0.42412451361867703, 0.42412451361867703, 0.433852140077821]",3
passive_ordered,16,158,0.3158236057068742,0.43190661478599224,"[0.30544747081712065, 0.30739299610894943, 0.3346303501945525]","[0.42996108949416345, 0.4260700389105058, 0.4396887159533074]",3
passive_ordered,17,160,0.31712062256809337,0.43320363164721143,"[0.31906614785992216, 0.31906614785992216, 0.3132295719844358]","[0.4377431906614786, 0.42996108949416345, 0.43190661478599224]",3
passive_ordered,18,162,0.3249027237354085,0.4351491569390402,"[0.31712062256809337, 0.32490272373540857, 0.3326848249027237]","[0.42996108949416345, 0.43190661478599224, 0.44357976653696496]",3
passive_ordered,19,164,0.32555123216601817,0.4377431906614786,"[0.321011673151751, 0.33073929961089493, 0.32490272373540857]","[0.4280155642023346, 0.44357976653696496, 0.44163424124513617]",3
passive_ordered,20,166,0.32684824902723736,0.43190661478599224,"[0.33073929961089493, 0.32684824902723736, 0.3229571984435798]","[0.42996108949416345, 0.42023346303501946, 0.4455252918287938]",3
passive_ordered,21,168,0.3346303501945525,0.43320363164721143,"[0.33852140077821014, 0.32879377431906615, 0.33657587548638135]","[0.43190661478599224, 0.433852140077821, 0.433852140077821]",3
passive_ordered,22,170,0.33138780804150453,0.4377431906614786,"[0.321011673151751, 0.3346303501945525, 0.33852140077821014]","[0.43190661478599224, 0.44163424124513617, 0.4396887159533074]",3
passive_ordered,23,172,0.32814526588845655,0.4409857328145266,"[0.3229571984435798, 0.3424124513618677, 0.31906614785992216]","[0.4474708171206226, 0.42996108949416345, 0.4455252918287938]",3
passive_ordered,24,174,0.32814526588845655,0.437094682230869,"[0.32879377431906615, 0.32684824902723736, 0.32879377431906615]","[0.433852140077821, 0.433852140077821, 0.44357976653696496]",3
passive_ordered,25,176,0.32944228274967574,0.4351491569390402,"[0.32684824902723736, 0.32684824902723736, 0.3346303501945525]","[0.43190661478599224, 0.4357976653696498, 0.4377431906614786]",3
passive_ordered,26,178,0.3320363164721141,0.44552529182879375,"[0.32490272373540857, 0.33073929961089493, 0.3404669260700389]","[0.44163424124513617, 0.44357976653696496, 0.45136186770428016]",3
passive_ordered,27,180,0.32295719844357973,0.4357976653696498,"[0.311284046692607, 0.33073929961089493, 0.32684824902723736]","[0.4260700389105058, 0.44163424124513617, 0.4396887159533074]",3
passive_ordered,28,182,0.3326848249027238,0.44422827496757455,"[0.3229571984435798, 0.33852140077821014, 0.33657587548638135]","[0.44163424124513617, 0.44357976653696496, 0.4474708171206226]",3
passive_ordered,29,184,0.3385214007782101,0.4455252918287938,"[0.32684824902723736, 0.3404669260700389, 0.34824902723735407]","[0.4455252918287938, 0.4455252918287938, 0.4455252918287938]",3
passive_ordered,30,186,0.3398184176394294,0.44422827496757455,"[0.3229571984435798, 0.3443579766536965, 0.3521400778210117]","[0.4455252918287938, 0.44163424124513617, 0.4455252918287938]",3
passive_ordered,31,188,0.3333333333333333,0.44293125810635536,"[0.32684824902723736, 0.34824902723735407, 0.32490272373540857]","[0.4474708171206226, 0.4357976653696498, 0.4455252918287938]",3
passive_ordered,32,190,0.33073929961089493,0.4396887159533074,"[0.31712062256809337, 0.3346303501945525, 0.3404669260700389]","[0.4280155642023346, 0.4455252918287938, 0.4455252918287938]",3
passive_ordered,33,192,0.3236057068741893,0.44163424124513617,"[0.321011673151751, 0.31906614785992216, 0.33073929961089493]","[0.44163424124513617, 0.4357976653696498, 0.4474708171206226]",3
passive_ordered,34,194,0.34176394293125806,0.44682230869001294,"[0.3346303501945525, 0.3463035019455253, 0.3443579766536965]","[0.44357976653696496, 0.44357976653696496, 0.45330739299610895]",3
passive_ordered,35,196,0.34630350194552534,0.44747081712062253,"[0.3346303501945525, 0.3404669260700389, 0.3638132295719844]","[0.4455252918287938, 0.44357976653696496, 0.45330739299610895]",3
passive_ordered,36,198,0.34111543450064846,0.45265888456549935,"[0.3443579766536965, 0.3463035019455253, 0.3326848249027237]","[0.4494163424124514, 0.4455252918287938, 0.46303501945525294]",3
passive_ordered,37,200,0.34500648508430615,0.45395590142671854,"[0.3326848249027237, 0.3463035019455253, 0.3560311284046693]","[0.4455252918287938, 0.46108949416342415, 0.45525291828793774]",3
passive_ordered,38,202,0.34500648508430615,0.4565499351491569,"[0.33852140077821014, 0.3424124513618677, 0.3540856031128405]","[0.45136186770428016, 0.45330739299610895, 0.4649805447470817]",3
passive_ordered,39,204,0.34500648508430604,0.46498054474708167,"[0.3443579766536965, 0.3443579766536965, 0.3463035019455253]","[0.4649805447470817, 0.4649805447470817, 0.4649805447470817]",3
passive_ordered,40,206,0.3495460440985732,0.4747081712062257,"[0.35797665369649806, 0.3404669260700389, 0.35019455252918286]","[0.4766536964980545, 0.4766536964980545, 0.4708171206225681]",3
passive_ordered,41,208,0.3488975356679637,0.4727626459143968,"[0.3346303501945525, 0.35797665369649806, 0.3540856031128405]","[0.4669260700389105, 0.4766536964980545, 0.47470817120622566]",3
passive_ordered,42,210,0.3463035019455252,0.48638132295719844,"[0.3424124513618677, 0.34824902723735407, 0.34824902723735407]","[0.46303501945525294, 0.48249027237354086, 0.5136186770428015]",3
passive_ordered,43,212,0.35927367055771725,0.49027237354085607,"[0.36186770428015563, 0.3463035019455253, 0.36964980544747084]","[0.4649805447470817, 0.5077821011673151, 0.4980544747081712]",3
passive_ordered,44,214,0.3476005188067444,0.48184176394293127,"[0.33657587548638135, 0.3657587548638132, 0.3404669260700389]","[0.46303501945525294, 0.4785992217898833, 0.5038910505836576]",3
passive_ordered,45,216,0.3599221789883269,0.48249027237354086,"[0.3521400778210117, 0.35797665369649806, 0.36964980544747084]","[0.4669260700389105, 0.4805447470817121, 0.5]",3
passive_ordered,46,218,0.3553826199740597,0.49027237354085607,"[0.33657587548638135, 0.3638132295719844, 0.3657587548638132]","[0.4727626459143969, 0.5038910505836576, 0.49416342412451364]",3
passive_ordered,47,220,0.3638132295719845,0.49481193255512324,"[0.36186770428015563, 0.35992217898832685, 0.36964980544747084]","[0.4727626459143969, 0.5058365758754864, 0.5058365758754864]",3
passive_ordered,48,222,0.35927367055771725,0.4974059662775616,"[0.3560311284046693, 0.3560311284046693, 0.3657587548638132]","[0.4688715953307393, 0.5116731517509727, 0.5116731517509727]",3
passive_ordered,49,224,0.36575875486381326,0.49221789883268485,"[0.3560311284046693, 0.36964980544747084, 0.3715953307392996]","[0.4883268482490272, 0.4766536964980545, 0.5116731517509727]",3
passive_ordered,50,226,0.3560311284046693,0.48573281452658884,"[0.3540856031128405, 0.3463035019455253, 0.36770428015564205]","[0.4766536964980545, 0.4727626459143969, 0.5077821011673151]",3
passive_ordered,51,228,0.36511024643320367,0.49092088197146566,"[0.35992217898832685, 0.35992217898832685, 0.3754863813229572]","[0.48443579766536965, 0.5038910505836576, 0.48443579766536965]",3
passive_ordered,52,230,0.38326848249027234,0.49351491569390404,"[0.39105058365758755, 0.36964980544747084, 0.38910505836575876]","[0.490272373540856, 0.49416342412451364, 0.4961089494163424]",3
passive_ordered,53,232,0.3994811932555124,0.5123216601815823,"[0.40077821011673154, 0.3968871595330739, 0.40077821011673154]","[0.5, 0.5252918287937743, 0.5116731517509727]",3
passive_ordered,54,234,0.4150453955901427,0.506485084306096,"[0.4182879377431907, 0.4066147859922179, 0.42023346303501946]","[0.4980544747081712, 0.5116731517509727, 0.5097276264591439]",3
passive_ordered,55,236,0.4163424124513619,0.5168612191958495,"[0.42412451361867703, 0.41245136186770426, 0.41245136186770426]","[0.5136186770428015, 0.5116731517509727, 0.5252918287937743]",3
passive_ordered,56,238,0.42217898832684825,0.5188067444876783,"[0.42412451361867703, 0.4182879377431907, 0.42412451361867703]","[0.5175097276264592, 0.5136186770428015, 0.5252918287937743]",3
passive_ordered,57,240,0.4254215304798963,0.5181582360570687,"[0.42996108949416345, 0.42996108949416345, 0.4163424124513619]","[0.5077821011673151, 0.5175097276264592, 0.5291828793774319]",3
passive_ordered,58,242,0.43255512321660183,0.5291828793774319,"[0.4357976653696498, 0.433852140077821, 0.4280155642023346]","[0.519455252918288, 0.5214007782101168, 0.546692607003891]",3
passive_ordered,59,244,0.4345006485084306,0.5265888456549935,"[0.4377431906614786, 0.43190661478599224, 0.433852140077821]","[0.5136186770428015, 0.5155642023346303, 0.5505836575875487]",3
passive_ordered,60,246,0.4345006485084306,0.5304798962386511,"[0.42996108949416345, 0.43190661478599224, 0.44163424124513617]","[0.519455252918288, 0.5233463035019456, 0.5486381322957199]",3
passive_ordered,61,248,0.4357976653696498,0.5278858625162127,"[0.4396887159533074, 0.43190661478599224, 0.4357976653696498]","[0.5214007782101168, 0.519455252918288, 0.5428015564202334]",3
passive_ordered,62,250,0.4293125810635538,0.523994811932555,"[0.4280155642023346, 0.42412451361867703, 0.4357976653696498]","[0.5155642023346303, 0.5272373540856031, 0.5291828793774319]",3
passive_ordered,63,252,0.42866407263294426,0.5324254215304799,"[0.433852140077821, 0.43190661478599224, 0.42023346303501946]","[0.5175097276264592, 0.5272373540856031, 0.5525291828793775]",3
passive_ordered,64,254,0.43190661478599224,0.540207522697795,"[0.433852140077821, 0.42412451361867703, 0.4377431906614786]","[0.5291828793774319, 0.5311284046692607, 0.5603112840466926]",3
passive_ordered,65,256,0.4351491569390402,0.5389105058365758,"[0.43190661478599224, 0.4377431906614786, 0.4357976653696498]","[0.5311284046692607, 0.5350194552529183, 0.5505836575875487]",3
passive_ordered,66,258,0.43320363164721143,0.5408560311284046,"[0.433852140077821, 0.42996108949416345, 0.4357976653696498]","[0.519455252918288, 0.5311284046692607, 0.5719844357976653]",3
passive_ordered,67,260,0.44487678339818415,0.540207522697795,"[0.44163424124513617, 0.4494163424124514, 0.44357976653696496]","[0.5252918287937743, 0.5330739299610895, 0.5622568093385214]",3
passive_ordered,68,262,0.4409857328145266,0.5382619974059663,"[0.44357976653696496, 0.4377431906614786, 0.44163424124513617]","[0.5330739299610895, 0.5291828793774319, 0.5525291828793775]",3
passive_ordered,69,264,0.4390402075226978,0.5350194552529183,"[0.44357976653696496, 0.4396887159533074, 0.433852140077821]","[0.5214007782101168, 0.5369649805447471, 0.546692607003891]",3
passive_ordered,70,266,0.4351491569390402,0.5343709468223087,"[0.4377431906614786, 0.42996108949416345, 0.4377431906614786]","[0.519455252918288, 0.5291828793774319, 0.5544747081712063]",3
passive_ordered,71,268,0.4357976653696498,0.5428015564202334,"[0.44357976653696496, 0.4280155642023346, 0.4357976653696498]","[0.5311284046692607, 0.5291828793774319, 0.5680933852140078]",3
passive_ordered,72,270,0.44293125810635536,0.5862516212710766,"[0.4455252918287938, 0.4377431906614786, 0.4455252918287938]","[0.5875486381322957, 0.5836575875486382, 0.5875486381322957]",3
passive_ordered,73,272,0.44357976653696496,0.585603112840467,"[0.45136186770428016, 0.4357976653696498, 0.44357976653696496]","[0.5797665369649806, 0.585603112840467, 0.5914396887159533]",3
passive_ordered,74,274,0.44617380025940334,0.5862516212710766,"[0.4474708171206226, 0.4396887159533074, 0.45136186770428016]","[0.5758754863813229, 0.5894941634241245, 0.5933852140077821]",3
passive_ordered,75,276,0.44163424124513617,0.5810635538261998,"[0.45136186770428016, 0.433852140077821, 0.4396887159533074]","[0.5719844357976653, 0.585603112840467, 0.585603112840467]",3
passive_ordered,76,278,0.44552529182879375,0.5862516212710766,"[0.4494163424124514, 0.44163424124513617, 0.4455252918287938]","[0.5836575875486382, 0.5836575875486382, 0.5914396887159533]",3
passive_ordered,77,280,0.4494163424124514,0.5927367055771725,"[0.4494163424124514, 0.4455252918287938, 0.45330739299610895]","[0.585603112840467, 0.6011673151750972, 0.5914396887159533]",3
passive_ordered,78,282,0.44747081712062253,0.5933852140077821,"[0.4494163424124514, 0.4396887159533074, 0.45330739299610895]","[0.603112840466926, 0.5894941634241245, 0.5875486381322957]",3
passive_ordered,79,284,0.44617380025940334,0.5927367055771725,"[0.4455252918287938, 0.4357976653696498, 0.4571984435797665]","[0.5894941634241245, 0.5914396887159533, 0.5972762645914397]",3
passive_ordered,80,286,0.4474708171206226,0.5914396887159533,"[0.4571984435797665, 0.4455252918287938, 0.4396887159533074]","[0.5875486381322957, 0.5933852140077821, 0.5933852140077821]",3
passive_ordered,81,288,0.44163424124513617,0.5894941634241245,"[0.4455252918287938, 0.43190661478599224, 0.4474708171206226]","[0.5875486381322957, 0.5836575875486382, 0.5972762645914397]",3
passive_ordered,82,290,0.45136186770428016,0.5875486381322957,"[0.46108949416342415, 0.44357976653696496, 0.4494163424124514]","[0.585603112840467, 0.5875486381322957, 0.5894941634241245]",3
passive_ordered,83,292,0.44422827496757455,0.5894941634241245,"[0.45136186770428016, 0.4396887159533074, 0.44163424124513617]","[0.5933852140077821, 0.5836575875486382, 0.5914396887159533]",3
passive_ordered,84,294,0.44552529182879375,0.5881971465629053,"[0.4571984435797665, 0.4357976653696498, 0.44357976653696496]","[0.5875486381322957, 0.5836575875486382, 0.5933852140077821]",3
passive_ordered,85,296,0.45330739299610895,0.5985732814526589,"[0.45136186770428016, 0.4474708171206226, 0.46108949416342415]","[0.5972762645914397, 0.5953307392996109, 0.603112840466926]",3
passive_ordered,86,298,0.44617380025940334,0.5998702983138781,"[0.4474708171206226, 0.4357976653696498, 0.45525291828793774]","[0.6011673151750972, 0.5914396887159533, 0.6070038910505836]",3
passive_ordered,87,300,0.45201037613488976,0.5920881971465629,"[0.4494163424124514, 0.45525291828793774, 0.45136186770428016]","[0.5953307392996109, 0.5953307392996109, 0.585603112840467]",3
passive_ordered,88,302,0.45006485084306097,0.5972762645914397,"[0.45136186770428016, 0.4455252918287938, 0.45330739299610895]","[0.603112840466926, 0.5914396887159533, 0.5972762645914397]",3
passive_ordered,89,304,0.45330739299610895,0.6018158236057068,"[0.4591439688715953, 0.45136186770428016, 0.4494163424124514]","[0.5992217898832685, 0.6089494163424124, 0.5972762645914397]",3
passive_ordered,90,306,0.45330739299610895,0.5985732814526589,"[0.4571984435797665, 0.45136186770428016, 0.45136186770428016]","[0.5953307392996109, 0.6011673151750972, 0.5992217898832685]",3
passive_ordered,91,308,0.45590142671854733,0.5933852140077821,"[0.4669260700389105, 0.4494163424124514, 0.45136186770428016]","[0.5914396887159533, 0.5953307392996109, 0.5933852140077821]",3
passive_ordered,92,310,0.4571984435797665,0.5985732814526589,"[0.4591439688715953, 0.4474708171206226, 0.4649805447470817]","[0.5953307392996109, 0.5933852140077821, 0.6070038910505836]",3
passive_ordered,93,312,0.4578469520103761,0.5985732814526589,"[0.4669260700389105, 0.46108949416342415, 0.4455252918287938]","[0.5992217898832685, 0.5914396887159533, 0.6050583657587548]",3
passive_ordered,94,314,0.4597924773022049,0.5992217898832685,"[0.46108949416342415, 0.45330739299610895, 0.4649805447470817]","[0.5953307392996109, 0.6011673151750972, 0.6011673151750972]",3
passive_ordered,95,316,0.4591439688715953,0.6057068741893644,"[0.46108949416342415, 0.4591439688715953, 0.4571984435797665]","[0.6011673151750972, 0.603112840466926, 0.6128404669260701]",3
passive_ordered,96,318,0.45460440985732814,0.6108949416342413,"[0.4708171206225681, 0.44163424124513617, 0.45136186770428016]","[0.6089494163424124, 0.6108949416342413, 0.6128404669260701]",3
passive_ordered,97,320,0.4565499351491569,0.6108949416342413,"[0.4649805447470817, 0.4494163424124514, 0.45525291828793774]","[0.6050583657587548, 0.6108949416342413, 0.6167315175097277]",3
passive_ordered,98,322,0.4571984435797665,0.6076523994811933,"[0.4649805447470817, 0.4455252918287938, 0.46108949416342415]","[0.603112840466926, 0.6108949416342413, 0.6089494163424124]",3
passive_ordered,99,324,0.4597924773022049,0.6108949416342413,"[0.4708171206225681, 0.45525291828793774, 0.45330739299610895]","[0.6011673151750972, 0.6147859922178989, 0.6167315175097277]",3
passive_ordered,100,326,0.4565499351491569,0.6083009079118028,"[0.4669260700389105, 0.44163424124513617, 0.46108949416342415]","[0.6050583657587548, 0.6070038910505836, 0.6128404669260701]",3
passive_ordered,101,328,0.4591439688715953,0.6102464332036316,"[0.4571984435797665, 0.46108949416342415, 0.4591439688715953]","[0.603112840466926, 0.6070038910505836, 0.6206225680933852]",3
passive_ordered,102,330,0.46757457846952005,0.6102464332036317,"[0.4727626459143969, 0.4727626459143969, 0.4571984435797665]","[0.6050583657587548, 0.6128404669260701, 0.6128404669260701]",3
passive_ordered,103,332,0.4617380025940337,0.6095979247730221,"[0.4727626459143969, 0.45136186770428016, 0.46108949416342415]","[0.6128404669260701, 0.6070038910505836, 0.6089494163424124]",3
passive_ordered,104,334,0.4617380025940337,0.6141374837872893,"[0.4591439688715953, 0.46303501945525294, 0.46303501945525294]","[0.6070038910505836, 0.6167315175097277, 0.6186770428015564]",3
passive_ordered,105,336,0.4636835278858625,0.6160830090791181,"[0.46108949416342415, 0.4688715953307393, 0.46108949416342415]","[0.6108949416342413, 0.6186770428015564, 0.6186770428015564]",3
passive_ordered,106,338,0.4578469520103761,0.6154345006485085,"[0.46108949416342415, 0.45330739299610895, 0.4591439688715953]","[0.6089494163424124, 0.6284046692607004, 0.6089494163424124]",3
passive_ordered,107,340,0.4604409857328145,0.6083009079118029,"[0.46108949416342415, 0.45525291828793774, 0.4649805447470817]","[0.5894941634241245, 0.6147859922178989, 0.6206225680933852]",3
passive_ordered,108,342,0.4734111543450065,0.6173800259403373,"[0.4727626459143969, 0.4688715953307393, 0.4785992217898833]","[0.6186770428015564, 0.6147859922178989, 0.6186770428015564]",3
passive_ordered,109,344,0.46498054474708167,0.6108949416342413,"[0.46303501945525294, 0.4688715953307393, 0.46303501945525294]","[0.6011673151750972, 0.6128404669260701, 0.6186770428015564]",3
passive_ordered,110,346,0.4617380025940337,0.6180285343709468,"[0.4708171206225681, 0.45136186770428016, 0.46303501945525294]","[0.6108949416342413, 0.622568093385214, 0.6206225680933852]",3
passive_ordered,111,348,0.47016861219195843,0.6173800259403373,"[0.47470817120622566, 0.4649805447470817, 0.4708171206225681]","[0.6108949416342413, 0.6186770428015564, 0.622568093385214]",3
passive_ordered,112,350,0.4643320363164721,0.6186770428015564,"[0.4688715953307393, 0.46108949416342415, 0.46303501945525294]","[0.6089494163424124, 0.6264591439688716, 0.6206225680933852]",3
passive_ordered,113,352,0.46887159533073935,0.6154345006485085,"[0.4708171206225681, 0.4591439688715953, 0.4766536964980545]","[0.6089494163424124, 0.6167315175097277, 0.6206225680933852]",3
passive_ordered,114,354,0.46627756160830097,0.6134889753566797,"[0.4708171206225681, 0.4494163424124514, 0.4785992217898833]","[0.6089494163424124, 0.6147859922178989, 0.6167315175097277]",3
passive_ordered,115,356,0.47211413748378733,0.6167315175097277,"[0.4785992217898833, 0.4591439688715953, 0.4785992217898833]","[0.6186770428015564, 0.6108949416342413, 0.6206225680933852]",3
passive_ordered,116,358,0.46887159533073924,0.6167315175097277,"[0.4805447470817121, 0.46303501945525294, 0.46303501945525294]","[0.6070038910505836, 0.6284046692607004, 0.6147859922178989]",3
passive_ordered,117,360,0.46887159533073924,0.6154345006485085,"[0.4805447470817121, 0.46303501945525294, 0.46303501945525294]","[0.6108949416342413, 0.6167315175097277, 0.6186770428015564]",3
passive_ordered,118,362,0.46952010376134884,0.619325551232166,"[0.4766536964980545, 0.4649805447470817, 0.4669260700389105]","[0.6108949416342413, 0.622568093385214, 0.6245136186770428]",3
passive_ordered,119,364,0.4714656290531776,0.6173800259403373,"[0.4708171206225681, 0.4688715953307393, 0.47470817120622566]","[0.603112840466926, 0.6206225680933852, 0.6284046692607004]",3
passive_ordered,120,366,0.4760051880674449,0.6238651102464332,"[0.4785992217898833, 0.4708171206225681, 0.4785992217898833]","[0.6186770428015564, 0.6264591439688716, 0.6264591439688716]",3
passive_ordered,121,368,0.4760051880674449,0.6245136186770428,"[0.48249027237354086, 0.4649805447470817, 0.4805447470817121]","[0.6128404669260701, 0.6284046692607004, 0.632295719844358]",3
passive_ordered,122,370,0.4753566796368353,0.6251621271076524,"[0.4805447470817121, 0.4571984435797665, 0.4883268482490272]","[0.6186770428015564, 0.6245136186770428, 0.632295719844358]",3
passive_ordered,123,372,0.48184176394293127,0.6309987029831388,"[0.48249027237354086, 0.4766536964980545, 0.48638132295719844]","[0.622568093385214, 0.622568093385214, 0.6478599221789884]",3
passive_ordered,124,374,0.4798962386511025,0.6342412451361867,"[0.49221789883268485, 0.47470817120622566, 0.4727626459143969]","[0.6264591439688716, 0.6361867704280155, 0.6400778210116731]",3
passive_ordered,125,376,0.48184176394293127,0.6264591439688716,"[0.4785992217898833, 0.47470817120622566, 0.49221789883268485]","[0.6070038910505836, 0.6361867704280155, 0.6361867704280155]",3
passive_ordered,126,378,0.4753566796368353,0.6297016861219196,"[0.48249027237354086, 0.4669260700389105, 0.4766536964980545]","[0.6264591439688716, 0.6245136186770428, 0.6381322957198443]",3
passive_ordered,127,380,0.4779507133592737,0.6232166018158236,"[0.4785992217898833, 0.47470817120622566, 0.4805447470817121]","[0.6108949416342413, 0.6303501945525292, 0.6284046692607004]",3
passive_ordered,128,382,0.4785992217898833,0.6271076523994812,"[0.48443579766536965, 0.4708171206225681, 0.4805447470817121]","[0.6186770428015564, 0.6303501945525292, 0.632295719844358]",3
passive_ordered,129,384,0.4753566796368353,0.6219195849546044,"[0.48249027237354086, 0.4649805447470817, 0.4785992217898833]","[0.6167315175097277, 0.6186770428015564, 0.6303501945525292]",3
passive_ordered,130,386,0.4760051880674449,0.6271076523994812,"[0.4766536964980545, 0.4688715953307393, 0.48249027237354086]","[0.6206225680933852, 0.6284046692607004, 0.632295719844358]",3
passive_ordered,131,388,0.4740596627756161,0.6309987029831388,"[0.4785992217898833, 0.4669260700389105, 0.4766536964980545]","[0.6284046692607004, 0.6361867704280155, 0.6284046692607004]",3
passive_ordered,132,390,0.46952010376134884,0.6238651102464332,"[0.4727626459143969, 0.4649805447470817, 0.4708171206225681]","[0.6167315175097277, 0.6206225680933852, 0.6342412451361867]",3
passive_ordered,133,392,0.4785992217898832,0.62905317769131,"[0.4883268482490272, 0.47470817120622566, 0.4727626459143969]","[0.6264591439688716, 0.6342412451361867, 0.6264591439688716]",3
passive_ordered,134,394,0.4727626459143968,0.6309987029831388,"[0.4883268482490272, 0.46303501945525294, 0.4669260700389105]","[0.6303501945525292, 0.6284046692607004, 0.6342412451361867]",3
passive_ordered,135,396,0.4766536964980544,0.6277561608300908,"[0.48443579766536965, 0.4727626459143969, 0.4727626459143969]","[0.6264591439688716, 0.6284046692607004, 0.6284046692607004]",3
passive_ordered,136,398,0.4740596627756161,0.6232166018158236,"[0.4727626459143969, 0.4727626459143969, 0.4766536964980545]","[0.6128404669260701, 0.632295719844358, 0.6245136186770428]",3
passive_ordered,137,400,0.4779507133592737,0.6277561608300908,"[0.4785992217898833, 0.4805447470817121, 0.47470817120622566]","[0.622568093385214, 0.6381322957198443, 0.622568093385214]",3
passive_ordered,138,402,0.4837872892347601,0.6329442282749675,"[0.49416342412451364, 0.4785992217898833, 0.4785992217898833]","[0.622568093385214, 0.6381322957198443, 0.6381322957198443]",3
passive_ordered,139,404,0.4805447470817121,0.6271076523994812,"[0.48638132295719844, 0.4708171206225681, 0.48443579766536965]","[0.6303501945525292, 0.6284046692607004, 0.622568093385214]",3
passive_ordered,140,406,0.4792477302204929,0.6316472114137484,"[0.4805447470817121, 0.4766536964980545, 0.4805447470817121]","[0.6303501945525292, 0.6303501945525292, 0.6342412451361867]",3
passive_ordered,141,408,0.4779507133592737,0.6309987029831388,"[0.4883268482490272, 0.4649805447470817, 0.4805447470817121]","[0.6245136186770428, 0.6342412451361867, 0.6342412451361867]",3
passive_ordered,142,410,0.4760051880674449,0.6309987029831388,"[0.4785992217898833, 0.48443579766536965, 0.4649805447470817]","[0.6284046692607004, 0.632295719844358, 0.632295719844358]",3
passive_ordered,143,412,0.4805447470817121,0.6309987029831388,"[0.48638132295719844, 0.4785992217898833, 0.4766536964980545]","[0.6264591439688716, 0.6342412451361867, 0.632295719844358]",3
passive_ordered,144,414,0.48378728923476005,0.6303501945525292,"[0.4785992217898833, 0.48249027237354086, 0.490272373540856]","[0.6167315175097277, 0.6381322957198443, 0.6361867704280155]",3
passive_ordered,145,416,0.4798962386511025,0.6303501945525292,"[0.4649805447470817, 0.4883268482490272, 0.48638132295719844]","[0.6284046692607004, 0.6381322957198443, 0.6245136186770428]",3
passive_ordered,146,418,0.48119325551232167,0.6303501945525292,"[0.48249027237354086, 0.48638132295719844, 0.47470817120622566]","[0.6342412451361867, 0.6284046692607004, 0.6284046692607004]",3
passive_ordered,147,420,0.4805447470817121,0.6303501945525292,"[0.4883268482490272, 0.4766536964980545, 0.4766536964980545]","[0.6284046692607004, 0.632295719844358, 0.6303501945525292]",3
passive_ordered,148,422,0.48184176394293127,0.6284046692607004,"[0.48443579766536965, 0.4805447470817121, 0.4805447470817121]","[0.6264591439688716, 0.6206225680933852, 0.6381322957198443]",3
passive_ordered,149,424,0.4760051880674449,0.6400778210116731,"[0.4805447470817121, 0.4785992217898833, 0.4688715953307393]","[0.6284046692607004, 0.6459143968871596, 0.6459143968871596]",3
passive_ordered,150,426,0.48184176394293127,0.6400778210116731,"[0.48249027237354086, 0.48443579766536965, 0.4785992217898833]","[0.6381322957198443, 0.6439688715953308, 0.6381322957198443]",3
passive_ordered,151,428,0.4779507133592737,0.6374837872892347,"[0.4805447470817121, 0.47470817120622566, 0.4785992217898833]","[0.6284046692607004, 0.642023346303502, 0.642023346303502]",3
passive_ordered,152,430,0.4753566796368353,0.6348897535667963,"[0.4766536964980545, 0.4727626459143969, 0.4766536964980545]","[0.6284046692607004, 0.6381322957198443, 0.6381322957198443]",3
passive_ordered,153,432,0.46822308690012965,0.6420233463035019,"[0.4708171206225681, 0.46108949416342415, 0.4727626459143969]","[0.6381322957198443, 0.6478599221789884, 0.6400778210116731]",3
passive_ordered,154,434,0.4747081712062256,0.6413748378728923,"[0.4766536964980545, 0.4727626459143969, 0.47470817120622566]","[0.6361867704280155, 0.642023346303502, 0.6459143968871596]",3
passive_ordered,155,436,0.4779507133592737,0.6400778210116731,"[0.4883268482490272, 0.4805447470817121, 0.4649805447470817]","[0.6303501945525292, 0.6400778210116731, 0.6498054474708171]",3
passive_ordered,156,438,0.4740596627756161,0.6426718547341115,"[0.4649805447470817, 0.4785992217898833, 0.4785992217898833]","[0.6361867704280155, 0.6498054474708171, 0.642023346303502]",3
passive_ordered,157,440,0.4753566796368352,0.6446173800259404,"[0.48249027237354086, 0.4688715953307393, 0.47470817120622566]","[0.6459143968871596, 0.6439688715953308, 0.6439688715953308]",3
passive_ordered,158,442,0.474059662775616,0.6387808041504539,"[0.4883268482490272, 0.4688715953307393, 0.4649805447470817]","[0.6303501945525292, 0.642023346303502, 0.6439688715953308]",3
passive_ordered,159,444,0.4747081712062256,0.646562905317769,"[0.4688715953307393, 0.4805447470817121, 0.47470817120622566]","[0.6400778210116731, 0.6595330739299611, 0.6400778210116731]",3
passive_ordered,160,446,0.4734111543450064,0.64526588845655,"[0.48249027237354086, 0.4649805447470817, 0.4727626459143969]","[0.6498054474708171, 0.6439688715953308, 0.642023346303502]",3
passive_ordered,161,448,0.4734111543450064,0.6472114137483788,"[0.47470817120622566, 0.4708171206225681, 0.47470817120622566]","[0.6478599221789884, 0.6517509727626459, 0.642023346303502]",3
passive_ordered,162,450,0.4798962386511025,0.648508430609598,"[0.48638132295719844, 0.4805447470817121, 0.4727626459143969]","[0.6459143968871596, 0.6517509727626459, 0.6478599221789884]",3
passive_ordered,163,452,0.48119325551232167,0.6511024643320363,"[0.4766536964980545, 0.4785992217898833, 0.4883268482490272]","[0.6439688715953308, 0.6498054474708171, 0.6595330739299611]",3
passive_ordered,164,454,0.4766536964980545,0.6472114137483787,"[0.4766536964980545, 0.4708171206225681, 0.48249027237354086]","[0.6361867704280155, 0.6478599221789884, 0.6575875486381323]",3
passive_ordered,165,456,0.4766536964980545,0.6472114137483788,"[0.49221789883268485, 0.46303501945525294, 0.47470817120622566]","[0.6478599221789884, 0.6556420233463035, 0.6381322957198443]",3
passive_ordered,166,458,0.4805447470817121,0.6511024643320363,"[0.4766536964980545, 0.4785992217898833, 0.48638132295719844]","[0.6439688715953308, 0.6517509727626459, 0.6575875486381323]",3
passive_ordered,167,460,0.4798962386511025,0.6511024643320363,"[0.48638132295719844, 0.4766536964980545, 0.4766536964980545]","[0.6478599221789884, 0.6575875486381323, 0.6478599221789884]",3
passive_ordered,168,462,0.4721141374837872,0.6472114137483787,"[0.4785992217898833, 0.46303501945525294, 0.47470817120622566]","[0.6361867704280155, 0.6595330739299611, 0.6459143968871596]",3
passive_ordered,169,464,0.4805447470817121,0.6504539559014267,"[0.4883268482490272, 0.47470817120622566, 0.4785992217898833]","[0.6478599221789884, 0.6536964980544747, 0.6498054474708171]",3
passive_ordered,170,466,0.4753566796368352,0.6517509727626459,"[0.490272373540856, 0.4669260700389105, 0.4688715953307393]","[0.6478599221789884, 0.6575875486381323, 0.6498054474708171]",3
passive_ordered,171,468,0.4792477302204929,0.6439688715953307,"[0.48443579766536965, 0.4766536964980545, 0.4766536964980545]","[0.6439688715953308, 0.6381322957198443, 0.6498054474708171]",3
passive_ordered,172,470,0.4766536964980545,0.6523994811932555,"[0.4766536964980545, 0.4727626459143969, 0.4805447470817121]","[0.6498054474708171, 0.6536964980544747, 0.6536964980544747]",3
passive_ordered,173,472,0.477302204928664,0.6562905317769131,"[0.48638132295719844, 0.4727626459143969, 0.4727626459143969]","[0.6536964980544747, 0.6536964980544747, 0.6614785992217899]",3
passive_ordered,174,474,0.4798962386511025,0.6543450064850843,"[0.4805447470817121, 0.47470817120622566, 0.48443579766536965]","[0.6459143968871596, 0.6595330739299611, 0.6575875486381323]",3
passive_ordered,175,476,0.4805447470817121,0.6543450064850843,"[0.4805447470817121, 0.4766536964980545, 0.48443579766536965]","[0.6459143968871596, 0.6575875486381323, 0.6595330739299611]",3
passive_ordered,176,478,0.4773022049286641,0.6582360570687419,"[0.4766536964980545, 0.48638132295719844, 0.4688715953307393]","[0.6517509727626459, 0.6595330739299611, 0.6634241245136187]",3
passive_ordered,177,480,0.4760051880674448,0.6575875486381323,"[0.48443579766536965, 0.4708171206225681, 0.4727626459143969]","[0.6575875486381323, 0.6614785992217899, 0.6536964980544747]",3
passive_ordered,178,482,0.4779507133592737,0.6569390402075227,"[0.4883268482490272, 0.46303501945525294, 0.48249027237354086]","[0.6595330739299611, 0.6556420233463035, 0.6556420233463035]",3
passive_ordered,179,484,0.48119325551232167,0.6536964980544747,"[0.48249027237354086, 0.48249027237354086, 0.4785992217898833]","[0.6536964980544747, 0.6536964980544747, 0.6536964980544747]",3
passive_ordered,180,486,0.4779507133592737,0.6530479896238651,"[0.48249027237354086, 0.47470817120622566, 0.4766536964980545]","[0.6498054474708171, 0.6614785992217899, 0.6478599221789884]",3
passive_ordered,181,488,0.48249027237354086,0.6588845654993515,"[0.49221789883268485, 0.4708171206225681, 0.48443579766536965]","[0.6614785992217899, 0.6575875486381323, 0.6575875486381323]",3
passive_ordered,182,490,0.4850843060959793,0.6562905317769131,"[0.49416342412451364, 0.4805447470817121, 0.4805447470817121]","[0.6517509727626459, 0.6556420233463035, 0.6614785992217899]",3
passive_ordered,183,492,0.4766536964980545,0.6595330739299611,"[0.490272373540856, 0.46108949416342415, 0.4785992217898833]","[0.6595330739299611, 0.6614785992217899, 0.6575875486381323]",3
passive_ordered,184,494,0.4805447470817121,0.6556420233463035,"[0.4883268482490272, 0.4727626459143969, 0.4805447470817121]","[0.6498054474708171, 0.6575875486381323, 0.6595330739299611]",3
passive_ordered,185,496,0.4805447470817121,0.6588845654993515,"[0.4805447470817121, 0.4766536964980545, 0.48443579766536965]","[0.6478599221789884, 0.6653696498054474, 0.6634241245136187]",3
passive_ordered,186,498,0.48378728923476005,0.6582360570687419,"[0.4883268482490272, 0.4785992217898833, 0.48443579766536965]","[0.6595330739299611, 0.6556420233463035, 0.6595330739299611]",3
passive_ordered,187,500,0.48249027237354086,0.6575875486381323,"[0.48638132295719844, 0.4785992217898833, 0.48249027237354086]","[0.6595330739299611, 0.6575875486381323, 0.6556420233463035]",3
passive_ordered,188,502,0.48378728923476005,0.6575875486381323,"[0.4961089494163424, 0.47470817120622566, 0.4805447470817121]","[0.642023346303502, 0.6731517509727627, 0.6575875486381323]",3
passive_ordered,189,504,0.48249027237354086,0.6530479896238651,"[0.48443579766536965, 0.47470817120622566, 0.4883268482490272]","[0.6517509727626459, 0.6556420233463035, 0.6517509727626459]",3
passive_ordered,190,506,0.48313878080415046,0.6601815823605707,"[0.48443579766536965, 0.48249027237354086, 0.48249027237354086]","[0.6575875486381323, 0.6595330739299611, 0.6634241245136187]",3
passive_ordered,191,508,0.48573281452658884,0.6530479896238651,"[0.4883268482490272, 0.4805447470817121, 0.4883268482490272]","[0.642023346303502, 0.6634241245136187, 0.6536964980544747]",3
passive_ordered,192,510,0.4870298313878081,0.6511024643320363,"[0.4785992217898833, 0.48638132295719844, 0.4961089494163424]","[0.6459143968871596, 0.6556420233463035, 0.6517509727626459]",3
passive_ordered,193,512,0.4876783398184177,0.6536964980544747,"[0.4961089494163424, 0.4805447470817121, 0.48638132295719844]","[0.6536964980544747, 0.6556420233463035, 0.6517509727626459]",3
passive_ordered,194,514,0.44293125810635536,0.6433203631647211,"[0.42996108949416345, 0.44357976653696496, 0.45525291828793774]","[0.6478599221789884, 0.6400778210116731, 0.642023346303502]",3
passive_ordered,195,516,0.45071335927367057,0.6335927367055771,"[0.4455252918287938, 0.4377431906614786, 0.4688715953307393]","[0.632295719844358, 0.6303501945525292, 0.6381322957198443]",3
passive_ordered,196,518,0.4578469520103761,0.6459143968871595,"[0.4766536964980545, 0.42412451361867703, 0.4727626459143969]","[0.6400778210116731, 0.6400778210116731, 0.6575875486381323]",3
passive_ordered,197,520,0.4591439688715953,0.6381322957198443,"[0.47470817120622566, 0.44163424124513617, 0.46108949416342415]","[0.6342412451361867, 0.6556420233463035, 0.6245136186770428]",3
passive_ordered,198,522,0.4792477302204929,0.6569390402075227,"[0.4961089494163424, 0.47470817120622566, 0.4669260700389105]","[0.6575875486381323, 0.6595330739299611, 0.6536964980544747]",3
passive_ordered,199,524,0.47081712062256803,0.6459143968871595,"[0.4494163424124514, 0.490272373540856, 0.4727626459143969]","[0.6342412451361867, 0.6614785992217899, 0.642023346303502]",3
passive_ordered,200,526,0.4876783398184176,0.6517509727626459,"[0.5038910505836576, 0.47470817120622566, 0.48443579766536965]","[0.6536964980544747, 0.6498054474708171, 0.6517509727626459]",3
passive_ordered,201,528,0.47665369649805456,0.6536964980544747,"[0.4766536964980545, 0.49221789883268485, 0.46108949416342415]","[0.6536964980544747, 0.6536964980544747, 0.6536964980544747]",3
passive_ordered,202,530,0.48119325551232167,0.6543450064850843,"[0.4805447470817121, 0.4766536964980545, 0.48638132295719844]","[0.6459143968871596, 0.6614785992217899, 0.6556420233463035]",3
passive_ordered,203,532,0.48184176394293127,0.6556420233463035,"[0.48443579766536965, 0.47470817120622566, 0.48638132295719844]","[0.6536964980544747, 0.6517509727626459, 0.6614785992217899]",3
passive_ordered,204,534,0.49481193255512324,0.666018158236057,"[0.49416342412451364, 0.4961089494163424, 0.49416342412451364]","[0.6595330739299611, 0.669260700389105, 0.669260700389105]",3
passive_ordered,205,536,0.48573281452658884,0.6562905317769131,"[0.48249027237354086, 0.46303501945525294, 0.5116731517509727]","[0.6614785992217899, 0.6459143968871596, 0.6614785992217899]",3
passive_ordered,206,538,0.4798962386511025,0.6465629053177692,"[0.48443579766536965, 0.490272373540856, 0.4649805447470817]","[0.6498054474708171, 0.642023346303502, 0.6478599221789884]",3
passive_ordered,207,540,0.4857328145265889,0.6588845654993515,"[0.4961089494163424, 0.48443579766536965, 0.4766536964980545]","[0.6556420233463035, 0.6653696498054474, 0.6556420233463035]",3
passive_ordered,208,542,0.5019455252918288,0.6627756160830091,"[0.49416342412451364, 0.5077821011673151, 0.5038910505836576]","[0.6731517509727627, 0.6595330739299611, 0.6556420233463035]",3
passive_ordered,209,544,0.49481193255512324,0.6673151750972762,"[0.5058365758754864, 0.4883268482490272, 0.490272373540856]","[0.669260700389105, 0.6614785992217899, 0.6712062256809338]",3
passive_ordered,210,546,0.4987029831387808,0.669260700389105,"[0.5058365758754864, 0.4883268482490272, 0.5019455252918288]","[0.6750972762645915, 0.6653696498054474, 0.6673151750972762]",3
passive_ordered,211,548,0.48508430609597925,0.6575875486381323,"[0.48249027237354086, 0.490272373540856, 0.48249027237354086]","[0.6536964980544747, 0.6614785992217899, 0.6575875486381323]",3
passive_ordered,212,550,0.5090791180285343,0.678988326848249,"[0.519455252918288, 0.5155642023346303, 0.49221789883268485]","[0.6828793774319066, 0.6809338521400778, 0.6731517509727627]",3
passive_ordered,213,552,0.4863813229571985,0.6750972762645914,"[0.48443579766536965, 0.49416342412451364, 0.4805447470817121]","[0.6653696498054474, 0.6906614785992218, 0.669260700389105]",3
passive_ordered,214,554,0.5045395590142672,0.6776913099870298,"[0.5097276264591439, 0.5155642023346303, 0.4883268482490272]","[0.6789883268482491, 0.6731517509727627, 0.6809338521400778]",3
passive_ordered,215,556,0.49221789883268485,0.675745784695201,"[0.49221789883268485, 0.490272373540856, 0.49416342412451364]","[0.669260700389105, 0.6750972762645915, 0.6828793774319066]",3
passive_ordered,216,558,0.49351491569390404,0.6679636835278858,"[0.49416342412451364, 0.48443579766536965, 0.5019455252918288]","[0.6634241245136187, 0.6712062256809338, 0.669260700389105]",3
passive_ordered,217,560,0.4993514915693904,0.6744487678339818,"[0.5214007782101168, 0.48249027237354086, 0.49416342412451364]","[0.6673151750972762, 0.669260700389105, 0.6867704280155642]",3
passive_ordered,218,562,0.5006485084306096,0.6718547341115434,"[0.5, 0.4961089494163424, 0.5058365758754864]","[0.6789883268482491, 0.669260700389105, 0.6673151750972762]",3
passive_ordered,219,564,0.5006485084306096,0.6744487678339818,"[0.5, 0.4980544747081712, 0.5038910505836576]","[0.6750972762645915, 0.669260700389105, 0.6789883268482491]",3
passive_ordered,220,566,0.5012970168612192,0.6776913099870298,"[0.5058365758754864, 0.4961089494163424, 0.5019455252918288]","[0.6848249027237354, 0.6770428015564203, 0.6712062256809338]",3
passive_ordered,221,568,0.5097276264591439,0.675745784695201,"[0.4980544747081712, 0.5214007782101168, 0.5097276264591439]","[0.6653696498054474, 0.6809338521400778, 0.6809338521400778]",3
passive_ordered,222,570,0.4974059662775616,0.6686121919584954,"[0.49416342412451364, 0.490272373540856, 0.5077821011673151]","[0.6712062256809338, 0.669260700389105, 0.6653696498054474]",3
passive_ordered,223,572,0.5175097276264591,0.6977950713359272,"[0.5155642023346303, 0.5136186770428015, 0.5233463035019456]","[0.6906614785992218, 0.7062256809338522, 0.6964980544747081]",3
passive_ordered,224,574,0.5168612191958495,0.6952010376134888,"[0.5291828793774319, 0.5038910505836576, 0.5175097276264592]","[0.6828793774319066, 0.7023346303501945, 0.7003891050583657]",3
passive_ordered,225,576,0.5363164721141375,0.6913099870298313,"[0.5330739299610895, 0.5389105058365758, 0.5369649805447471]","[0.6964980544747081, 0.6906614785992218, 0.6867704280155642]",3
passive_ordered,226,578,0.5246433203631647,0.6900129701686121,"[0.5311284046692607, 0.5311284046692607, 0.5116731517509727]","[0.6867704280155642, 0.7003891050583657, 0.6828793774319066]",3
passive_ordered,227,580,0.5246433203631646,0.6906614785992217,"[0.5214007782101168, 0.5136186770428015, 0.5389105058365758]","[0.6926070038910506, 0.688715953307393, 0.6906614785992218]",3
passive_ordered,228,582,0.5175097276264592,0.6874189364461737,"[0.5175097276264592, 0.5175097276264592, 0.5175097276264592]","[0.688715953307393, 0.6926070038910506, 0.6809338521400778]",3
passive_ordered,229,584,0.5233463035019456,0.6952010376134888,"[0.5252918287937743, 0.519455252918288, 0.5252918287937743]","[0.6945525291828794, 0.6964980544747081, 0.6945525291828794]",3
passive_ordered,230,586,0.5259403372243839,0.6887159533073929,"[0.5311284046692607, 0.5214007782101168, 0.5252918287937743]","[0.688715953307393, 0.6926070038910506, 0.6848249027237354]",3
passive_ordered,231,588,0.5246433203631647,0.6958495460440984,"[0.5408560311284046, 0.5175097276264592, 0.5155642023346303]","[0.6945525291828794, 0.708171206225681, 0.6848249027237354]",3
passive_ordered,232,590,0.5278858625162127,0.6939040207522696,"[0.5369649805447471, 0.5214007782101168, 0.5252918287937743]","[0.6945525291828794, 0.7023346303501945, 0.6848249027237354]",3
passive_ordered,233,592,0.5369649805447471,0.6971465629053176,"[0.546692607003891, 0.5272373540856031, 0.5369649805447471]","[0.6906614785992218, 0.7023346303501945, 0.6984435797665369]",3
passive_ordered,234,594,0.5291828793774319,0.6997405966277562,"[0.519455252918288, 0.5272373540856031, 0.5408560311284046]","[0.6964980544747081, 0.6945525291828794, 0.708171206225681]",3
passive_ordered,235,596,0.5382619974059663,0.6939040207522696,"[0.5252918287937743, 0.5311284046692607, 0.5583657587548638]","[0.7023346303501945, 0.688715953307393, 0.6906614785992218]",3
passive_ordered,236,598,0.5201037613488976,0.6919584954604409,"[0.5291828793774319, 0.519455252918288, 0.5116731517509727]","[0.6867704280155642, 0.6867704280155642, 0.7023346303501945]",3
passive_ordered,237,600,0.5415045395590142,0.7185473411154345,"[0.5291828793774319, 0.5486381322957199, 0.546692607003891]","[0.7120622568093385, 0.7276264591439688, 0.7159533073929961]",3
passive_ordered,238,602,0.5415045395590142,0.7172503242542153,"[0.5330739299610895, 0.546692607003891, 0.5447470817120622]","[0.7178988326848249, 0.7237354085603113, 0.7101167315175098]",3
passive_ordered,239,604,0.5382619974059663,0.7101167315175098,"[0.5486381322957199, 0.5291828793774319, 0.5369649805447471]","[0.708171206225681, 0.7159533073929961, 0.7062256809338522]",3
passive_ordered,240,606,0.5460440985732814,0.7224383916990921,"[0.5544747081712063, 0.5389105058365758, 0.5447470817120622]","[0.72568093385214, 0.7295719844357976, 0.7120622568093385]",3
passive_ordered,241,608,0.5421530479896238,0.7191958495460441,"[0.5505836575875487, 0.5389105058365758, 0.5369649805447471]","[0.72568093385214, 0.7198443579766537, 0.7120622568093385]",3
passive_ordered,242,610,0.543450064850843,0.7166018158236057,"[0.556420233463035, 0.5291828793774319, 0.5447470817120622]","[0.7178988326848249, 0.7159533073929961, 0.7159533073929961]",3
passive_ordered,243,612,0.5551232166018158,0.7237354085603113,"[0.5486381322957199, 0.556420233463035, 0.5603112840466926]","[0.7198443579766537, 0.7276264591439688, 0.7237354085603113]",3
passive_ordered,244,614,0.5499351491569391,0.7230869001297018,"[0.556420233463035, 0.5369649805447471, 0.556420233463035]","[0.7373540856031129, 0.7159533073929961, 0.7159533073929961]",3
passive_ordered,245,616,0.5512321660181583,0.7101167315175098,"[0.5525291828793775, 0.546692607003891, 0.5544747081712063]","[0.7062256809338522, 0.7120622568093385, 0.7120622568093385]",3
passive_ordered,246,618,0.5473411154345007,0.7127107652399481,"[0.5525291828793775, 0.5233463035019456, 0.566147859922179]","[0.708171206225681, 0.7159533073929961, 0.7140077821011673]",3
passive_ordered,247,620,0.556420233463035,0.7120622568093385,"[0.5428015564202334, 0.5544747081712063, 0.5719844357976653]","[0.7159533073929961, 0.7120622568093385, 0.708171206225681]",3
passive_ordered,248,622,0.5505836575875487,0.7094682230869002,"[0.556420233463035, 0.5428015564202334, 0.5525291828793775]","[0.7023346303501945, 0.7062256809338522, 0.7198443579766537]",3
passive_ordered,249,624,0.5440985732814526,0.7153047989623865,"[0.5505836575875487, 0.5369649805447471, 0.5447470817120622]","[0.7101167315175098, 0.7159533073929961, 0.7198443579766537]",3
passive_ordered,250,626,0.5577172503242542,0.7159533073929961,"[0.5642023346303502, 0.5583657587548638, 0.5505836575875487]","[0.7159533073929961, 0.7178988326848249, 0.7140077821011673]",3
passive_ordered,251,628,0.5557717250324254,0.7146562905317769,"[0.5603112840466926, 0.5525291828793775, 0.5544747081712063]","[0.7237354085603113, 0.7101167315175098, 0.7101167315175098]",3
passive_ordered,252,630,0.5642023346303501,0.7347600518806745,"[0.5700389105058365, 0.5758754863813229, 0.546692607003891]","[0.7392996108949417, 0.7217898832684825, 0.7431906614785992]",3
passive_ordered,253,632,0.5648508430609598,0.7412451361867705,"[0.5622568093385214, 0.566147859922179, 0.566147859922179]","[0.7431906614785992, 0.7431906614785992, 0.7373540856031129]",3
passive_ordered,254,634,0.5667963683527886,0.7341115434500649,"[0.5700389105058365, 0.566147859922179, 0.5642023346303502]","[0.7373540856031129, 0.7315175097276264, 0.7334630350194552]",3
passive_ordered,255,636,0.566147859922179,0.7399481193255513,"[0.566147859922179, 0.5544747081712063, 0.5778210116731517]","[0.7412451361867705, 0.7373540856031129, 0.7412451361867705]",3
passive_ordered,256,638,0.5642023346303502,0.7360570687418937,"[0.5603112840466926, 0.5700389105058365, 0.5622568093385214]","[0.7334630350194552, 0.745136186770428, 0.7295719844357976]",3
passive_ordered,257,640,0.5765239948119326,0.7412451361867705,"[0.5642023346303502, 0.5797665369649806, 0.585603112840467]","[0.7354085603112841, 0.7490272373540856, 0.7392996108949417]",3
passive_ordered,258,642,0.5609597924773022,0.7405966277561609,"[0.5739299610894941, 0.5447470817120622, 0.5642023346303502]","[0.7412451361867705, 0.7431906614785992, 0.7373540856031129]",3
passive_ordered,259,644,0.5680933852140078,0.7431906614785992,"[0.5680933852140078, 0.5817120622568094, 0.5544747081712063]","[0.7354085603112841, 0.754863813229572, 0.7392996108949417]",3
passive_ordered,260,646,0.5680933852140078,0.7470817120622568,"[0.5642023346303502, 0.5622568093385214, 0.5778210116731517]","[0.7509727626459144, 0.7490272373540856, 0.7412451361867705]",3
passive_ordered,261,648,0.5700389105058365,0.7457846952010376,"[0.566147859922179, 0.566147859922179, 0.5778210116731517]","[0.7470817120622568, 0.7490272373540856, 0.7412451361867705]",3
passive_ordered,262,650,0.5752269779507134,0.745136186770428,"[0.5700389105058365, 0.5758754863813229, 0.5797665369649806]","[0.7412451361867705, 0.745136186770428, 0.7490272373540856]",3
passive_ordered,263,652,0.5642023346303502,0.7399481193255513,"[0.566147859922179, 0.5719844357976653, 0.5544747081712063]","[0.7490272373540856, 0.7373540856031129, 0.7334630350194552]",3
passive_ordered,264,654,0.5778210116731517,0.7438391699092088,"[0.5875486381322957, 0.5680933852140078, 0.5778210116731517]","[0.7470817120622568, 0.7412451361867705, 0.7431906614785992]",3
passive_ordered,265,656,0.5752269779507133,0.7425421530479897,"[0.5778210116731517, 0.5739299610894941, 0.5739299610894941]","[0.7373540856031129, 0.745136186770428, 0.745136186770428]",3
passive_ordered,266,658,0.5726329442282749,0.7477302204928664,"[0.5797665369649806, 0.5758754863813229, 0.5622568093385214]","[0.7568093385214008, 0.745136186770428, 0.7412451361867705]",3
passive_ordered,267,660,0.5661478599221791,0.74189364461738,"[0.5447470817120622, 0.5719844357976653, 0.5817120622568094]","[0.745136186770428, 0.745136186770428, 0.7354085603112841]",3
passive_ordered,268,662,0.5791180285343709,0.7496757457846952,"[0.5778210116731517, 0.5836575875486382, 0.5758754863813229]","[0.7490272373540856, 0.7470817120622568, 0.7529182879377432]",3
passive_ordered,269,664,0.562905317769131,0.745136186770428,"[0.566147859922179, 0.566147859922179, 0.556420233463035]","[0.7392996108949417, 0.7529182879377432, 0.7431906614785992]",3
passive_ordered,270,666,0.5732814526588845,0.748378728923476,"[0.5778210116731517, 0.5719844357976653, 0.5700389105058365]","[0.754863813229572, 0.745136186770428, 0.745136186770428]",3
passive_ordered,271,668,0.5674448767833982,0.7496757457846952,"[0.5603112840466926, 0.5700389105058365, 0.5719844357976653]","[0.7470817120622568, 0.754863813229572, 0.7470817120622568]",3
passive_ordered,272,670,0.5713359273670557,0.748378728923476,"[0.5700389105058365, 0.5700389105058365, 0.5739299610894941]","[0.7490272373540856, 0.7470817120622568, 0.7490272373540856]",3
passive_ordered,273,672,0.5674448767833982,0.7490272373540856,"[0.5836575875486382, 0.5603112840466926, 0.5583657587548638]","[0.7470817120622568, 0.7509727626459144, 0.7490272373540856]",3
passive_ordered,274,674,0.5680933852140078,0.7477302204928664,"[0.5680933852140078, 0.566147859922179, 0.5700389105058365]","[0.7509727626459144, 0.7470817120622568, 0.745136186770428]",3
passive_ordered,275,676,0.5849546044098574,0.75810635538262,"[0.5875486381322957, 0.5875486381322957, 0.5797665369649806]","[0.7587548638132295, 0.7645914396887159, 0.7509727626459144]",3
passive_ordered,276,678,0.5830090791180286,0.7555123216601816,"[0.5836575875486382, 0.5797665369649806, 0.585603112840467]","[0.754863813229572, 0.754863813229572, 0.7568093385214008]",3
passive_ordered,277,680,0.5901426718547341,0.7613488975356679,"[0.5933852140077821, 0.5992217898832685, 0.5778210116731517]","[0.7607003891050583, 0.7626459143968871, 0.7607003891050583]",3
passive_ordered,278,682,0.585603112840467,0.7568093385214008,"[0.5914396887159533, 0.5914396887159533, 0.5739299610894941]","[0.7529182879377432, 0.7568093385214008, 0.7607003891050583]",3
passive_ordered,279,684,0.5810635538261998,0.7652399481193255,"[0.5817120622568094, 0.5894941634241245, 0.5719844357976653]","[0.7684824902723736, 0.7645914396887159, 0.7626459143968871]",3
passive_ordered,280,686,0.5907911802853437,0.7477302204928664,"[0.5914396887159533, 0.5933852140077821, 0.5875486381322957]","[0.7568093385214008, 0.7412451361867705, 0.745136186770428]",3
passive_ordered,281,688,0.5869001297016861,0.7607003891050583,"[0.585603112840467, 0.585603112840467, 0.5894941634241245]","[0.7626459143968871, 0.7626459143968871, 0.7568093385214008]",3
passive_ordered,282,690,0.5888456549935149,0.7561608300907912,"[0.5953307392996109, 0.5972762645914397, 0.5739299610894941]","[0.7587548638132295, 0.7587548638132295, 0.7509727626459144]",3
passive_ordered,283,692,0.5830090791180286,0.75810635538262,"[0.5914396887159533, 0.5778210116731517, 0.5797665369649806]","[0.754863813229572, 0.7626459143968871, 0.7568093385214008]",3
passive_ordered,284,694,0.5966277561608301,0.7613488975356679,"[0.5953307392996109, 0.5972762645914397, 0.5972762645914397]","[0.7607003891050583, 0.7665369649805448, 0.7568093385214008]",3
passive_ordered,285,696,0.6037613488975356,0.7613488975356679,"[0.5953307392996109, 0.6011673151750972, 0.6147859922178989]","[0.7529182879377432, 0.7684824902723736, 0.7626459143968871]",3
passive_ordered,286,698,0.5998702983138781,0.7600518806744487,"[0.6070038910505836, 0.5933852140077821, 0.5992217898832685]","[0.7587548638132295, 0.7626459143968871, 0.7587548638132295]",3
passive_ordered,287,700,0.6044098573281452,0.7658884565499351,"[0.6050583657587548, 0.6011673151750972, 0.6070038910505836]","[0.7645914396887159, 0.7684824902723736, 0.7645914396887159]",3
passive_ordered,288,702,0.6011673151750972,0.7645914396887159,"[0.6011673151750972, 0.6011673151750972, 0.6011673151750972]","[0.7645914396887159, 0.7645914396887159, 0.7645914396887159]",3
passive_ordered,289,704,0.603112840466926,0.7587548638132295,"[0.5992217898832685, 0.6089494163424124, 0.6011673151750972]","[0.7529182879377432, 0.7607003891050583, 0.7626459143968871]",3
passive_ordered,290,706,0.5959792477302205,0.7613488975356679,"[0.5972762645914397, 0.5992217898832685, 0.5914396887159533]","[0.7529182879377432, 0.7626459143968871, 0.7684824902723736]",3
passive_ordered,291,708,0.6005188067444877,0.75810635538262,"[0.603112840466926, 0.6089494163424124, 0.5894941634241245]","[0.7568093385214008, 0.7568093385214008, 0.7607003891050583]",3
passive_ordered,292,710,0.6037613488975356,0.7645914396887159,"[0.5953307392996109, 0.603112840466926, 0.6128404669260701]","[0.7607003891050583, 0.7645914396887159, 0.7684824902723736]",3
passive_ordered,293,712,0.5959792477302205,0.7619974059662775,"[0.5933852140077821, 0.5875486381322957, 0.6070038910505836]","[0.754863813229572, 0.7684824902723736, 0.7626459143968871]",3
passive_ordered,294,714,0.5966277561608301,0.7594033722438391,"[0.5972762645914397, 0.5953307392996109, 0.5972762645914397]","[0.7587548638132295, 0.7626459143968871, 0.7568093385214008]",3
passive_ordered,295,716,0.6024643320363164,0.7717250324254216,"[0.6070038910505836, 0.5992217898832685, 0.6011673151750972]","[0.7704280155642024, 0.7723735408560312, 0.7723735408560312]",3
passive_ordered,296,718,0.6083009079118029,0.7652399481193255,"[0.6011673151750972, 0.6128404669260701, 0.6108949416342413]","[0.7607003891050583, 0.7684824902723736, 0.7665369649805448]",3
passive_ordered,297,720,0.603112840466926,0.7730220492866408,"[0.6070038910505836, 0.5972762645914397, 0.6050583657587548]","[0.7684824902723736, 0.7782101167315175, 0.7723735408560312]",3
passive_ordered,298,722,0.6018158236057068,0.7691309987029831,"[0.5875486381322957, 0.6070038910505836, 0.6108949416342413]","[0.7607003891050583, 0.77431906614786, 0.7723735408560312]",3
passive_ordered,299,724,0.6076523994811933,0.7645914396887159,"[0.6147859922178989, 0.6089494163424124, 0.5992217898832685]","[0.7645914396887159, 0.7607003891050583, 0.7684824902723736]",3
passive_ordered,300,726,0.6057068741893644,0.7684824902723735,"[0.6070038910505836, 0.603112840466926, 0.6070038910505836]","[0.7645914396887159, 0.7645914396887159, 0.7762645914396887]",3
passive_ordered,301,728,0.6024643320363164,0.7632944228274967,"[0.5972762645914397, 0.5972762645914397, 0.6128404669260701]","[0.7568093385214008, 0.7626459143968871, 0.7704280155642024]",3
passive_ordered,302,730,0.6095979247730221,0.7691309987029831,"[0.6128404669260701, 0.6050583657587548, 0.6108949416342413]","[0.7645914396887159, 0.7782101167315175, 0.7645914396887159]",3
passive_ordered,303,732,0.6180285343709468,0.7730220492866408,"[0.6245136186770428, 0.6245136186770428, 0.6050583657587548]","[0.7723735408560312, 0.7782101167315175, 0.7684824902723736]",3
passive_ordered,304,734,0.6199740596627756,0.7756160830090791,"[0.6206225680933852, 0.622568093385214, 0.6167315175097277]","[0.7723735408560312, 0.7723735408560312, 0.7821011673151751]",3
passive_ordered,305,736,0.6121919584954605,0.7736705577172504,"[0.603112840466926, 0.6284046692607004, 0.6050583657587548]","[0.7762645914396887, 0.7704280155642024, 0.77431906614786]",3
passive_ordered,306,738,0.6167315175097277,0.7723735408560312,"[0.6050583657587548, 0.6147859922178989, 0.6303501945525292]","[0.77431906614786, 0.7704280155642024, 0.7723735408560312]",3
passive_ordered,307,740,0.6160830090791181,0.7749675745784695,"[0.6128404669260701, 0.6108949416342413, 0.6245136186770428]","[0.7821011673151751, 0.77431906614786, 0.7684824902723736]",3
passive_ordered,308,742,0.6180285343709468,0.771076523994812,"[0.6186770428015564, 0.6167315175097277, 0.6186770428015564]","[0.7704280155642024, 0.7704280155642024, 0.7723735408560312]",3
passive_ordered,309,744,0.6121919584954605,0.7756160830090791,"[0.6089494163424124, 0.6128404669260701, 0.6147859922178989]","[0.7723735408560312, 0.7762645914396887, 0.7782101167315175]",3
passive_ordered,310,746,0.6070038910505837,0.7658884565499351,"[0.6108949416342413, 0.6011673151750972, 0.6089494163424124]","[0.7626459143968871, 0.7704280155642024, 0.7645914396887159]",3
passive_ordered,311,748,0.619325551232166,0.7762645914396887,"[0.6128404669260701, 0.6186770428015564, 0.6264591439688716]","[0.7704280155642024, 0.7821011673151751, 0.7762645914396887]",3
passive_ordered,312,750,0.6160830090791181,0.7814526588845655,"[0.6167315175097277, 0.622568093385214, 0.6089494163424124]","[0.7859922178988327, 0.7840466926070039, 0.77431906614786]",3
passive_ordered,313,752,0.6199740596627756,0.7762645914396887,"[0.632295719844358, 0.6070038910505836, 0.6206225680933852]","[0.7762645914396887, 0.7821011673151751, 0.7704280155642024]",3
passive_ordered,314,754,0.6271076523994812,0.7723735408560312,"[0.6186770428015564, 0.6245136186770428, 0.6381322957198443]","[0.7723735408560312, 0.7762645914396887, 0.7684824902723736]",3
passive_ordered,315,756,0.622568093385214,0.7775616083009079,"[0.6108949416342413, 0.622568093385214, 0.6342412451361867]","[0.7723735408560312, 0.7840466926070039, 0.7762645914396887]",3
passive_ordered,316,758,0.6186770428015564,0.7775616083009079,"[0.6089494163424124, 0.622568093385214, 0.6245136186770428]","[0.7762645914396887, 0.7801556420233463, 0.7762645914396887]",3
passive_ordered,317,760,0.6141374837872893,0.7795071335927367,"[0.6167315175097277, 0.6186770428015564, 0.6070038910505836]","[0.7821011673151751, 0.7704280155642024, 0.7859922178988327]",3
passive_ordered,318,762,0.6173800259403373,0.7801556420233463,"[0.6167315175097277, 0.6128404669260701, 0.622568093385214]","[0.7840466926070039, 0.7801556420233463, 0.7762645914396887]",3
passive_ordered,319,764,0.622568093385214,0.7775616083009079,"[0.6206225680933852, 0.6303501945525292, 0.6167315175097277]","[0.77431906614786, 0.77431906614786, 0.7840466926070039]",3
passive_ordered,320,766,0.6335927367055771,0.7814526588845655,"[0.6303501945525292, 0.6361867704280155, 0.6342412451361867]","[0.7782101167315175, 0.7879377431906615, 0.7782101167315175]",3
passive_ordered,321,768,0.62905317769131,0.7859922178988327,"[0.6303501945525292, 0.6284046692607004, 0.6284046692607004]","[0.7859922178988327, 0.7898832684824902, 0.7821011673151751]",3
passive_ordered,322,770,0.6297016861219196,0.7911802853437094,"[0.6245136186770428, 0.622568093385214, 0.642023346303502]","[0.7879377431906615, 0.7898832684824902, 0.7957198443579766]",3
passive_ordered,323,772,0.6245136186770428,0.7866407263294423,"[0.6128404669260701, 0.6361867704280155, 0.6245136186770428]","[0.7821011673151751, 0.7937743190661478, 0.7840466926070039]",3
passive_ordered,324,774,0.6303501945525292,0.7859922178988327,"[0.6400778210116731, 0.6284046692607004, 0.622568093385214]","[0.7859922178988327, 0.7840466926070039, 0.7879377431906615]",3
passive_ordered,325,776,0.6374837872892347,0.7840466926070039,"[0.6381322957198443, 0.632295719844358, 0.642023346303502]","[0.7840466926070039, 0.7898832684824902, 0.7782101167315175]",3
passive_ordered,326,778,0.6368352788586251,0.7911802853437094,"[0.632295719844358, 0.6400778210116731, 0.6381322957198443]","[0.7859922178988327, 0.791828793774319, 0.7957198443579766]",3
passive_ordered,327,780,0.6433203631647211,0.7931258106355382,"[0.6536964980544747, 0.6381322957198443, 0.6381322957198443]","[0.791828793774319, 0.7976653696498055, 0.7898832684824902]",3
passive_ordered,328,782,0.6420233463035019,0.7905317769130998,"[0.642023346303502, 0.6361867704280155, 0.6478599221789884]","[0.7859922178988327, 0.7937743190661478, 0.791828793774319]",3
passive_ordered,329,784,0.6472114137483787,0.7957198443579768,"[0.6361867704280155, 0.6634241245136187, 0.642023346303502]","[0.791828793774319, 0.7976653696498055, 0.7976653696498055]",3
passive_ordered,330,786,0.6439688715953307,0.7983138780804152,"[0.6284046692607004, 0.6498054474708171, 0.6536964980544747]","[0.7898832684824902, 0.7996108949416343, 0.8054474708171206]",3
passive_ordered,331,788,0.6348897535667963,0.7976653696498054,"[0.6303501945525292, 0.6361867704280155, 0.6381322957198443]","[0.7976653696498055, 0.8015564202334631, 0.7937743190661478]",3
passive_ordered,332,790,0.6381322957198443,0.7924773022049286,"[0.6439688715953308, 0.6245136186770428, 0.6459143968871596]","[0.7898832684824902, 0.791828793774319, 0.7957198443579766]",3
passive_ordered,333,792,0.6400778210116731,0.7931258106355382,"[0.6361867704280155, 0.642023346303502, 0.642023346303502]","[0.7937743190661478, 0.791828793774319, 0.7937743190661478]",3
passive_ordered,334,794,0.6381322957198443,0.7957198443579766,"[0.6439688715953308, 0.6303501945525292, 0.6400778210116731]","[0.7937743190661478, 0.7996108949416343, 0.7937743190661478]",3
passive_ordered,335,796,0.6459143968871596,0.7963683527885862,"[0.6459143968871596, 0.6498054474708171, 0.642023346303502]","[0.7937743190661478, 0.7937743190661478, 0.8015564202334631]",3
passive_ordered,336,798,0.6348897535667963,0.7976653696498054,"[0.622568093385214, 0.6439688715953308, 0.6381322957198443]","[0.8015564202334631, 0.8054474708171206, 0.7859922178988327]",3
passive_ordered,337,800,0.6426718547341116,0.8015564202334632,"[0.642023346303502, 0.6439688715953308, 0.642023346303502]","[0.7996108949416343, 0.8035019455252919, 0.8015564202334631]",3
passive_ordered,338,802,0.6381322957198443,0.7983138780804152,"[0.642023346303502, 0.6303501945525292, 0.642023346303502]","[0.7976653696498055, 0.7937743190661478, 0.8035019455252919]",3
passive_ordered,339,804,0.6381322957198443,0.7976653696498054,"[0.6303501945525292, 0.6342412451361867, 0.6498054474708171]","[0.8015564202334631, 0.7957198443579766, 0.7957198443579766]",3
passive_ordered,340,806,0.6381322957198443,0.7989623865110248,"[0.6400778210116731, 0.6361867704280155, 0.6381322957198443]","[0.8035019455252919, 0.7957198443579766, 0.7976653696498055]",3
passive_ordered,341,808,0.646562905317769,0.798313878080415,"[0.6381322957198443, 0.6478599221789884, 0.6536964980544747]","[0.8015564202334631, 0.7976653696498055, 0.7957198443579766]",3
passive_ordered,342,810,0.6517509727626459,0.8015564202334632,"[0.6439688715953308, 0.6575875486381323, 0.6536964980544747]","[0.7976653696498055, 0.8035019455252919, 0.8035019455252919]",3
passive_ordered,343,812,0.6446173800259404,0.8009079118028536,"[0.6556420233463035, 0.642023346303502, 0.6361867704280155]","[0.7976653696498055, 0.7976653696498055, 0.8073929961089494]",3
passive_ordered,344,814,0.648508430609598,0.7996108949416344,"[0.6498054474708171, 0.6459143968871596, 0.6498054474708171]","[0.7937743190661478, 0.7996108949416343, 0.8054474708171206]",3
passive_ordered,345,816,0.646562905317769,0.7989623865110246,"[0.6400778210116731, 0.6575875486381323, 0.642023346303502]","[0.7957198443579766, 0.8054474708171206, 0.7957198443579766]",3
passive_ordered,346,818,0.6517509727626458,0.8009079118028536,"[0.6498054474708171, 0.6381322957198443, 0.6673151750972762]","[0.8054474708171206, 0.7976653696498055, 0.7996108949416343]",3
passive_ordered,347,820,0.6433203631647212,0.797016861219196,"[0.6478599221789884, 0.642023346303502, 0.6400778210116731]","[0.7859922178988327, 0.7976653696498055, 0.8073929961089494]",3
passive_ordered,348,822,0.6504539559014267,0.8054474708171208,"[0.6517509727626459, 0.6517509727626459, 0.6478599221789884]","[0.8073929961089494, 0.8035019455252919, 0.8054474708171206]",3
passive_ordered,349,824,0.648508430609598,0.8009079118028536,"[0.6478599221789884, 0.6498054474708171, 0.6478599221789884]","[0.7957198443579766, 0.8035019455252919, 0.8035019455252919]",3
passive_ordered,350,826,0.6400778210116732,0.8028534370946824,"[0.6439688715953308, 0.6439688715953308, 0.632295719844358]","[0.8015564202334631, 0.7996108949416343, 0.8073929961089494]",3
active_random,1,129,0.4383916990920882,0.5181582360570687,"[0.4494163424124514, 0.44163424124513617, 0.42412451361867703]","[0.5155642023346303, 0.5214007782101168, 0.5175097276264592]",3
active_random,2,131,0.446822308690013,0.5311284046692607,"[0.46108949416342415, 0.4474708171206226, 0.43190661478599224]","[0.5350194552529183, 0.5311284046692607, 0.5272373540856031]",3
active_random,3,133,0.4591439688715953,0.5415045395590142,"[0.4669260700389105, 0.4649805447470817, 0.4455252918287938]","[0.5389105058365758, 0.5408560311284046, 0.5447470817120622]",3
active_random,4,135,0.4643320363164721,0.543450064850843,"[0.4688715953307393, 0.4669260700389105, 0.4571984435797665]","[0.5428015564202334, 0.5447470817120622, 0.5428015564202334]",3
active_random,5,137,0.45330739299610895,0.543450064850843,"[0.46303501945525294, 0.45136186770428016, 0.4455252918287938]","[0.5428015564202334, 0.5408560311284046, 0.546692607003891]",3
active_random,6,139,0.4578469520103761,0.5447470817120622,"[0.4649805447470817, 0.4571984435797665, 0.45136186770428016]","[0.5389105058365758, 0.5486381322957199, 0.546692607003891]",3
active_random,7,141,0.4636835278858625,0.5531776913099871,"[0.46303501945525294, 0.4669260700389105, 0.46108949416342415]","[0.5505836575875487, 0.5525291828793775, 0.556420233463035]",3
active_random,8,143,0.4623865110246433,0.540207522697795,"[0.46303501945525294, 0.4708171206225681, 0.45330739299610895]","[0.5389105058365758, 0.546692607003891, 0.5350194552529183]",3
active_random,9,145,0.4643320363164721,0.5428015564202334,"[0.4766536964980545, 0.46303501945525294, 0.45330739299610895]","[0.5428015564202334, 0.5428015564202334, 0.5428015564202334]",3
active_random,10,147,0.46498054474708167,0.546692607003891,"[0.47470817120622566, 0.46303501945525294, 0.4571984435797665]","[0.5486381322957199, 0.5486381322957199, 0.5428015564202334]",3
active_random,11,149,0.46887159533073924,0.5492866407263294,"[0.4708171206225681, 0.47470817120622566, 0.46108949416342415]","[0.5525291828793775, 0.5525291828793775, 0.5428015564202334]",3
active_random,12,151,0.46952010376134884,0.5486381322957198,"[0.4766536964980545, 0.4688715953307393, 0.46303501945525294]","[0.5486381322957199, 0.5505836575875487, 0.546692607003891]",3
active_random,13,153,0.47211413748378733,0.546692607003891,"[0.4785992217898833, 0.4785992217898833, 0.4591439688715953]","[0.5505836575875487, 0.5447470817120622, 0.5447470817120622]",3
active_random,14,155,0.47081712062256803,0.5512321660181582,"[0.4708171206225681, 0.4688715953307393, 0.4727626459143969]","[0.5525291828793775, 0.5544747081712063, 0.546692607003891]",3
active_random,15,157,0.4734111543450064,0.5512321660181582,"[0.4727626459143969, 0.47470817120622566, 0.4727626459143969]","[0.5544747081712063, 0.556420233463035, 0.5428015564202334]",3
active_random,16,159,0.46887159533073924,0.5583657587548638,"[0.4649805447470817, 0.4766536964980545, 0.4649805447470817]","[0.5583657587548638, 0.5583657587548638, 0.5583657587548638]",3
active_random,17,161,0.4792477302204929,0.5680933852140078,"[0.48638132295719844, 0.4805447470817121, 0.4708171206225681]","[0.5719844357976653, 0.5700389105058365, 0.5622568093385214]",3
active_random,18,163,0.4824902723735409,0.5622568093385214,"[0.49221789883268485, 0.4785992217898833, 0.4766536964980545]","[0.5603112840466926, 0.5622568093385214, 0.5642023346303502]",3
active_random,19,165,0.4766536964980544,0.5700389105058365,"[0.48249027237354086, 0.47470817120622566, 0.4727626459143969]","[0.5680933852140078, 0.5739299610894941, 0.5680933852140078]",3
active_random,20,167,0.48184176394293127,0.5706874189364461,"[0.4785992217898833, 0.4883268482490272, 0.4785992217898833]","[0.5680933852140078, 0.5778210116731517, 0.566147859922179]",3
active_random,21,169,0.49221789883268485,0.5804150453955902,"[0.5019455252918288, 0.48443579766536965, 0.490272373540856]","[0.5836575875486382, 0.5778210116731517, 0.5797665369649806]",3
active_random,22,171,0.49481193255512324,0.5739299610894941,"[0.4980544747081712, 0.4980544747081712, 0.4883268482490272]","[0.5719844357976653, 0.5797665369649806, 0.5700389105058365]",3
active_random,23,173,0.49286640726329445,0.5739299610894942,"[0.490272373540856, 0.49221789883268485, 0.4961089494163424]","[0.5680933852140078, 0.5739299610894941, 0.5797665369649806]",3
active_random,24,175,0.4961089494163424,0.5869001297016861,"[0.5, 0.5, 0.4883268482490272]","[0.5797665369649806, 0.5875486381322957, 0.5933852140077821]",3
active_random,25,177,0.49286640726329445,0.5843060959792478,"[0.4961089494163424, 0.49416342412451364, 0.4883268482490272]","[0.5817120622568094, 0.5875486381322957, 0.5836575875486382]",3
active_random,26,179,0.496757457846952,0.5849546044098574,"[0.5058365758754864, 0.490272373540856, 0.49416342412451364]","[0.5797665369649806, 0.5914396887159533, 0.5836575875486382]",3
active_random,27,181,0.4993514915693904,0.5907911802853437,"[0.5058365758754864, 0.4961089494163424, 0.4961089494163424]","[0.5914396887159533, 0.5914396887159533, 0.5894941634241245]",3
active_random,28,183,0.503242542153048,0.5940337224383917,"[0.5136186770428015, 0.5019455252918288, 0.49416342412451364]","[0.5933852140077821, 0.5933852140077821, 0.5953307392996109]",3
active_random,29,185,0.5012970168612192,0.5914396887159533,"[0.5019455252918288, 0.5077821011673151, 0.49416342412451364]","[0.5914396887159533, 0.5953307392996109, 0.5875486381322957]",3
active_random,30,187,0.5084306095979247,0.6037613488975356,"[0.5136186770428015, 0.5077821011673151, 0.5038910505836576]","[0.603112840466926, 0.6070038910505836, 0.6011673151750972]",3
active_random,31,189,0.5129701686121919,0.6044098573281452,"[0.5136186770428015, 0.5136186770428015, 0.5116731517509727]","[0.6011673151750972, 0.6070038910505836, 0.6050583657587548]",3
active_random,32,191,0.519455252918288,0.6024643320363164,"[0.5311284046692607, 0.5175097276264592, 0.5097276264591439]","[0.603112840466926, 0.6089494163424124, 0.5953307392996109]",3
active_random,33,193,0.5136186770428015,0.6102464332036317,"[0.5214007782101168, 0.5155642023346303, 0.5038910505836576]","[0.6128404669260701, 0.6147859922178989, 0.603112840466926]",3
active_random,34,195,0.5123216601815823,0.6108949416342413,"[0.5116731517509727, 0.5116731517509727, 0.5136186770428015]","[0.6108949416342413, 0.6167315175097277, 0.6050583657587548]",3
active_random,35,197,0.5168612191958495,0.6102464332036317,"[0.5252918287937743, 0.5116731517509727, 0.5136186770428015]","[0.6050583657587548, 0.6167315175097277, 0.6089494163424124]",3
active_random,36,199,0.5181582360570688,0.6115434500648509,"[0.519455252918288, 0.5175097276264592, 0.5175097276264592]","[0.6128404669260701, 0.6147859922178989, 0.6070038910505836]",3
active_random,37,201,0.519455252918288,0.6083009079118029,"[0.5175097276264592, 0.5175097276264592, 0.5233463035019456]","[0.603112840466926, 0.6128404669260701, 0.6089494163424124]",3
active_random,38,203,0.5194552529182879,0.6154345006485085,"[0.5136186770428015, 0.5252918287937743, 0.519455252918288]","[0.6108949416342413, 0.6128404669260701, 0.622568093385214]",3
active_random,39,205,0.5246433203631647,0.6186770428015564,"[0.5214007782101168, 0.5272373540856031, 0.5252918287937743]","[0.6147859922178989, 0.6245136186770428, 0.6167315175097277]",3
active_random,40,207,0.5252918287937743,0.6199740596627756,"[0.5291828793774319, 0.5272373540856031, 0.519455252918288]","[0.6167315175097277, 0.6206225680933852, 0.622568093385214]",3
active_random,41,209,0.5291828793774319,0.6368352788586251,"[0.5272373540856031, 0.5369649805447471, 0.5233463035019456]","[0.6342412451361867, 0.642023346303502, 0.6342412451361867]",3
active_random,42,211,0.5311284046692607,0.6394293125810635,"[0.5233463035019456, 0.5350194552529183, 0.5350194552529183]","[0.6303501945525292, 0.6459143968871596, 0.642023346303502]",3
active_random,43,213,0.5363164721141375,0.6394293125810635,"[0.5389105058365758, 0.5428015564202334, 0.5272373540856031]","[0.6361867704280155, 0.6478599221789884, 0.6342412451361867]",3
active_random,44,215,0.5453955901426718,0.6478599221789884,"[0.5544747081712063, 0.5486381322957199, 0.5330739299610895]","[0.6439688715953308, 0.6556420233463035, 0.6439688715953308]",3
active_random,45,217,0.5440985732814526,0.6562905317769131,"[0.546692607003891, 0.546692607003891, 0.5389105058365758]","[0.6459143968871596, 0.6750972762645915, 0.6478599221789884]",3
active_random,46,219,0.5447470817120622,0.6556420233463035,"[0.5486381322957199, 0.5486381322957199, 0.5369649805447471]","[0.6536964980544747, 0.6634241245136187, 0.6498054474708171]",3
active_random,47,221,0.5512321660181583,0.6562905317769131,"[0.5505836575875487, 0.5525291828793775, 0.5505836575875487]","[0.6459143968871596, 0.6614785992217899, 0.6614785992217899]",3
active_random,48,223,0.5453955901426718,0.6608300907911803,"[0.5486381322957199, 0.5525291828793775, 0.5350194552529183]","[0.6478599221789884, 0.6750972762645915, 0.6595330739299611]",3
active_random,49,225,0.5505836575875486,0.6614785992217899,"[0.5525291828793775, 0.5544747081712063, 0.5447470817120622]","[0.6634241245136187, 0.6634241245136187, 0.6575875486381323]",3
active_random,50,227,0.5544747081712063,0.666018158236057,"[0.5447470817120622, 0.566147859922179, 0.5525291828793775]","[0.6575875486381323, 0.6770428015564203, 0.6634241245136187]",3
active_random,51,229,0.5525291828793775,0.6666666666666666,"[0.5486381322957199, 0.5525291828793775, 0.556420233463035]","[0.6634241245136187, 0.6712062256809338, 0.6653696498054474]",3
active_random,52,231,0.5525291828793775,0.6679636835278858,"[0.5505836575875487, 0.5525291828793775, 0.5544747081712063]","[0.6614785992217899, 0.6731517509727627, 0.669260700389105]",3
active_random,53,233,0.5648508430609598,0.6718547341115434,"[0.5642023346303502, 0.566147859922179, 0.5642023346303502]","[0.669260700389105, 0.6712062256809338, 0.6750972762645915]",3
active_random,54,235,0.5635538261997406,0.6718547341115434,"[0.5642023346303502, 0.5622568093385214, 0.5642023346303502]","[0.669260700389105, 0.6731517509727627, 0.6731517509727627]",3
active_random,55,237,0.5642023346303502,0.6770428015564202,"[0.5700389105058365, 0.5700389105058365, 0.5525291828793775]","[0.6712062256809338, 0.6828793774319066, 0.6770428015564203]",3
active_random,56,239,0.5765239948119325,0.6835278858625161,"[0.5758754863813229, 0.5817120622568094, 0.5719844357976653]","[0.6750972762645915, 0.688715953307393, 0.6867704280155642]",3
active_random,57,241,0.5752269779507133,0.6822308690012969,"[0.566147859922179, 0.5817120622568094, 0.5778210116731517]","[0.6731517509727627, 0.688715953307393, 0.6848249027237354]",3
active_random,58,243,0.5739299610894941,0.6815823605706873,"[0.5700389105058365, 0.5817120622568094, 0.5700389105058365]","[0.6750972762645915, 0.688715953307393, 0.6809338521400778]",3
active_random,59,245,0.5726329442282749,0.672503242542153,"[0.5680933852140078, 0.5719844357976653, 0.5778210116731517]","[0.669260700389105, 0.6770428015564203, 0.6712062256809338]",3
active_random,60,247,0.5726329442282749,0.678988326848249,"[0.5680933852140078, 0.5739299610894941, 0.5758754863813229]","[0.6731517509727627, 0.6828793774319066, 0.6809338521400778]",3
active_random,61,249,0.575875486381323,0.678988326848249,"[0.5642023346303502, 0.5778210116731517, 0.585603112840467]","[0.6731517509727627, 0.6809338521400778, 0.6828793774319066]",3
active_random,62,251,0.566147859922179,0.6718547341115434,"[0.5642023346303502, 0.5680933852140078, 0.566147859922179]","[0.6673151750972762, 0.6750972762645915, 0.6731517509727627]",3
active_random,63,253,0.5745784695201037,0.675745784695201,"[0.5817120622568094, 0.5642023346303502, 0.5778210116731517]","[0.6770428015564203, 0.6673151750972762, 0.6828793774319066]",3
active_random,64,255,0.5745784695201037,0.675745784695201,"[0.5719844357976653, 0.5739299610894941, 0.5778210116731517]","[0.6731517509727627, 0.6770428015564203, 0.6770428015564203]",3
active_random,65,257,0.5726329442282749,0.6770428015564202,"[0.5719844357976653, 0.5680933852140078, 0.5778210116731517]","[0.6809338521400778, 0.6750972762645915, 0.6750972762645915]",3
active_random,66,259,0.5739299610894941,0.6783398184176394,"[0.5719844357976653, 0.5778210116731517, 0.5719844357976653]","[0.6848249027237354, 0.6731517509727627, 0.6770428015564203]",3
active_random,67,261,0.569390402075227,0.6822308690012969,"[0.5622568093385214, 0.5719844357976653, 0.5739299610894941]","[0.6770428015564203, 0.688715953307393, 0.6809338521400778]",3
active_random,68,263,0.5706874189364461,0.6815823605706873,"[0.566147859922179, 0.5758754863813229, 0.5700389105058365]","[0.6750972762645915, 0.6828793774319066, 0.6867704280155642]",3
active_random,69,265,0.5687418936446174,0.6809338521400777,"[0.5700389105058365, 0.5778210116731517, 0.5583657587548638]","[0.6789883268482491, 0.6867704280155642, 0.6770428015564203]",3
active_random,70,267,0.5726329442282749,0.678988326848249,"[0.5758754863813229, 0.5680933852140078, 0.5739299610894941]","[0.6673151750972762, 0.6848249027237354, 0.6848249027237354]",3
active_random,71,269,0.5706874189364461,0.6783398184176394,"[0.5622568093385214, 0.5758754863813229, 0.5739299610894941]","[0.669260700389105, 0.6828793774319066, 0.6828793774319066]",3
active_random,72,271,0.5680933852140078,0.6731517509727626,"[0.5719844357976653, 0.5680933852140078, 0.5642023346303502]","[0.6750972762645915, 0.6750972762645915, 0.669260700389105]",3
active_random,73,273,0.5752269779507134,0.6939040207522696,"[0.5719844357976653, 0.5680933852140078, 0.585603112840467]","[0.6964980544747081, 0.7003891050583657, 0.6848249027237354]",3
active_random,74,275,0.5881971465629053,0.6913099870298313,"[0.585603112840467, 0.5875486381322957, 0.5914396887159533]","[0.6848249027237354, 0.6984435797665369, 0.6906614785992218]",3
active_random,75,277,0.5784695201037613,0.6841763942931257,"[0.5778210116731517, 0.5817120622568094, 0.5758754863813229]","[0.6809338521400778, 0.688715953307393, 0.6828793774319066]",3
active_random,76,279,0.582360570687419,0.6874189364461737,"[0.5817120622568094, 0.5817120622568094, 0.5836575875486382]","[0.688715953307393, 0.6848249027237354, 0.688715953307393]",3
active_random,77,281,0.5914396887159533,0.6880674448767833,"[0.5914396887159533, 0.5914396887159533, 0.5914396887159533]","[0.6867704280155642, 0.6906614785992218, 0.6867704280155642]",3
active_random,78,283,0.5830090791180286,0.6913099870298313,"[0.5894941634241245, 0.5836575875486382, 0.5758754863813229]","[0.6828793774319066, 0.7023346303501945, 0.688715953307393]",3
active_random,79,285,0.5875486381322957,0.6939040207522696,"[0.5914396887159533, 0.5739299610894941, 0.5972762645914397]","[0.6906614785992218, 0.6984435797665369, 0.6926070038910506]",3
active_random,80,287,0.5875486381322957,0.6945525291828792,"[0.585603112840467, 0.585603112840467, 0.5914396887159533]","[0.6906614785992218, 0.6984435797665369, 0.6945525291828794]",3
active_random,81,289,0.585603112840467,0.6952010376134888,"[0.585603112840467, 0.5894941634241245, 0.5817120622568094]","[0.688715953307393, 0.6964980544747081, 0.7003891050583657]",3
active_random,82,291,0.5843060959792478,0.69325551232166,"[0.5758754863813229, 0.585603112840467, 0.5914396887159533]","[0.6867704280155642, 0.7003891050583657, 0.6926070038910506]",3
active_random,83,293,0.5914396887159533,0.6900129701686121,"[0.585603112840467, 0.5894941634241245, 0.5992217898832685]","[0.6926070038910506, 0.6906614785992218, 0.6867704280155642]",3
active_random,84,295,0.5901426718547341,0.696498054474708,"[0.5914396887159533, 0.5836575875486382, 0.5953307392996109]","[0.6945525291828794, 0.6926070038910506, 0.7023346303501945]",3
active_random,85,297,0.5843060959792478,0.6984435797665368,"[0.5836575875486382, 0.5875486381322957, 0.5817120622568094]","[0.6926070038910506, 0.7042801556420234, 0.6984435797665369]",3
active_random,86,299,0.5888456549935149,0.7068741893644618,"[0.5933852140077821, 0.5836575875486382, 0.5894941634241245]","[0.708171206225681, 0.6964980544747081, 0.7159533073929961]",3
active_random,87,301,0.5894941634241245,0.7029831387808042,"[0.5875486381322957, 0.5836575875486382, 0.5972762645914397]","[0.7003891050583657, 0.7042801556420234, 0.7042801556420234]",3
active_random,88,303,0.5940337224383917,0.708171206225681,"[0.5972762645914397, 0.5914396887159533, 0.5933852140077821]","[0.7023346303501945, 0.7159533073929961, 0.7062256809338522]",3
active_random,89,305,0.603112840466926,0.7178988326848249,"[0.5992217898832685, 0.6011673151750972, 0.6089494163424124]","[0.7062256809338522, 0.7315175097276264, 0.7159533073929961]",3
active_random,90,307,0.5972762645914397,0.7153047989623865,"[0.5914396887159533, 0.6011673151750972, 0.5992217898832685]","[0.7120622568093385, 0.7198443579766537, 0.7140077821011673]",3
active_random,91,309,0.5979247730220493,0.7120622568093385,"[0.6011673151750972, 0.5953307392996109, 0.5972762645914397]","[0.7023346303501945, 0.7237354085603113, 0.7101167315175098]",3
active_random,92,311,0.5940337224383917,0.7204928664072633,"[0.5894941634241245, 0.6011673151750972, 0.5914396887159533]","[0.7159533073929961, 0.7217898832684825, 0.7237354085603113]",3
active_random,93,313,0.5959792477302205,0.7159533073929961,"[0.585603112840467, 0.5972762645914397, 0.6050583657587548]","[0.7101167315175098, 0.7237354085603113, 0.7140077821011673]",3
active_random,94,315,0.6050583657587548,0.7185473411154345,"[0.6070038910505836, 0.6050583657587548, 0.603112840466926]","[0.7120622568093385, 0.72568093385214, 0.7178988326848249]",3
active_random,95,317,0.5985732814526589,0.7237354085603113,"[0.5972762645914397, 0.5992217898832685, 0.5992217898832685]","[0.7217898832684825, 0.7217898832684825, 0.7276264591439688]",3
active_random,96,319,0.606355382619974,0.7191958495460441,"[0.6089494163424124, 0.6089494163424124, 0.6011673151750972]","[0.7198443579766537, 0.72568093385214, 0.7120622568093385]",3
active_random,97,321,0.6102464332036317,0.7321660181582361,"[0.6147859922178989, 0.6108949416342413, 0.6050583657587548]","[0.72568093385214, 0.7412451361867705, 0.7295719844357976]",3
active_random,98,323,0.6095979247730221,0.7250324254215305,"[0.6167315175097277, 0.6070038910505836, 0.6050583657587548]","[0.7140077821011673, 0.7334630350194552, 0.7276264591439688]",3
active_random,99,325,0.6076523994811933,0.7263294422827498,"[0.6147859922178989, 0.6128404669260701, 0.5953307392996109]","[0.7159533073929961, 0.7392996108949417, 0.7237354085603113]",3
active_random,100,327,0.6121919584954605,0.7321660181582361,"[0.6108949416342413, 0.6167315175097277, 0.6089494163424124]","[0.72568093385214, 0.745136186770428, 0.72568093385214]",3
active_random,101,329,0.6232166018158236,0.7289234760051881,"[0.6303501945525292, 0.6264591439688716, 0.6128404669260701]","[0.7276264591439688, 0.7373540856031129, 0.7217898832684825]",3
active_random,102,331,0.6238651102464332,0.7360570687418937,"[0.6245136186770428, 0.6284046692607004, 0.6186770428015564]","[0.7373540856031129, 0.7373540856031129, 0.7334630350194552]",3
active_random,103,333,0.6277561608300908,0.7380025940337225,"[0.6264591439688716, 0.6342412451361867, 0.622568093385214]","[0.7354085603112841, 0.7412451361867705, 0.7373540856031129]",3
active_random,104,335,0.632295719844358,0.7464332036316472,"[0.6342412451361867, 0.6264591439688716, 0.6361867704280155]","[0.745136186770428, 0.7509727626459144, 0.7431906614785992]",3
active_random,105,337,0.6199740596627756,0.7457846952010376,"[0.6245136186770428, 0.6167315175097277, 0.6186770428015564]","[0.7431906614785992, 0.754863813229572, 0.7392996108949417]",3
active_random,106,339,0.622568093385214,0.7386511024643321,"[0.6303501945525292, 0.622568093385214, 0.6147859922178989]","[0.7295719844357976, 0.745136186770428, 0.7412451361867705]",3
active_random,107,341,0.6251621271076524,0.7425421530479897,"[0.6303501945525292, 0.6264591439688716, 0.6186770428015564]","[0.7412451361867705, 0.7470817120622568, 0.7392996108949417]",3
active_random,108,343,0.625810635538262,0.7405966277561609,"[0.6303501945525292, 0.6284046692607004, 0.6186770428015564]","[0.7315175097276264, 0.7412451361867705, 0.7490272373540856]",3
active_random,109,345,0.6219195849546044,0.7399481193255513,"[0.6206225680933852, 0.6186770428015564, 0.6264591439688716]","[0.7354085603112841, 0.7470817120622568, 0.7373540856031129]",3
active_random,110,347,0.6316472114137484,0.7412451361867705,"[0.6400778210116731, 0.6361867704280155, 0.6186770428015564]","[0.7373540856031129, 0.7509727626459144, 0.7354085603112841]",3
active_random,111,349,0.6309987029831388,0.7438391699092088,"[0.6303501945525292, 0.632295719844358, 0.6303501945525292]","[0.7334630350194552, 0.7568093385214008, 0.7412451361867705]",3
active_random,112,351,0.6303501945525292,0.748378728923476,"[0.6381322957198443, 0.622568093385214, 0.6303501945525292]","[0.7412451361867705, 0.7607003891050583, 0.7431906614785992]",3
active_random,113,353,0.6329442282749675,0.7470817120622568,"[0.632295719844358, 0.6342412451361867, 0.632295719844358]","[0.7412451361867705, 0.7568093385214008, 0.7431906614785992]",3
active_random,114,355,0.6342412451361867,0.7509727626459144,"[0.6361867704280155, 0.642023346303502, 0.6245136186770428]","[0.7490272373540856, 0.7529182879377432, 0.7509727626459144]",3
active_random,115,357,0.6303501945525292,0.7503242542153048,"[0.6245136186770428, 0.6400778210116731, 0.6264591439688716]","[0.7470817120622568, 0.7529182879377432, 0.7509727626459144]",3
active_random,116,359,0.632295719844358,0.7509727626459144,"[0.6361867704280155, 0.6245136186770428, 0.6361867704280155]","[0.7392996108949417, 0.7587548638132295, 0.754863813229572]",3
active_random,117,361,0.6335927367055771,0.7529182879377432,"[0.6284046692607004, 0.642023346303502, 0.6303501945525292]","[0.7412451361867705, 0.7607003891050583, 0.7568093385214008]",3
active_random,118,363,0.6329442282749675,0.7522697795071336,"[0.642023346303502, 0.632295719844358, 0.6245136186770428]","[0.7431906614785992, 0.7529182879377432, 0.7607003891050583]",3
active_random,119,365,0.6309987029831388,0.7594033722438391,"[0.6245136186770428, 0.6361867704280155, 0.632295719844358]","[0.7587548638132295, 0.7684824902723736, 0.7509727626459144]",3
active_random,120,367,0.6374837872892347,0.7568093385214008,"[0.6361867704280155, 0.6381322957198443, 0.6381322957198443]","[0.7587548638132295, 0.7607003891050583, 0.7509727626459144]",3
active_random,121,369,0.6303501945525292,0.7574578469520103,"[0.6342412451361867, 0.632295719844358, 0.6245136186770428]","[0.7529182879377432, 0.7723735408560312, 0.7470817120622568]",3
active_random,122,371,0.6381322957198443,0.7600518806744487,"[0.632295719844358, 0.6400778210116731, 0.642023346303502]","[0.754863813229572, 0.7645914396887159, 0.7607003891050583]",3
active_random,123,373,0.6426718547341116,0.75810635538262,"[0.6439688715953308, 0.6536964980544747, 0.6303501945525292]","[0.7568093385214008, 0.7626459143968871, 0.754863813229572]",3
active_random,124,375,0.6459143968871596,0.7587548638132295,"[0.6517509727626459, 0.6439688715953308, 0.642023346303502]","[0.754863813229572, 0.7665369649805448, 0.754863813229572]",3
active_random,125,377,0.642023346303502,0.7561608300907912,"[0.6439688715953308, 0.6478599221789884, 0.6342412451361867]","[0.7490272373540856, 0.7645914396887159, 0.754863813229572]",3
active_random,126,379,0.6439688715953308,0.7529182879377432,"[0.6478599221789884, 0.6478599221789884, 0.6361867704280155]","[0.745136186770428, 0.7626459143968871, 0.7509727626459144]",3
active_random,127,381,0.6472114137483787,0.7639429312581063,"[0.6400778210116731, 0.6478599221789884, 0.6536964980544747]","[0.7509727626459144, 0.7762645914396887, 0.7645914396887159]",3
active_random,128,383,0.6472114137483788,0.7671854734111543,"[0.6478599221789884, 0.6498054474708171, 0.6439688715953308]","[0.7607003891050583, 0.77431906614786, 0.7665369649805448]",3
active_random,129,385,0.64526588845655,0.7645914396887159,"[0.642023346303502, 0.6536964980544747, 0.6400778210116731]","[0.7665369649805448, 0.7665369649805448, 0.7607003891050583]",3
active_random,130,387,0.6446173800259403,0.771076523994812,"[0.6342412451361867, 0.6556420233463035, 0.6439688715953308]","[0.7684824902723736, 0.7762645914396887, 0.7684824902723736]",3
active_random,131,389,0.6523994811932555,0.7730220492866406,"[0.6478599221789884, 0.6498054474708171, 0.6595330739299611]","[0.7626459143968871, 0.7782101167315175, 0.7782101167315175]",3
active_random,132,391,0.6562905317769131,0.7788586251621271,"[0.6536964980544747, 0.6634241245136187, 0.6517509727626459]","[0.7782101167315175, 0.7840466926070039, 0.77431906614786]",3
active_random,133,393,0.6543450064850843,0.77431906614786,"[0.6536964980544747, 0.6536964980544747, 0.6556420233463035]","[0.7684824902723736, 0.77431906614786, 0.7801556420233463]",3
active_random,134,395,0.6601815823605707,0.7762645914396887,"[0.6634241245136187, 0.6556420233463035, 0.6614785992217899]","[0.7704280155642024, 0.7840466926070039, 0.77431906614786]",3
active_random,135,397,0.6634241245136187,0.778858625162127,"[0.6595330739299611, 0.669260700389105, 0.6614785992217899]","[0.7626459143968871, 0.7957198443579766, 0.7782101167315175]",3
active_random,136,399,0.6686121919584954,0.7782101167315175,"[0.6634241245136187, 0.6750972762645915, 0.6673151750972762]","[0.77431906614786, 0.7859922178988327, 0.77431906614786]",3
active_random,137,401,0.6653696498054474,0.7762645914396887,"[0.6673151750972762, 0.6653696498054474, 0.6634241245136187]","[0.7665369649805448, 0.7840466926070039, 0.7782101167315175]",3
active_random,138,403,0.6601815823605707,0.7814526588845655,"[0.6595330739299611, 0.6653696498054474, 0.6556420233463035]","[0.7704280155642024, 0.7976653696498055, 0.7762645914396887]",3
active_random,139,405,0.6621271076523995,0.7769130998702983,"[0.6673151750972762, 0.6614785992217899, 0.6575875486381323]","[0.7684824902723736, 0.7859922178988327, 0.7762645914396887]",3
active_random,140,407,0.6595330739299611,0.7782101167315175,"[0.6556420233463035, 0.6517509727626459, 0.6712062256809338]","[0.7684824902723736, 0.7898832684824902, 0.7762645914396887]",3
active_random,141,409,0.6686121919584954,0.7827496757457847,"[0.6595330739299611, 0.6770428015564203, 0.669260700389105]","[0.7821011673151751, 0.7957198443579766, 0.7704280155642024]",3
active_random,142,411,0.6601815823605707,0.7775616083009079,"[0.6673151750972762, 0.6614785992217899, 0.6517509727626459]","[0.7665369649805448, 0.7898832684824902, 0.7762645914396887]",3
active_random,143,413,0.6705577172503242,0.7801556420233463,"[0.6634241245136187, 0.6828793774319066, 0.6653696498054474]","[0.7782101167315175, 0.7840466926070039, 0.7782101167315175]",3
active_random,144,415,0.672503242542153,0.7821011673151751,"[0.6712062256809338, 0.6809338521400778, 0.6653696498054474]","[0.7801556420233463, 0.7879377431906615, 0.7782101167315175]",3
active_random,145,417,0.6673151750972762,0.7808041504539559,"[0.6614785992217899, 0.6731517509727627, 0.6673151750972762]","[0.7762645914396887, 0.7898832684824902, 0.7762645914396887]",3
active_random,146,419,0.6673151750972762,0.7782101167315175,"[0.6712062256809338, 0.669260700389105, 0.6614785992217899]","[0.7684824902723736, 0.7898832684824902, 0.7762645914396887]",3
active_random,147,421,0.6640726329442282,0.7892347600518806,"[0.6634241245136187, 0.6731517509727627, 0.6556420233463035]","[0.7859922178988327, 0.7957198443579766, 0.7859922178988327]",3
active_random,148,423,0.6653696498054474,0.7905317769130998,"[0.6653696498054474, 0.6673151750972762, 0.6634241245136187]","[0.7821011673151751, 0.8054474708171206, 0.7840466926070039]",3
active_random,149,425,0.6653696498054474,0.7937743190661478,"[0.6653696498054474, 0.6653696498054474, 0.6653696498054474]","[0.7976653696498055, 0.8035019455252919, 0.7801556420233463]",3
active_random,150,427,0.6679636835278858,0.795071335927367,"[0.6634241245136187, 0.6712062256809338, 0.669260700389105]","[0.7898832684824902, 0.8035019455252919, 0.791828793774319]",3
active_random,151,429,0.669260700389105,0.7931258106355382,"[0.6712062256809338, 0.6712062256809338, 0.6653696498054474]","[0.7898832684824902, 0.8054474708171206, 0.7840466926070039]",3
active_random,152,431,0.6705577172503242,0.7846952010376135,"[0.6653696498054474, 0.6673151750972762, 0.6789883268482491]","[0.7840466926070039, 0.7937743190661478, 0.7762645914396887]",3
active_random,153,433,0.672503242542153,0.7905317769130998,"[0.6750972762645915, 0.669260700389105, 0.6731517509727627]","[0.7859922178988327, 0.7996108949416343, 0.7859922178988327]",3
active_random,154,435,0.6738002594033722,0.7944228274967574,"[0.6770428015564203, 0.6731517509727627, 0.6712062256809338]","[0.7859922178988327, 0.7957198443579766, 0.8015564202334631]",3
active_random,155,437,0.6750972762645914,0.7905317769130998,"[0.6750972762645915, 0.6789883268482491, 0.6712062256809338]","[0.7898832684824902, 0.7937743190661478, 0.7879377431906615]",3
active_random,156,439,0.672503242542153,0.7821011673151751,"[0.6673151750972762, 0.6770428015564203, 0.6731517509727627]","[0.7723735408560312, 0.7840466926070039, 0.7898832684824902]",3
active_random,157,441,0.6705577172503242,0.7898832684824902,"[0.6731517509727627, 0.6750972762645915, 0.6634241245136187]","[0.791828793774319, 0.7937743190661478, 0.7840466926070039]",3
active_random,158,443,0.6731517509727626,0.788586251621271,"[0.6673151750972762, 0.6809338521400778, 0.6712062256809338]","[0.7879377431906615, 0.7957198443579766, 0.7821011673151751]",3
active_random,159,445,0.669260700389105,0.7944228274967574,"[0.6770428015564203, 0.6673151750972762, 0.6634241245136187]","[0.7937743190661478, 0.7996108949416343, 0.7898832684824902]",3
active_random,160,447,0.6705577172503242,0.7898832684824902,"[0.6750972762645915, 0.6673151750972762, 0.669260700389105]","[0.7859922178988327, 0.7957198443579766, 0.7879377431906615]",3
active_random,161,449,0.6731517509727626,0.7892347600518806,"[0.6750972762645915, 0.6809338521400778, 0.6634241245136187]","[0.7821011673151751, 0.7957198443579766, 0.7898832684824902]",3
active_random,162,451,0.6776913099870298,0.7859922178988327,"[0.6770428015564203, 0.6789883268482491, 0.6770428015564203]","[0.7801556420233463, 0.7937743190661478, 0.7840466926070039]",3
active_random,163,453,0.6699092088197146,0.791828793774319,"[0.6673151750972762, 0.6731517509727627, 0.669260700389105]","[0.7898832684824902, 0.7976653696498055, 0.7879377431906615]",3
active_random,164,455,0.6673151750972762,0.7905317769130998,"[0.6634241245136187, 0.6712062256809338, 0.6673151750972762]","[0.7762645914396887, 0.8035019455252919, 0.791828793774319]",3
active_random,165,457,0.6718547341115434,0.7905317769130998,"[0.6712062256809338, 0.669260700389105, 0.6750972762645915]","[0.7801556420233463, 0.8015564202334631, 0.7898832684824902]",3
active_random,166,459,0.678988326848249,0.7911802853437094,"[0.6809338521400778, 0.6750972762645915, 0.6809338521400778]","[0.7840466926070039, 0.7976653696498055, 0.791828793774319]",3
active_random,167,461,0.6763942931258106,0.795071335927367,"[0.6712062256809338, 0.6770428015564203, 0.6809338521400778]","[0.7976653696498055, 0.7957198443579766, 0.791828793774319]",3
active_random,168,463,0.6731517509727626,0.7924773022049288,"[0.6731517509727627, 0.6712062256809338, 0.6750972762645915]","[0.7801556420233463, 0.7996108949416343, 0.7976653696498055]",3
active_random,169,465,0.6776913099870298,0.7931258106355382,"[0.6789883268482491, 0.6770428015564203, 0.6770428015564203]","[0.7898832684824902, 0.7996108949416343, 0.7898832684824902]",3
active_random,170,467,0.6770428015564202,0.7911802853437094,"[0.6712062256809338, 0.6809338521400778, 0.6789883268482491]","[0.7859922178988327, 0.8015564202334631, 0.7859922178988327]",3
active_random,171,469,0.6796368352788585,0.7872892347600519,"[0.6867704280155642, 0.669260700389105, 0.6828793774319066]","[0.7840466926070039, 0.791828793774319, 0.7859922178988327]",3
active_random,172,471,0.6744487678339818,0.7937743190661478,"[0.6789883268482491, 0.6712062256809338, 0.6731517509727627]","[0.7762645914396887, 0.8093385214007782, 0.7957198443579766]",3
active_random,173,473,0.678988326848249,0.7944228274967574,"[0.6731517509727627, 0.6789883268482491, 0.6848249027237354]","[0.791828793774319, 0.8035019455252919, 0.7879377431906615]",3
active_random,174,475,0.6809338521400777,0.7989623865110248,"[0.6828793774319066, 0.6809338521400778, 0.6789883268482491]","[0.7957198443579766, 0.8035019455252919, 0.7976653696498055]",3
active_random,175,477,0.678988326848249,0.7931258106355382,"[0.6770428015564203, 0.6789883268482491, 0.6809338521400778]","[0.7859922178988327, 0.7976653696498055, 0.7957198443579766]",3
active_random,176,479,0.6835278858625161,0.8022049286640728,"[0.6750972762645915, 0.6906614785992218, 0.6848249027237354]","[0.7976653696498055, 0.8035019455252919, 0.8054474708171206]",3
active_random,177,481,0.6770428015564202,0.7989623865110248,"[0.6750972762645915, 0.6828793774319066, 0.6731517509727627]","[0.7957198443579766, 0.7976653696498055, 0.8035019455252919]",3
active_random,178,483,0.6776913099870298,0.7976653696498056,"[0.6828793774319066, 0.6770428015564203, 0.6731517509727627]","[0.7879377431906615, 0.8035019455252919, 0.8015564202334631]",3
active_random,179,485,0.6770428015564202,0.797016861219196,"[0.6712062256809338, 0.6809338521400778, 0.6789883268482491]","[0.7898832684824902, 0.8035019455252919, 0.7976653696498055]",3
active_random,180,487,0.6750972762645914,0.8054474708171208,"[0.6828793774319066, 0.6712062256809338, 0.6712062256809338]","[0.8035019455252919, 0.8093385214007782, 0.8035019455252919]",3
active_random,181,489,0.6776913099870298,0.8002594033722438,"[0.6712062256809338, 0.6906614785992218, 0.6712062256809338]","[0.7859922178988327, 0.8190661478599222, 0.7957198443579766]",3
active_random,182,491,0.675745784695201,0.8022049286640728,"[0.6750972762645915, 0.6789883268482491, 0.6731517509727627]","[0.7937743190661478, 0.811284046692607, 0.8015564202334631]",3
active_random,183,493,0.6770428015564202,0.7976653696498054,"[0.6770428015564203, 0.6809338521400778, 0.6731517509727627]","[0.7898832684824902, 0.811284046692607, 0.791828793774319]",3
active_random,184,495,0.6815823605706873,0.7976653696498056,"[0.6848249027237354, 0.6809338521400778, 0.6789883268482491]","[0.791828793774319, 0.7996108949416343, 0.8015564202334631]",3
active_random,185,497,0.6802853437094681,0.7970168612191958,"[0.6848249027237354, 0.6809338521400778, 0.6750972762645915]","[0.791828793774319, 0.8035019455252919, 0.7957198443579766]",3
active_random,186,499,0.6828793774319065,0.7892347600518806,"[0.6848249027237354, 0.6809338521400778, 0.6828793774319066]","[0.7821011673151751, 0.7996108949416343, 0.7859922178988327]",3
active_random,187,501,0.6861219195849545,0.795071335927367,"[0.6809338521400778, 0.6848249027237354, 0.6926070038910506]","[0.7879377431906615, 0.8015564202334631, 0.7957198443579766]",3
active_random,188,503,0.6822308690012969,0.797016861219196,"[0.6848249027237354, 0.6789883268482491, 0.6828793774319066]","[0.7859922178988327, 0.8035019455252919, 0.8015564202334631]",3
active_random,189,505,0.678988326848249,0.803501945525292,"[0.6712062256809338, 0.6809338521400778, 0.6848249027237354]","[0.7957198443579766, 0.8054474708171206, 0.8093385214007782]",3
active_random,190,507,0.6854734111543449,0.7963683527885864,"[0.6809338521400778, 0.6906614785992218, 0.6848249027237354]","[0.7840466926070039, 0.8054474708171206, 0.7996108949416343]",3
active_random,191,509,0.6874189364461737,0.800259403372244,"[0.6789883268482491, 0.6964980544747081, 0.6867704280155642]","[0.7937743190661478, 0.8073929961089494, 0.7996108949416343]",3
active_random,192,511,0.6848249027237353,0.7957198443579768,"[0.6867704280155642, 0.6809338521400778, 0.6867704280155642]","[0.7898832684824902, 0.7996108949416343, 0.7976653696498055]",3
active_random,193,513,0.6569390402075227,0.7905317769130998,"[0.6536964980544747, 0.669260700389105, 0.6478599221789884]","[0.7859922178988327, 0.8035019455252919, 0.7821011673151751]",3
active_random,194,515,0.6089494163424124,0.7866407263294423,"[0.5778210116731517, 0.632295719844358, 0.6167315175097277]","[0.7762645914396887, 0.7879377431906615, 0.7957198443579766]",3
active_random,195,517,0.6264591439688716,0.7788586251621271,"[0.6245136186770428, 0.6361867704280155, 0.6186770428015564]","[0.7762645914396887, 0.7879377431906615, 0.7723735408560312]",3
active_random,196,519,0.6491569390402075,0.7859922178988327,"[0.6517509727626459, 0.642023346303502, 0.6536964980544747]","[0.7762645914396887, 0.7976653696498055, 0.7840466926070039]",3
active_random,197,521,0.6329442282749675,0.7879377431906615,"[0.6108949416342413, 0.6381322957198443, 0.6498054474708171]","[0.7957198443579766, 0.7782101167315175, 0.7898832684824902]",3
active_random,198,523,0.6245136186770428,0.7846952010376135,"[0.622568093385214, 0.5992217898832685, 0.6517509727626459]","[0.7684824902723736, 0.791828793774319, 0.7937743190661478]",3
active_random,199,525,0.6407263294422828,0.7846952010376135,"[0.6459143968871596, 0.6459143968871596, 0.6303501945525292]","[0.7879377431906615, 0.7898832684824902, 0.7762645914396887]",3
active_random,200,527,0.6588845654993515,0.7905317769130998,"[0.6634241245136187, 0.6595330739299611, 0.6536964980544747]","[0.7937743190661478, 0.7840466926070039, 0.7937743190661478]",3
active_random,201,529,0.6368352788586251,0.7879377431906615,"[0.6284046692607004, 0.6459143968871596, 0.6361867704280155]","[0.7782101167315175, 0.7821011673151751, 0.8035019455252919]",3
active_random,202,531,0.6543450064850843,0.7905317769130998,"[0.6575875486381323, 0.6634241245136187, 0.642023346303502]","[0.7898832684824902, 0.7996108949416343, 0.7821011673151751]",3
active_random,203,533,0.6536964980544747,0.7937743190661478,"[0.6556420233463035, 0.6556420233463035, 0.6498054474708171]","[0.7957198443579766, 0.7879377431906615, 0.7976653696498055]",3
active_random,204,535,0.6575875486381323,0.7808041504539559,"[0.6634241245136187, 0.6653696498054474, 0.6439688715953308]","[0.7840466926070039, 0.7801556420233463, 0.7782101167315175]",3
active_random,205,537,0.6582360570687419,0.7892347600518806,"[0.6498054474708171, 0.6673151750972762, 0.6575875486381323]","[0.7840466926070039, 0.791828793774319, 0.791828793774319]",3
active_random,206,539,0.6595330739299611,0.795071335927367,"[0.6712062256809338, 0.6673151750972762, 0.6400778210116731]","[0.8035019455252919, 0.7996108949416343, 0.7821011673151751]",3
active_random,207,541,0.6802853437094681,0.7996108949416344,"[0.6906614785992218, 0.6848249027237354, 0.6653696498054474]","[0.7957198443579766, 0.8054474708171206, 0.7976653696498055]",3
active_random,208,543,0.675745784695201,0.7950713359273672,"[0.6653696498054474, 0.6828793774319066, 0.6789883268482491]","[0.7840466926070039, 0.7996108949416343, 0.8015564202334631]",3
active_random,209,545,0.675745784695201,0.7970168612191958,"[0.6770428015564203, 0.6731517509727627, 0.6770428015564203]","[0.791828793774319, 0.8035019455252919, 0.7957198443579766]",3
active_random,210,547,0.6718547341115434,0.7970168612191958,"[0.6809338521400778, 0.6750972762645915, 0.6595330739299611]","[0.7898832684824902, 0.8073929961089494, 0.7937743190661478]",3
active_random,211,549,0.6750972762645914,0.7931258106355382,"[0.6770428015564203, 0.669260700389105, 0.6789883268482491]","[0.7898832684824902, 0.791828793774319, 0.7976653696498055]",3
active_random,212,551,0.6718547341115434,0.7976653696498056,"[0.6789883268482491, 0.6498054474708171, 0.6867704280155642]","[0.7976653696498055, 0.791828793774319, 0.8035019455252919]",3
active_random,213,553,0.6640726329442282,0.7970168612191958,"[0.6789883268482491, 0.6556420233463035, 0.6575875486381323]","[0.7976653696498055, 0.7976653696498055, 0.7957198443579766]",3
active_random,214,555,0.6783398184176394,0.795071335927367,"[0.6750972762645915, 0.6750972762645915, 0.6848249027237354]","[0.7957198443579766, 0.7898832684824902, 0.7996108949416343]",3
active_random,215,557,0.6718547341115434,0.8009079118028536,"[0.6653696498054474, 0.6848249027237354, 0.6653696498054474]","[0.7976653696498055, 0.8054474708171206, 0.7996108949416343]",3
active_random,216,559,0.6841763942931257,0.8054474708171208,"[0.6848249027237354, 0.6867704280155642, 0.6809338521400778]","[0.7976653696498055, 0.8132295719844358, 0.8054474708171206]",3
active_random,217,561,0.6841763942931257,0.8041504539559016,"[0.6945525291828794, 0.6828793774319066, 0.6750972762645915]","[0.8054474708171206, 0.8015564202334631, 0.8054474708171206]",3
active_random,218,563,0.6874189364461737,0.7983138780804152,"[0.6848249027237354, 0.6809338521400778, 0.6964980544747081]","[0.7898832684824902, 0.8054474708171206, 0.7996108949416343]",3
active_random,219,565,0.6835278858625161,0.7963683527885864,"[0.6828793774319066, 0.6867704280155642, 0.6809338521400778]","[0.7859922178988327, 0.8035019455252919, 0.7996108949416343]",3
active_random,220,567,0.6796368352788585,0.7970168612191958,"[0.6789883268482491, 0.6731517509727627, 0.6867704280155642]","[0.7937743190661478, 0.8035019455252919, 0.7937743190661478]",3
active_random,221,569,0.6945525291828792,0.8099870298313879,"[0.7003891050583657, 0.6906614785992218, 0.6926070038910506]","[0.811284046692607, 0.8054474708171206, 0.8132295719844358]",3
active_random,222,571,0.6893644617380025,0.8022049286640728,"[0.6809338521400778, 0.7042801556420234, 0.6828793774319066]","[0.7937743190661478, 0.811284046692607, 0.8015564202334631]",3
active_random,223,573,0.6874189364461737,0.8106355382619975,"[0.7003891050583657, 0.6770428015564203, 0.6848249027237354]","[0.8054474708171206, 0.8132295719844358, 0.8132295719844358]",3
active_random,224,575,0.6867704280155641,0.8041504539559016,"[0.6848249027237354, 0.6809338521400778, 0.6945525291828794]","[0.811284046692607, 0.7976653696498055, 0.8035019455252919]",3
active_random,225,577,0.6919584954604409,0.8138780804150455,"[0.688715953307393, 0.6867704280155642, 0.7003891050583657]","[0.8151750972762646, 0.8229571984435797, 0.8035019455252919]",3
active_random,226,579,0.6913099870298313,0.8047989623865112,"[0.6867704280155642, 0.6945525291828794, 0.6926070038910506]","[0.8035019455252919, 0.8054474708171206, 0.8054474708171206]",3
active_random,227,581,0.6926070038910505,0.8099870298313879,"[0.6906614785992218, 0.688715953307393, 0.6984435797665369]","[0.8093385214007782, 0.8190661478599222, 0.8015564202334631]",3
active_random,228,583,0.6796368352788585,0.8093385214007783,"[0.6731517509727627, 0.688715953307393, 0.6770428015564203]","[0.8054474708171206, 0.8171206225680934, 0.8054474708171206]",3
active_random,229,585,0.6906614785992217,0.8047989623865112,"[0.6906614785992218, 0.688715953307393, 0.6926070038910506]","[0.8073929961089494, 0.8054474708171206, 0.8015564202334631]",3
active_random,230,587,0.6893644617380025,0.8086900129701687,"[0.6848249027237354, 0.6906614785992218, 0.6926070038910506]","[0.8054474708171206, 0.8054474708171206, 0.8151750972762646]",3
active_random,231,589,0.6939040207522696,0.8054474708171208,"[0.6848249027237354, 0.6984435797665369, 0.6984435797665369]","[0.8073929961089494, 0.8054474708171206, 0.8035019455252919]",3
active_random,232,591,0.6945525291828792,0.8099870298313879,"[0.6945525291828794, 0.7003891050583657, 0.688715953307393]","[0.7957198443579766, 0.8210116731517509, 0.8132295719844358]",3
active_random,233,593,0.6945525291828792,0.8119325551232167,"[0.6984435797665369, 0.6828793774319066, 0.7023346303501945]","[0.811284046692607, 0.8132295719844358, 0.811284046692607]",3
active_random,234,595,0.6958495460440984,0.8093385214007783,"[0.6926070038910506, 0.6964980544747081, 0.6984435797665369]","[0.8054474708171206, 0.8151750972762646, 0.8073929961089494]",3
active_random,235,597,0.6945525291828792,0.8028534370946824,"[0.6926070038910506, 0.6945525291828794, 0.6964980544747081]","[0.8015564202334631, 0.8054474708171206, 0.8015564202334631]",3
active_random,236,599,0.6932555123216603,0.8073929961089495,"[0.6809338521400778, 0.6848249027237354, 0.7140077821011673]","[0.7976653696498055, 0.8132295719844358, 0.811284046692607]",3
active_random,237,601,0.6919584954604409,0.8119325551232167,"[0.6906614785992218, 0.6926070038910506, 0.6926070038910506]","[0.8073929961089494, 0.8249027237354085, 0.8035019455252919]",3
active_random,238,603,0.6919584954604409,0.8041504539559016,"[0.6926070038910506, 0.7003891050583657, 0.6828793774319066]","[0.8035019455252919, 0.8054474708171206, 0.8035019455252919]",3
active_random,239,605,0.6958495460440984,0.8080415045395591,"[0.7003891050583657, 0.6964980544747081, 0.6906614785992218]","[0.8015564202334631, 0.8132295719844358, 0.8093385214007782]",3
active_random,240,607,0.69325551232166,0.8099870298313879,"[0.6789883268482491, 0.6984435797665369, 0.7023346303501945]","[0.8054474708171206, 0.8171206225680934, 0.8073929961089494]",3
active_random,241,609,0.69325551232166,0.8099870298313879,"[0.7003891050583657, 0.6964980544747081, 0.6828793774319066]","[0.8093385214007782, 0.8190661478599222, 0.8015564202334631]",3
active_random,242,611,0.6926070038910505,0.8093385214007783,"[0.6926070038910506, 0.6945525291828794, 0.6906614785992218]","[0.8093385214007782, 0.811284046692607, 0.8073929961089494]",3
active_random,243,613,0.6939040207522696,0.8099870298313879,"[0.6926070038910506, 0.6906614785992218, 0.6984435797665369]","[0.8035019455252919, 0.8073929961089494, 0.8190661478599222]",3
active_random,244,615,0.6952010376134888,0.8086900129701687,"[0.6906614785992218, 0.6945525291828794, 0.7003891050583657]","[0.8054474708171206, 0.811284046692607, 0.8093385214007782]",3
active_random,245,617,0.6977950713359272,0.8132295719844359,"[0.6984435797665369, 0.6984435797665369, 0.6964980544747081]","[0.8073929961089494, 0.8171206225680934, 0.8151750972762646]",3
active_random,246,619,0.7023346303501944,0.8086900129701687,"[0.708171206225681, 0.6964980544747081, 0.7023346303501945]","[0.8073929961089494, 0.8171206225680934, 0.8015564202334631]",3
active_random,247,621,0.704928664072633,0.8112840466926071,"[0.7062256809338522, 0.7023346303501945, 0.7062256809338522]","[0.8073929961089494, 0.8210116731517509, 0.8054474708171206]",3
active_random,248,623,0.7036316472114138,0.8106355382619975,"[0.7023346303501945, 0.7042801556420234, 0.7042801556420234]","[0.8073929961089494, 0.811284046692607, 0.8132295719844358]",3
active_random,249,625,0.6990920881971466,0.8106355382619975,"[0.6906614785992218, 0.7003891050583657, 0.7062256809338522]","[0.8054474708171206, 0.8132295719844358, 0.8132295719844358]",3
active_random,250,627,0.7055771725032426,0.8125810635538263,"[0.7101167315175098, 0.7003891050583657, 0.7062256809338522]","[0.8093385214007782, 0.8190661478599222, 0.8093385214007782]",3
active_random,251,629,0.7068741893644618,0.8190661478599223,"[0.7140077821011673, 0.7023346303501945, 0.7042801556420234]","[0.8171206225680934, 0.8190661478599222, 0.8210116731517509]",3
active_random,252,631,0.7068741893644618,0.8138780804150455,"[0.7023346303501945, 0.7140077821011673, 0.7042801556420234]","[0.8054474708171206, 0.8229571984435797, 0.8132295719844358]",3
active_random,253,633,0.7075226977950714,0.8164721141374839,"[0.7062256809338522, 0.7062256809338522, 0.7101167315175098]","[0.811284046692607, 0.8190661478599222, 0.8190661478599222]",3
active_random,254,635,0.7068741893644618,0.8171206225680935,"[0.7062256809338522, 0.7003891050583657, 0.7140077821011673]","[0.8171206225680934, 0.8210116731517509, 0.8132295719844358]",3
active_random,255,637,0.7068741893644618,0.8158236057068743,"[0.7023346303501945, 0.7023346303501945, 0.7159533073929961]","[0.8151750972762646, 0.8249027237354085, 0.8073929961089494]",3
active_random,256,639,0.7107652399481194,0.8145265888456551,"[0.7101167315175098, 0.7101167315175098, 0.7120622568093385]","[0.8073929961089494, 0.8151750972762646, 0.8210116731517509]",3
active_random,257,641,0.7159533073929961,0.8203631647211415,"[0.7140077821011673, 0.708171206225681, 0.72568093385214]","[0.8210116731517509, 0.8229571984435797, 0.8171206225680934]",3
active_random,258,643,0.7127107652399481,0.8158236057068743,"[0.7159533073929961, 0.7101167315175098, 0.7120622568093385]","[0.8210116731517509, 0.8171206225680934, 0.8093385214007782]",3
active_random,259,645,0.711413748378729,0.8216601815823606,"[0.7023346303501945, 0.708171206225681, 0.7237354085603113]","[0.8132295719844358, 0.8287937743190662, 0.8229571984435797]",3
active_random,260,647,0.7211413748378729,0.8190661478599223,"[0.7120622568093385, 0.7276264591439688, 0.7237354085603113]","[0.8151750972762646, 0.8229571984435797, 0.8190661478599222]",3
active_random,261,649,0.7191958495460441,0.8138780804150455,"[0.7140077821011673, 0.7198443579766537, 0.7237354085603113]","[0.8132295719844358, 0.8171206225680934, 0.811284046692607]",3
active_random,262,651,0.7217898832684825,0.8151750972762647,"[0.7178988326848249, 0.7334630350194552, 0.7140077821011673]","[0.811284046692607, 0.8190661478599222, 0.8151750972762646]",3
active_random,263,653,0.7198443579766537,0.821011673151751,"[0.7198443579766537, 0.7140077821011673, 0.72568093385214]","[0.8249027237354085, 0.8171206225680934, 0.8210116731517509]",3
active_random,264,655,0.7166018158236057,0.8138780804150455,"[0.7217898832684825, 0.708171206225681, 0.7198443579766537]","[0.8073929961089494, 0.8132295719844358, 0.8210116731517509]",3
active_random,265,657,0.7146562905317769,0.8184176394293127,"[0.7140077821011673, 0.7101167315175098, 0.7198443579766537]","[0.8073929961089494, 0.8249027237354085, 0.8229571984435797]",3
active_random,266,659,0.7204928664072633,0.8184176394293127,"[0.7198443579766537, 0.7101167315175098, 0.7315175097276264]","[0.8151750972762646, 0.8229571984435797, 0.8171206225680934]",3
active_random,267,661,0.7191958495460441,0.8177691309987031,"[0.708171206225681, 0.72568093385214, 0.7237354085603113]","[0.8151750972762646, 0.8229571984435797, 0.8151750972762646]",3
active_random,268,663,0.7217898832684825,0.8177691309987031,"[0.7198443579766537, 0.7198443579766537, 0.72568093385214]","[0.8132295719844358, 0.8190661478599222, 0.8210116731517509]",3
active_random,269,665,0.7140077821011673,0.8145265888456551,"[0.708171206225681, 0.7159533073929961, 0.7178988326848249]","[0.8054474708171206, 0.8210116731517509, 0.8171206225680934]",3
active_random,270,667,0.7178988326848249,0.8177691309987031,"[0.72568093385214, 0.7178988326848249, 0.7101167315175098]","[0.8190661478599222, 0.8249027237354085, 0.8093385214007782]",3
active_random,271,669,0.7178988326848249,0.8164721141374839,"[0.7159533073929961, 0.7159533073929961, 0.7217898832684825]","[0.811284046692607, 0.8190661478599222, 0.8190661478599222]",3
active_random,272,671,0.7204928664072633,0.8229571984435798,"[0.7140077821011673, 0.7237354085603113, 0.7237354085603113]","[0.8249027237354085, 0.8229571984435797, 0.8210116731517509]",3
active_random,273,673,0.7224383916990921,0.8164721141374839,"[0.7140077821011673, 0.72568093385214, 0.7276264591439688]","[0.8151750972762646, 0.8190661478599222, 0.8151750972762646]",3
active_random,274,675,0.7191958495460441,0.8184176394293127,"[0.7120622568093385, 0.7217898832684825, 0.7237354085603113]","[0.811284046692607, 0.8268482490272373, 0.8171206225680934]",3
active_random,275,677,0.7243839169909209,0.8177691309987031,"[0.7178988326848249, 0.72568093385214, 0.7295719844357976]","[0.8132295719844358, 0.8190661478599222, 0.8210116731517509]",3
active_random,276,679,0.7224383916990921,0.8190661478599223,"[0.7237354085603113, 0.7237354085603113, 0.7198443579766537]","[0.8132295719844358, 0.8210116731517509, 0.8229571984435797]",3
active_random,277,681,0.7178988326848249,0.8197146562905319,"[0.7178988326848249, 0.72568093385214, 0.7101167315175098]","[0.8171206225680934, 0.8268482490272373, 0.8151750972762646]",3
active_random,278,683,0.7211413748378729,0.8203631647211415,"[0.72568093385214, 0.7159533073929961, 0.7217898832684825]","[0.8151750972762646, 0.8249027237354085, 0.8210116731517509]",3
active_random,279,685,0.7198443579766537,0.8197146562905319,"[0.7159533073929961, 0.7217898832684825, 0.7217898832684825]","[0.8151750972762646, 0.8268482490272373, 0.8171206225680934]",3
active_random,280,687,0.7166018158236057,0.821011673151751,"[0.7023346303501945, 0.7276264591439688, 0.7198443579766537]","[0.8171206225680934, 0.8287937743190662, 0.8171206225680934]",3
active_random,281,689,0.72568093385214,0.821011673151751,"[0.72568093385214, 0.7334630350194552, 0.7178988326848249]","[0.8132295719844358, 0.8268482490272373, 0.8229571984435797]",3
active_random,282,691,0.7295719844357977,0.8203631647211415,"[0.7217898832684825, 0.7315175097276264, 0.7354085603112841]","[0.8171206225680934, 0.8210116731517509, 0.8229571984435797]",3
active_random,283,693,0.7217898832684825,0.8216601815823606,"[0.7140077821011673, 0.7178988326848249, 0.7334630350194552]","[0.8151750972762646, 0.8268482490272373, 0.8229571984435797]",3
active_random,284,695,0.7269779507133592,0.8164721141374839,"[0.7198443579766537, 0.7295719844357976, 0.7315175097276264]","[0.8151750972762646, 0.8190661478599222, 0.8151750972762646]",3
active_random,285,697,0.7308690012970169,0.8171206225680935,"[0.7354085603112841, 0.7217898832684825, 0.7354085603112841]","[0.8093385214007782, 0.8210116731517509, 0.8210116731517509]",3
active_random,286,699,0.7237354085603114,0.8177691309987031,"[0.7120622568093385, 0.7354085603112841, 0.7237354085603113]","[0.811284046692607, 0.8190661478599222, 0.8229571984435797]",3
active_random,287,701,0.7263294422827496,0.8236057068741894,"[0.72568093385214, 0.7237354085603113, 0.7295719844357976]","[0.8287937743190662, 0.8210116731517509, 0.8210116731517509]",3
active_random,288,703,0.7289234760051881,0.8223086900129702,"[0.7159533073929961, 0.7392996108949417, 0.7315175097276264]","[0.8190661478599222, 0.8268482490272373, 0.8210116731517509]",3
active_random,289,705,0.7289234760051881,0.824254215304799,"[0.7276264591439688, 0.7198443579766537, 0.7392996108949417]","[0.8190661478599222, 0.8229571984435797, 0.830739299610895]",3
active_random,290,707,0.7302204928664073,0.8223086900129702,"[0.7295719844357976, 0.7217898832684825, 0.7392996108949417]","[0.8171206225680934, 0.8268482490272373, 0.8229571984435797]",3
active_random,291,709,0.7341115434500649,0.8236057068741894,"[0.7315175097276264, 0.7373540856031129, 0.7334630350194552]","[0.8210116731517509, 0.830739299610895, 0.8190661478599222]",3
active_random,292,711,0.72568093385214,0.8255512321660182,"[0.72568093385214, 0.7276264591439688, 0.7237354085603113]","[0.8249027237354085, 0.8249027237354085, 0.8268482490272373]",3
active_random,293,713,0.7380025940337225,0.8294422827496758,"[0.7354085603112841, 0.7334630350194552, 0.745136186770428]","[0.8346303501945526, 0.8287937743190662, 0.8249027237354085]",3
active_random,294,715,0.7380025940337225,0.824254215304799,"[0.7334630350194552, 0.7373540856031129, 0.7431906614785992]","[0.8210116731517509, 0.8287937743190662, 0.8229571984435797]",3
active_random,295,717,0.7373540856031129,0.8249027237354086,"[0.7412451361867705, 0.7276264591439688, 0.7431906614785992]","[0.8171206225680934, 0.8287937743190662, 0.8287937743190662]",3
active_random,296,719,0.7321660181582361,0.8249027237354086,"[0.7334630350194552, 0.72568093385214, 0.7373540856031129]","[0.8229571984435797, 0.8229571984435797, 0.8287937743190662]",3
active_random,297,721,0.7328145265888457,0.8281452658884566,"[0.7373540856031129, 0.7334630350194552, 0.7276264591439688]","[0.830739299610895, 0.8287937743190662, 0.8249027237354085]",3
active_random,298,723,0.7354085603112841,0.8300907911802854,"[0.7354085603112841, 0.7354085603112841, 0.7354085603112841]","[0.8268482490272373, 0.8346303501945526, 0.8287937743190662]",3
active_random,299,725,0.7334630350194553,0.8287937743190662,"[0.7276264591439688, 0.72568093385214, 0.7470817120622568]","[0.8229571984435797, 0.8326848249027238, 0.830739299610895]",3
active_random,300,727,0.7315175097276265,0.8294422827496758,"[0.72568093385214, 0.7334630350194552, 0.7354085603112841]","[0.8268482490272373, 0.8249027237354085, 0.8365758754863813]",3
active_random,301,729,0.7341115434500649,0.824254215304799,"[0.7276264591439688, 0.7334630350194552, 0.7412451361867705]","[0.8249027237354085, 0.8287937743190662, 0.8190661478599222]",3
active_random,302,731,0.7347600518806745,0.8255512321660182,"[0.7354085603112841, 0.7315175097276264, 0.7373540856031129]","[0.8171206225680934, 0.830739299610895, 0.8287937743190662]",3
active_random,303,733,0.7347600518806745,0.830739299610895,"[0.7315175097276264, 0.7334630350194552, 0.7392996108949417]","[0.8287937743190662, 0.8326848249027238, 0.830739299610895]",3
active_random,304,735,0.7380025940337225,0.8300907911802854,"[0.7373540856031129, 0.7334630350194552, 0.7431906614785992]","[0.8287937743190662, 0.8287937743190662, 0.8326848249027238]",3
active_random,305,737,0.7373540856031129,0.8294422827496758,"[0.7354085603112841, 0.7412451361867705, 0.7354085603112841]","[0.8229571984435797, 0.8365758754863813, 0.8287937743190662]",3
active_random,306,739,0.7373540856031129,0.8326848249027238,"[0.7412451361867705, 0.7354085603112841, 0.7354085603112841]","[0.8287937743190662, 0.8385214007782101, 0.830739299610895]",3
active_random,307,741,0.7392996108949417,0.8294422827496758,"[0.7354085603112841, 0.7392996108949417, 0.7431906614785992]","[0.8229571984435797, 0.8326848249027238, 0.8326848249027238]",3
active_random,308,743,0.7412451361867705,0.8300907911802854,"[0.7354085603112841, 0.7431906614785992, 0.745136186770428]","[0.8287937743190662, 0.8287937743190662, 0.8326848249027238]",3
active_random,309,745,0.7380025940337225,0.830739299610895,"[0.7373540856031129, 0.7373540856031129, 0.7392996108949417]","[0.8268482490272373, 0.8346303501945526, 0.830739299610895]",3
active_random,310,747,0.74189364461738,0.8294422827496758,"[0.7373540856031129, 0.7470817120622568, 0.7412451361867705]","[0.8268482490272373, 0.8365758754863813, 0.8249027237354085]",3
active_random,311,749,0.7444876783398184,0.8333333333333334,"[0.7392996108949417, 0.745136186770428, 0.7490272373540856]","[0.8268482490272373, 0.8365758754863813, 0.8365758754863813]",3
active_random,312,751,0.7412451361867705,0.8294422827496758,"[0.7373540856031129, 0.7431906614785992, 0.7431906614785992]","[0.8229571984435797, 0.8326848249027238, 0.8326848249027238]",3
active_random,313,753,0.7509727626459144,0.8372243839169909,"[0.745136186770428, 0.7529182879377432, 0.754863813229572]","[0.830739299610895, 0.8365758754863813, 0.8443579766536965]",3
active_random,314,755,0.7425421530479897,0.8333333333333334,"[0.7412451361867705, 0.7431906614785992, 0.7431906614785992]","[0.8326848249027238, 0.8385214007782101, 0.8287937743190662]",3
active_random,315,757,0.7464332036316472,0.8281452658884566,"[0.7490272373540856, 0.745136186770428, 0.745136186770428]","[0.8229571984435797, 0.8268482490272373, 0.8346303501945526]",3
active_random,316,759,0.7444876783398184,0.833981841763943,"[0.7470817120622568, 0.7373540856031129, 0.7490272373540856]","[0.830739299610895, 0.8365758754863813, 0.8346303501945526]",3
active_random,317,761,0.7490272373540856,0.8398184176394293,"[0.745136186770428, 0.7470817120622568, 0.754863813229572]","[0.8346303501945526, 0.8482490272373541, 0.8365758754863813]",3
active_random,318,763,0.7457846952010376,0.8372243839169909,"[0.7529182879377432, 0.7354085603112841, 0.7490272373540856]","[0.8404669260700389, 0.8346303501945526, 0.8365758754863813]",3
active_random,319,765,0.7496757457846952,0.8359273670557718,"[0.7412451361867705, 0.7587548638132295, 0.7490272373540856]","[0.830739299610895, 0.8424124513618677, 0.8346303501945526]",3
active_random,320,767,0.74189364461738,0.8346303501945526,"[0.7431906614785992, 0.7431906614785992, 0.7392996108949417]","[0.830739299610895, 0.8404669260700389, 0.8326848249027238]",3
active_random,321,769,0.745136186770428,0.8359273670557718,"[0.7373540856031129, 0.7412451361867705, 0.7568093385214008]","[0.8385214007782101, 0.8346303501945526, 0.8346303501945526]",3
active_random,322,771,0.7457846952010376,0.8385214007782101,"[0.7431906614785992, 0.7431906614785992, 0.7509727626459144]","[0.8326848249027238, 0.8424124513618677, 0.8404669260700389]",3
active_random,323,773,0.7542153047989624,0.8450064850843061,"[0.7470817120622568, 0.7509727626459144, 0.7645914396887159]","[0.8404669260700389, 0.8463035019455253, 0.8482490272373541]",3
active_random,324,775,0.7464332036316472,0.8385214007782101,"[0.7470817120622568, 0.7470817120622568, 0.745136186770428]","[0.8385214007782101, 0.8365758754863813, 0.8404669260700389]",3
active_random,325,777,0.7490272373540856,0.8437094682230869,"[0.7431906614785992, 0.7509727626459144, 0.7529182879377432]","[0.8443579766536965, 0.8482490272373541, 0.8385214007782101]",3
active_random,326,779,0.7464332036316472,0.8404669260700389,"[0.7431906614785992, 0.7412451361867705, 0.754863813229572]","[0.8424124513618677, 0.8424124513618677, 0.8365758754863813]",3
active_random,327,781,0.7522697795071336,0.8352788586251622,"[0.7490272373540856, 0.7509727626459144, 0.7568093385214008]","[0.8268482490272373, 0.8404669260700389, 0.8385214007782101]",3
active_random,328,783,0.75810635538262,0.8424124513618677,"[0.7607003891050583, 0.7568093385214008, 0.7568093385214008]","[0.8404669260700389, 0.8463035019455253, 0.8404669260700389]",3
active_random,329,785,0.751621271076524,0.8424124513618677,"[0.7529182879377432, 0.754863813229572, 0.7470817120622568]","[0.8404669260700389, 0.8443579766536965, 0.8424124513618677]",3
active_random,330,787,0.7542153047989624,0.8391699092088197,"[0.7490272373540856, 0.7587548638132295, 0.754863813229572]","[0.8365758754863813, 0.8404669260700389, 0.8404669260700389]",3
active_random,331,789,0.7509727626459144,0.8398184176394293,"[0.7490272373540856, 0.7431906614785992, 0.7607003891050583]","[0.8365758754863813, 0.8443579766536965, 0.8385214007782101]",3
active_random,332,791,0.754863813229572,0.8404669260700389,"[0.7529182879377432, 0.7568093385214008, 0.754863813229572]","[0.8365758754863813, 0.8443579766536965, 0.8404669260700389]",3
active_random,333,793,0.754863813229572,0.8417639429312581,"[0.7587548638132295, 0.7470817120622568, 0.7587548638132295]","[0.8404669260700389, 0.8443579766536965, 0.8404669260700389]",3
active_random,334,795,0.751621271076524,0.8404669260700389,"[0.7490272373540856, 0.7509727626459144, 0.754863813229572]","[0.8346303501945526, 0.8463035019455253, 0.8404669260700389]",3
active_random,335,797,0.7535667963683528,0.8398184176394293,"[0.754863813229572, 0.754863813229572, 0.7509727626459144]","[0.8424124513618677, 0.8404669260700389, 0.8365758754863813]",3
active_random,336,799,0.7594033722438391,0.8417639429312581,"[0.7607003891050583, 0.7587548638132295, 0.7587548638132295]","[0.8404669260700389, 0.8463035019455253, 0.8385214007782101]",3
active_random,337,801,0.7542153047989624,0.8430609597924773,"[0.7568093385214008, 0.754863813229572, 0.7509727626459144]","[0.8385214007782101, 0.8482490272373541, 0.8424124513618677]",3
active_random,338,803,0.7535667963683528,0.8456549935149157,"[0.7568093385214008, 0.7509727626459144, 0.7529182879377432]","[0.8404669260700389, 0.8501945525291829, 0.8463035019455253]",3
active_random,339,805,0.754863813229572,0.8443579766536965,"[0.754863813229572, 0.745136186770428, 0.7645914396887159]","[0.8463035019455253, 0.8443579766536965, 0.8424124513618677]",3
active_random,340,807,0.75810635538262,0.8411154345006485,"[0.754863813229572, 0.7568093385214008, 0.7626459143968871]","[0.8463035019455253, 0.8365758754863813, 0.8404669260700389]",3
active_random,341,809,0.754863813229572,0.8398184176394293,"[0.7490272373540856, 0.7568093385214008, 0.7587548638132295]","[0.8326848249027238, 0.8463035019455253, 0.8404669260700389]",3
active_random,342,811,0.7529182879377432,0.8456549935149157,"[0.7470817120622568, 0.7568093385214008, 0.754863813229572]","[0.8521400778210116, 0.8482490272373541, 0.8365758754863813]",3
active_random,343,813,0.7555123216601816,0.8424124513618677,"[0.7490272373540856, 0.7587548638132295, 0.7587548638132295]","[0.8365758754863813, 0.8482490272373541, 0.8424124513618677]",3
active_random,344,815,0.754863813229572,0.8450064850843061,"[0.7529182879377432, 0.7470817120622568, 0.7645914396887159]","[0.8560311284046692, 0.8365758754863813, 0.8424124513618677]",3
active_random,345,817,0.7529182879377432,0.8463035019455253,"[0.754863813229572, 0.7490272373540856, 0.754863813229572]","[0.8443579766536965, 0.8501945525291829, 0.8443579766536965]",3
active_random,346,819,0.7509727626459144,0.8411154345006485,"[0.745136186770428, 0.7529182879377432, 0.754863813229572]","[0.8385214007782101, 0.8365758754863813, 0.8482490272373541]",3
active_random,347,821,0.75810635538262,0.8398184176394293,"[0.7509727626459144, 0.7568093385214008, 0.7665369649805448]","[0.8404669260700389, 0.8365758754863813, 0.8424124513618677]",3
active_random,348,823,0.7535667963683528,0.8398184176394293,"[0.7529182879377432, 0.7509727626459144, 0.7568093385214008]","[0.8365758754863813, 0.8443579766536965, 0.8385214007782101]",3
active_random,349,825,0.7561608300907912,0.8391699092088197,"[0.7529182879377432, 0.754863813229572, 0.7607003891050583]","[0.8346303501945526, 0.8463035019455253, 0.8365758754863813]",3
active_random,350,827,0.7561608300907912,0.8437094682230869,"[0.754863813229572, 0.7587548638132295, 0.754863813229572]","[0.8404669260700389, 0.8463035019455253, 0.8443579766536965]",3
active_ordered,1,128,0.30350194552529186,0.41893644617380027,"[0.29571984435797666, 0.30739299610894943, 0.30739299610894943]","[0.42023346303501946, 0.41050583657587547, 0.4260700389105058]",3
active_ordered,2,130,0.29961089494163423,0.42088197146562906,"[0.301556420233463, 0.301556420233463, 0.29571984435797666]","[0.4182879377431907, 0.4163424124513619, 0.4280155642023346]",3
active_ordered,3,132,0.3119325551232166,0.42153047989623865,"[0.29961089494163423, 0.321011673151751, 0.3151750972762646]","[0.42023346303501946, 0.42217898832684825, 0.42217898832684825]",3
active_ordered,4,134,0.3132295719844358,0.46757457846952016,"[0.3035019455252918, 0.3132295719844358, 0.3229571984435798]","[0.4727626459143969, 0.45330739299610895, 0.4766536964980545]",3
active_ordered,5,136,0.3099870298313878,0.4604409857328145,"[0.30544747081712065, 0.31906614785992216, 0.30544747081712065]","[0.45525291828793774, 0.45525291828793774, 0.4708171206225681]",3
active_ordered,6,138,0.31841763942931256,0.4643320363164721,"[0.311284046692607, 0.321011673151751, 0.3229571984435798]","[0.4688715953307393, 0.46108949416342415, 0.46303501945525294]",3
active_ordered,7,140,0.31776913099870296,0.46692607003891046,"[0.31906614785992216, 0.321011673151751, 0.3132295719844358]","[0.4669260700389105, 0.46303501945525294, 0.4708171206225681]",3
active_ordered,8,142,0.314526588845655,0.47276264591439693,"[0.31712062256809337, 0.3151750972762646, 0.311284046692607]","[0.4708171206225681, 0.4708171206225681, 0.4766536964980545]",3
active_ordered,9,144,0.31841763942931256,0.46952010376134895,"[0.3132295719844358, 0.31712062256809337, 0.32490272373540857]","[0.4591439688715953, 0.4727626459143969, 0.4766536964980545]",3
active_ordered,10,146,0.3242542153047989,0.46822308690012976,"[0.31712062256809337, 0.32684824902723736, 0.32879377431906615]","[0.4396887159533074, 0.48638132295719844, 0.4785992217898833]",3
active_ordered,11,148,0.32749675745784695,0.48378728923476005,"[0.32879377431906615, 0.33073929961089493, 0.3229571984435798]","[0.4883268482490272, 0.4785992217898833, 0.48443579766536965]",3
active_ordered,12,150,0.3236057068741893,0.48184176394293127,"[0.31712062256809337, 0.3346303501945525, 0.31906614785992216]","[0.4785992217898833, 0.48249027237354086, 0.48443579766536965]",3
active_ordered,13,152,0.3249027237354085,0.48443579766536965,"[0.311284046692607, 0.3346303501945525, 0.32879377431906615]","[0.4805447470817121, 0.48443579766536965, 0.4883268482490272]",3
active_ordered,14,154,0.32036316472114135,0.48443579766536965,"[0.321011673151751, 0.31712062256809337, 0.3229571984435798]","[0.4727626459143969, 0.48443579766536965, 0.4961089494163424]",3
active_ordered,15,156,0.33073929961089493,0.4863813229571985,"[0.32879377431906615, 0.32879377431906615, 0.3346303501945525]","[0.49221789883268485, 0.48443579766536965, 0.48249027237354086]",3
active_ordered,16,158,0.324254215304799,0.4805447470817121,"[0.30544747081712065, 0.3229571984435798, 0.3443579766536965]","[0.4708171206225681, 0.47470817120622566, 0.4961089494163424]",3
active_ordered,17,160,0.3223086900129702,0.4870298313878081,"[0.3229571984435798, 0.32684824902723736, 0.31712062256809337]","[0.49221789883268485, 0.4785992217898833, 0.490272373540856]",3
active_ordered,18,162,0.32944228274967574,0.4876783398184176,"[0.321011673151751, 0.33852140077821014, 0.32879377431906615]","[0.4883268482490272, 0.48638132295719844, 0.4883268482490272]",3
active_ordered,19,164,0.32101167315175094,0.49156939040207526,"[0.3132295719844358, 0.33073929961089493, 0.31906614785992216]","[0.48249027237354086, 0.49416342412451364, 0.4980544747081712]",3
active_ordered,20,166,0.32879377431906615,0.49221789883268485,"[0.32684824902723736, 0.31906614785992216, 0.3404669260700389]","[0.4961089494163424, 0.4785992217898833, 0.5019455252918288]",3
active_ordered,21,168,0.32490272373540857,0.4876783398184177,"[0.32490272373540857, 0.32490272373540857, 0.32490272373540857]","[0.49221789883268485, 0.48638132295719844, 0.48443579766536965]",3
active_ordered,22,170,0.32749675745784695,0.49092088197146566,"[0.321011673151751, 0.32684824902723736, 0.3346303501945525]","[0.490272373540856, 0.48638132295719844, 0.4961089494163424]",3
active_ordered,23,172,0.34306095979247725,0.5012970168612192,"[0.33657587548638135, 0.35797665369649806, 0.3346303501945525]","[0.5, 0.5038910505836576, 0.5]",3
active_ordered,24,174,0.3469520103761348,0.5123216601815823,"[0.3463035019455253, 0.3463035019455253, 0.34824902723735407]","[0.5116731517509727, 0.5077821011673151, 0.5175097276264592]",3
active_ordered,25,176,0.34435797665369655,0.5051880674448768,"[0.3424124513618677, 0.33657587548638135, 0.3540856031128405]","[0.4727626459143969, 0.5155642023346303, 0.5272373540856031]",3
active_ordered,26,178,0.34695201037613493,0.5077821011673151,"[0.3424124513618677, 0.3404669260700389, 0.35797665369649806]","[0.5019455252918288, 0.5, 0.5214007782101168]",3
active_ordered,27,180,0.3514915693904021,0.5071335927367056,"[0.3326848249027237, 0.36186770428015563, 0.35992217898832685]","[0.5019455252918288, 0.5155642023346303, 0.5038910505836576]",3
active_ordered,28,182,0.3534370946822309,0.5097276264591439,"[0.34824902723735407, 0.3521400778210117, 0.35992217898832685]","[0.5, 0.5214007782101168, 0.5077821011673151]",3
active_ordered,29,184,0.34695201037613493,0.5155642023346303,"[0.3346303501945525, 0.3540856031128405, 0.3521400778210117]","[0.5077821011673151, 0.519455252918288, 0.519455252918288]",3
active_ordered,30,186,0.3501945525291829,0.5077821011673151,"[0.3443579766536965, 0.3463035019455253, 0.35992217898832685]","[0.519455252918288, 0.49416342412451364, 0.5097276264591439]",3
active_ordered,31,188,0.3514915693904021,0.5103761348897535,"[0.3424124513618677, 0.35797665369649806, 0.3540856031128405]","[0.5214007782101168, 0.5019455252918288, 0.5077821011673151]",3
active_ordered,32,190,0.3488975356679637,0.5123216601815823,"[0.32879377431906615, 0.3560311284046693, 0.36186770428015563]","[0.5097276264591439, 0.5097276264591439, 0.5175097276264592]",3
active_ordered,33,192,0.36446173800259407,0.5252918287937742,"[0.3560311284046693, 0.3657587548638132, 0.3715953307392996]","[0.5116731517509727, 0.519455252918288, 0.5447470817120622]",3
active_ordered,34,194,0.36446173800259407,0.540207522697795,"[0.3638132295719844, 0.36186770428015563, 0.36770428015564205]","[0.5428015564202334, 0.5369649805447471, 0.5408560311284046]",3
active_ordered,35,196,0.38132295719844356,0.5505836575875487,"[0.38132295719844356, 0.37937743190661477, 0.3832684824902724]","[0.5311284046692607, 0.5603112840466926, 0.5603112840466926]",3
active_ordered,36,198,0.38002594033722437,0.5486381322957199,"[0.39299610894941633, 0.38132295719844356, 0.3657587548638132]","[0.5447470817120622, 0.5505836575875487, 0.5505836575875487]",3
active_ordered,37,200,0.38261997405966275,0.5505836575875487,"[0.3735408560311284, 0.38715953307393, 0.38715953307393]","[0.5505836575875487, 0.5428015564202334, 0.5583657587548638]",3
active_ordered,38,202,0.39105058365758755,0.5667963683527886,"[0.38132295719844356, 0.39883268482490275, 0.39299610894941633]","[0.5622568093385214, 0.566147859922179, 0.5719844357976653]",3
active_ordered,39,204,0.3988326848249027,0.5654993514915694,"[0.41245136186770426, 0.3968871595330739, 0.38715953307393]","[0.5603112840466926, 0.5739299610894941, 0.5622568093385214]",3
active_ordered,40,206,0.3949416342412451,0.5739299610894942,"[0.3968871595330739, 0.3949416342412451, 0.39299610894941633]","[0.566147859922179, 0.5680933852140078, 0.5875486381322957]",3
active_ordered,41,208,0.4020752269779508,0.5648508430609598,"[0.39105058365758755, 0.41050583657587547, 0.4046692607003891]","[0.5583657587548638, 0.5642023346303502, 0.5719844357976653]",3
active_ordered,42,210,0.400129701686122,0.5719844357976654,"[0.39299610894941633, 0.39883268482490275, 0.4085603112840467]","[0.566147859922179, 0.566147859922179, 0.5836575875486382]",3
active_ordered,43,212,0.40402075226977957,0.5706874189364461,"[0.4066147859922179, 0.4027237354085603, 0.4027237354085603]","[0.556420233463035, 0.5778210116731517, 0.5778210116731517]",3
active_ordered,44,214,0.39234760051880674,0.5635538261997406,"[0.38910505836575876, 0.4066147859922179, 0.38132295719844356]","[0.5544747081712063, 0.5700389105058365, 0.566147859922179]",3
active_ordered,45,216,0.3988326848249028,0.5700389105058365,"[0.3852140077821012, 0.4066147859922179, 0.4046692607003891]","[0.5700389105058365, 0.566147859922179, 0.5739299610894941]",3
active_ordered,46,218,0.40402075226977957,0.5642023346303502,"[0.3968871595330739, 0.41050583657587547, 0.4046692607003891]","[0.5603112840466926, 0.5642023346303502, 0.5680933852140078]",3
active_ordered,47,220,0.39364461738002593,0.5784695201037614,"[0.3968871595330739, 0.3968871595330739, 0.38715953307393]","[0.5778210116731517, 0.5758754863813229, 0.5817120622568094]",3
active_ordered,48,222,0.3897535667963683,0.5706874189364461,"[0.3832684824902724, 0.38132295719844356, 0.4046692607003891]","[0.5719844357976653, 0.5719844357976653, 0.5680933852140078]",3
active_ordered,49,224,0.39299610894941633,0.5687418936446174,"[0.3949416342412451, 0.39883268482490275, 0.3852140077821012]","[0.5603112840466926, 0.5836575875486382, 0.5622568093385214]",3
active_ordered,50,226,0.40337224383917,0.5771725032425422,"[0.3949416342412451, 0.4066147859922179, 0.4085603112840467]","[0.5758754863813229, 0.5739299610894941, 0.5817120622568094]",3
active_ordered,51,228,0.400129701686122,0.5830090791180286,"[0.39883268482490275, 0.3968871595330739, 0.4046692607003891]","[0.5836575875486382, 0.5817120622568094, 0.5836575875486382]",3
active_ordered,52,230,0.4124513618677043,0.5920881971465629,"[0.41245136186770426, 0.3968871595330739, 0.4280155642023346]","[0.5953307392996109, 0.5914396887159533, 0.5894941634241245]",3
active_ordered,53,232,0.41958495460440987,0.5907911802853437,"[0.42412451361867703, 0.42023346303501946, 0.4143968871595331]","[0.5992217898832685, 0.585603112840467, 0.5875486381322957]",3
active_ordered,54,234,0.4156939040207523,0.5875486381322957,"[0.42217898832684825, 0.4143968871595331, 0.41050583657587547]","[0.5894941634241245, 0.5894941634241245, 0.5836575875486382]",3
active_ordered,55,236,0.44487678339818415,0.6284046692607004,"[0.4377431906614786, 0.4474708171206226, 0.4494163424124514]","[0.6245136186770428, 0.632295719844358, 0.6284046692607004]",3
active_ordered,56,238,0.45201037613488976,0.6316472114137484,"[0.45136186770428016, 0.4474708171206226, 0.4571984435797665]","[0.6361867704280155, 0.6284046692607004, 0.6303501945525292]",3
active_ordered,57,240,0.4487678339818417,0.6335927367055771,"[0.4396887159533074, 0.45330739299610895, 0.45330739299610895]","[0.632295719844358, 0.6400778210116731, 0.6284046692607004]",3
active_ordered,58,242,0.4604409857328145,0.6394293125810635,"[0.4571984435797665, 0.46303501945525294, 0.46108949416342415]","[0.6439688715953308, 0.6361867704280155, 0.6381322957198443]",3
active_ordered,59,244,0.4571984435797665,0.6329442282749675,"[0.4494163424124514, 0.4571984435797665, 0.4649805447470817]","[0.6284046692607004, 0.6381322957198443, 0.632295719844358]",3
active_ordered,60,246,0.45590142671854733,0.6374837872892347,"[0.4571984435797665, 0.4455252918287938, 0.4649805447470817]","[0.6439688715953308, 0.632295719844358, 0.6361867704280155]",3
active_ordered,61,248,0.45330739299610895,0.6348897535667963,"[0.46108949416342415, 0.4591439688715953, 0.4396887159533074]","[0.6400778210116731, 0.6342412451361867, 0.6303501945525292]",3
active_ordered,62,250,0.4591439688715953,0.6381322957198443,"[0.45525291828793774, 0.45330739299610895, 0.4688715953307393]","[0.6342412451361867, 0.6361867704280155, 0.6439688715953308]",3
active_ordered,63,252,0.4578469520103761,0.62905317769131,"[0.4455252918287938, 0.4591439688715953, 0.4688715953307393]","[0.6284046692607004, 0.6264591439688716, 0.632295719844358]",3
active_ordered,64,254,0.45460440985732814,0.6420233463035019,"[0.46108949416342415, 0.4474708171206226, 0.45525291828793774]","[0.6498054474708171, 0.6361867704280155, 0.6400778210116731]",3
active_ordered,65,256,0.4649805447470818,0.6498054474708171,"[0.45525291828793774, 0.46303501945525294, 0.4766536964980545]","[0.642023346303502, 0.6556420233463035, 0.6517509727626459]",3
active_ordered,66,258,0.46952010376134884,0.6439688715953308,"[0.4785992217898833, 0.4649805447470817, 0.4649805447470817]","[0.6439688715953308, 0.6478599221789884, 0.6400778210116731]",3
active_ordered,67,260,0.47276264591439693,0.6413748378728923,"[0.47470817120622566, 0.4649805447470817, 0.4785992217898833]","[0.6498054474708171, 0.6381322957198443, 0.6361867704280155]",3
active_ordered,68,262,0.47276264591439693,0.6504539559014266,"[0.4688715953307393, 0.4708171206225681, 0.4785992217898833]","[0.6517509727626459, 0.6400778210116731, 0.6595330739299611]",3
active_ordered,69,264,0.4584954604409857,0.6472114137483788,"[0.45136186770428016, 0.4669260700389105, 0.4571984435797665]","[0.6439688715953308, 0.6517509727626459, 0.6459143968871596]",3
active_ordered,70,266,0.46562905317769127,0.6504539559014267,"[0.4571984435797665, 0.4708171206225681, 0.4688715953307393]","[0.6556420233463035, 0.6459143968871596, 0.6498054474708171]",3
active_ordered,71,268,0.4753566796368353,0.6472114137483788,"[0.4591439688715953, 0.4708171206225681, 0.4961089494163424]","[0.6459143968871596, 0.6517509727626459, 0.6439688715953308]",3
active_ordered,72,270,0.4760051880674449,0.6536964980544747,"[0.4708171206225681, 0.4785992217898833, 0.4785992217898833]","[0.6536964980544747, 0.6575875486381323, 0.6498054474708171]",3
active_ordered,73,272,0.4747081712062256,0.6653696498054474,"[0.4805447470817121, 0.4708171206225681, 0.4727626459143969]","[0.6595330739299611, 0.6673151750972762, 0.669260700389105]",3
active_ordered,74,274,0.4753566796368353,0.6543450064850843,"[0.4649805447470817, 0.4805447470817121, 0.4805447470817121]","[0.6517509727626459, 0.6556420233463035, 0.6556420233463035]",3
active_ordered,75,276,0.48443579766536965,0.6640726329442282,"[0.48249027237354086, 0.48249027237354086, 0.4883268482490272]","[0.6712062256809338, 0.6517509727626459, 0.669260700389105]",3
active_ordered,76,278,0.4773022049286641,0.6647211413748378,"[0.4688715953307393, 0.4727626459143969, 0.490272373540856]","[0.6653696498054474, 0.6653696498054474, 0.6634241245136187]",3
active_ordered,77,280,0.49027237354085607,0.6666666666666666,"[0.4805447470817121, 0.48443579766536965, 0.5058365758754864]","[0.669260700389105, 0.6653696498054474, 0.6653696498054474]",3
active_ordered,78,282,0.49481193255512324,0.6679636835278858,"[0.5, 0.49221789883268485, 0.49221789883268485]","[0.6634241245136187, 0.6653696498054474, 0.6750972762645915]",3
active_ordered,79,284,0.4974059662775616,0.6647211413748378,"[0.5, 0.4805447470817121, 0.5116731517509727]","[0.6634241245136187, 0.6634241245136187, 0.6673151750972762]",3
active_ordered,80,286,0.49546044098573283,0.6666666666666666,"[0.4961089494163424, 0.49221789883268485, 0.4980544747081712]","[0.6653696498054474, 0.6653696498054474, 0.669260700389105]",3
active_ordered,81,288,0.4974059662775616,0.6653696498054474,"[0.49416342412451364, 0.4980544747081712, 0.5]","[0.6673151750972762, 0.6673151750972762, 0.6614785992217899]",3
active_ordered,82,290,0.49351491569390404,0.6763942931258106,"[0.4883268482490272, 0.49221789883268485, 0.5]","[0.669260700389105, 0.6770428015564203, 0.6828793774319066]",3
active_ordered,83,292,0.5019455252918288,0.666018158236057,"[0.5038910505836576, 0.4883268482490272, 0.5136186770428015]","[0.6634241245136187, 0.6653696498054474, 0.669260700389105]",3
active_ordered,84,294,0.49221789883268485,0.6653696498054474,"[0.48443579766536965, 0.490272373540856, 0.5019455252918288]","[0.6673151750972762, 0.6595330739299611, 0.669260700389105]",3
active_ordered,85,296,0.5123216601815823,0.672503242542153,"[0.5077821011673151, 0.5077821011673151, 0.5214007782101168]","[0.6712062256809338, 0.6731517509727627, 0.6731517509727627]",3
active_ordered,86,298,0.49286640726329445,0.6679636835278858,"[0.5, 0.48443579766536965, 0.49416342412451364]","[0.6575875486381323, 0.6789883268482491, 0.6673151750972762]",3
active_ordered,87,300,0.5012970168612192,0.6614785992217899,"[0.4961089494163424, 0.4961089494163424, 0.5116731517509727]","[0.6517509727626459, 0.669260700389105, 0.6634241245136187]",3
active_ordered,88,302,0.5090791180285343,0.6867704280155641,"[0.5077821011673151, 0.5058365758754864, 0.5136186770428015]","[0.6809338521400778, 0.6926070038910506, 0.6867704280155642]",3
active_ordered,89,304,0.5149156939040207,0.6848249027237353,"[0.5077821011673151, 0.5077821011673151, 0.5291828793774319]","[0.6848249027237354, 0.6809338521400778, 0.688715953307393]",3
active_ordered,90,306,0.5246433203631647,0.6802853437094681,"[0.5252918287937743, 0.5233463035019456, 0.5252918287937743]","[0.6848249027237354, 0.6712062256809338, 0.6848249027237354]",3
active_ordered,91,308,0.523994811932555,0.6822308690012969,"[0.5116731517509727, 0.5272373540856031, 0.5330739299610895]","[0.6750972762645915, 0.6848249027237354, 0.6867704280155642]",3
active_ordered,92,310,0.527237354085603,0.6880674448767833,"[0.5155642023346303, 0.5369649805447471, 0.5291828793774319]","[0.6945525291828794, 0.6867704280155642, 0.6828793774319066]",3
active_ordered,93,312,0.5304798962386511,0.6913099870298313,"[0.5291828793774319, 0.5136186770428015, 0.5486381322957199]","[0.6926070038910506, 0.6848249027237354, 0.6964980544747081]",3
active_ordered,94,314,0.540207522697795,0.6913099870298313,"[0.5505836575875487, 0.5233463035019456, 0.546692607003891]","[0.6945525291828794, 0.6828793774319066, 0.6964980544747081]",3
active_ordered,95,316,0.5350194552529183,0.6926070038910505,"[0.5369649805447471, 0.5330739299610895, 0.5350194552529183]","[0.6964980544747081, 0.6867704280155642, 0.6945525291828794]",3
active_ordered,96,318,0.5337224383916991,0.6939040207522696,"[0.5330739299610895, 0.5291828793774319, 0.5389105058365758]","[0.6926070038910506, 0.6984435797665369, 0.6906614785992218]",3
active_ordered,97,320,0.5382619974059663,0.6945525291828792,"[0.5350194552529183, 0.5369649805447471, 0.5428015564202334]","[0.6964980544747081, 0.6926070038910506, 0.6945525291828794]",3
active_ordered,98,322,0.5376134889753567,0.69325551232166,"[0.5291828793774319, 0.5408560311284046, 0.5428015564202334]","[0.6945525291828794, 0.6926070038910506, 0.6926070038910506]",3
active_ordered,99,324,0.5428015564202335,0.6977950713359272,"[0.5505836575875487, 0.5252918287937743, 0.5525291828793775]","[0.6984435797665369, 0.6945525291828794, 0.7003891050583657]",3
active_ordered,100,326,0.5343709468223087,0.7003891050583656,"[0.5330739299610895, 0.519455252918288, 0.5505836575875487]","[0.7042801556420234, 0.6984435797665369, 0.6984435797665369]",3
active_ordered,101,328,0.5408560311284046,0.6971465629053176,"[0.5330739299610895, 0.5369649805447471, 0.5525291828793775]","[0.7023346303501945, 0.6984435797665369, 0.6906614785992218]",3
active_ordered,102,330,0.543450064850843,0.6945525291828792,"[0.5428015564202334, 0.5350194552529183, 0.5525291828793775]","[0.6926070038910506, 0.6945525291828794, 0.6964980544747081]",3
active_ordered,103,332,0.5428015564202334,0.6984435797665368,"[0.5350194552529183, 0.5486381322957199, 0.5447470817120622]","[0.7003891050583657, 0.6964980544747081, 0.6984435797665369]",3
active_ordered,104,334,0.5408560311284046,0.6958495460440984,"[0.5330739299610895, 0.5350194552529183, 0.5544747081712063]","[0.6926070038910506, 0.6945525291828794, 0.7003891050583657]",3
active_ordered,105,336,0.5369649805447471,0.7036316472114138,"[0.5486381322957199, 0.5330739299610895, 0.5291828793774319]","[0.7003891050583657, 0.7042801556420234, 0.7062256809338522]",3
active_ordered,106,338,0.5337224383916991,0.6906614785992217,"[0.5330739299610895, 0.5350194552529183, 0.5330739299610895]","[0.688715953307393, 0.6906614785992218, 0.6926070038910506]",3
active_ordered,107,340,0.5473411154345006,0.7055771725032426,"[0.546692607003891, 0.5408560311284046, 0.5544747081712063]","[0.7062256809338522, 0.7042801556420234, 0.7062256809338522]",3
active_ordered,108,342,0.5473411154345006,0.699740596627756,"[0.5389105058365758, 0.5447470817120622, 0.5583657587548638]","[0.7062256809338522, 0.6964980544747081, 0.6964980544747081]",3
active_ordered,109,344,0.5531776913099871,0.7075226977950714,"[0.5603112840466926, 0.546692607003891, 0.5525291828793775]","[0.7042801556420234, 0.7003891050583657, 0.7178988326848249]",3
active_ordered,110,346,0.5667963683527886,0.7120622568093385,"[0.5622568093385214, 0.5700389105058365, 0.5680933852140078]","[0.7120622568093385, 0.7062256809338522, 0.7178988326848249]",3
active_ordered,111,348,0.562905317769131,0.7159533073929961,"[0.566147859922179, 0.5486381322957199, 0.5739299610894941]","[0.7178988326848249, 0.7120622568093385, 0.7178988326848249]",3
active_ordered,112,350,0.5635538261997406,0.7185473411154345,"[0.5603112840466926, 0.5583657587548638, 0.5719844357976653]","[0.7140077821011673, 0.7178988326848249, 0.7237354085603113]",3
active_ordered,113,352,0.5642023346303502,0.7101167315175098,"[0.566147859922179, 0.5622568093385214, 0.5642023346303502]","[0.7120622568093385, 0.7023346303501945, 0.7159533073929961]",3
active_ordered,114,354,0.5674448767833982,0.7159533073929961,"[0.5642023346303502, 0.5680933852140078, 0.5700389105058365]","[0.7178988326848249, 0.7120622568093385, 0.7178988326848249]",3
active_ordered,115,356,0.566147859922179,0.7237354085603113,"[0.566147859922179, 0.5622568093385214, 0.5700389105058365]","[0.7276264591439688, 0.72568093385214, 0.7178988326848249]",3
active_ordered,116,358,0.5680933852140078,0.7191958495460441,"[0.5719844357976653, 0.5642023346303502, 0.5680933852140078]","[0.72568093385214, 0.7159533073929961, 0.7159533073929961]",3
active_ordered,117,360,0.5687418936446174,0.7230869001297017,"[0.5700389105058365, 0.5680933852140078, 0.5680933852140078]","[0.7237354085603113, 0.7217898832684825, 0.7237354085603113]",3
active_ordered,118,362,0.562905317769131,0.7269779507133592,"[0.5642023346303502, 0.5680933852140078, 0.556420233463035]","[0.72568093385214, 0.7334630350194552, 0.7217898832684825]",3
active_ordered,119,364,0.5726329442282749,0.7334630350194553,"[0.5719844357976653, 0.5739299610894941, 0.5719844357976653]","[0.7354085603112841, 0.7295719844357976, 0.7354085603112841]",3
active_ordered,120,366,0.569390402075227,0.7321660181582361,"[0.5778210116731517, 0.5700389105058365, 0.5603112840466926]","[0.7295719844357976, 0.7315175097276264, 0.7354085603112841]",3
active_ordered,121,368,0.5667963683527886,0.7321660181582361,"[0.5603112840466926, 0.5797665369649806, 0.5603112840466926]","[0.7295719844357976, 0.7354085603112841, 0.7315175097276264]",3
active_ordered,122,370,0.5726329442282749,0.7263294422827496,"[0.5700389105058365, 0.5836575875486382, 0.5642023346303502]","[0.7276264591439688, 0.7276264591439688, 0.7237354085603113]",3
active_ordered,123,372,0.5752269779507133,0.7328145265888456,"[0.5836575875486382, 0.5719844357976653, 0.5700389105058365]","[0.7334630350194552, 0.7334630350194552, 0.7315175097276264]",3
active_ordered,124,374,0.5778210116731518,0.7341115434500649,"[0.5797665369649806, 0.5739299610894941, 0.5797665369649806]","[0.7373540856031129, 0.7315175097276264, 0.7334630350194552]",3
active_ordered,125,376,0.5881971465629053,0.7405966277561609,"[0.5836575875486382, 0.5992217898832685, 0.5817120622568094]","[0.7412451361867705, 0.7412451361867705, 0.7392996108949417]",3
active_ordered,126,378,0.5810635538261998,0.7367055771725033,"[0.5817120622568094, 0.5836575875486382, 0.5778210116731517]","[0.7373540856031129, 0.7412451361867705, 0.7315175097276264]",3
active_ordered,127,380,0.585603112840467,0.7425421530479897,"[0.5972762645914397, 0.5797665369649806, 0.5797665369649806]","[0.7373540856031129, 0.745136186770428, 0.745136186770428]",3
active_ordered,128,382,0.5862516212710766,0.7438391699092088,"[0.5894941634241245, 0.5875486381322957, 0.5817120622568094]","[0.7431906614785992, 0.745136186770428, 0.7431906614785992]",3
active_ordered,129,384,0.5862516212710766,0.7425421530479897,"[0.5953307392996109, 0.5797665369649806, 0.5836575875486382]","[0.7431906614785992, 0.745136186770428, 0.7392996108949417]",3
active_ordered,130,386,0.5940337224383917,0.748378728923476,"[0.6011673151750972, 0.5894941634241245, 0.5914396887159533]","[0.7529182879377432, 0.7470817120622568, 0.745136186770428]",3
active_ordered,131,388,0.5966277561608301,0.7477302204928664,"[0.5972762645914397, 0.5972762645914397, 0.5953307392996109]","[0.7470817120622568, 0.745136186770428, 0.7509727626459144]",3
active_ordered,132,390,0.5901426718547341,0.7431906614785992,"[0.6050583657587548, 0.5894941634241245, 0.5758754863813229]","[0.7373540856031129, 0.7470817120622568, 0.745136186770428]",3
active_ordered,133,392,0.5998702983138781,0.7464332036316472,"[0.6011673151750972, 0.5972762645914397, 0.6011673151750972]","[0.7412451361867705, 0.7529182879377432, 0.745136186770428]",3
active_ordered,134,394,0.6044098573281452,0.7477302204928664,"[0.5972762645914397, 0.6089494163424124, 0.6070038910505836]","[0.7392996108949417, 0.7587548638132295, 0.745136186770428]",3
active_ordered,135,396,0.6037613488975356,0.7561608300907912,"[0.6070038910505836, 0.603112840466926, 0.6011673151750972]","[0.7490272373540856, 0.7568093385214008, 0.7626459143968871]",3
active_ordered,136,398,0.6031128404669261,0.754863813229572,"[0.6186770428015564, 0.5953307392996109, 0.5953307392996109]","[0.7645914396887159, 0.7509727626459144, 0.7490272373540856]",3
active_ordered,137,400,0.6115434500648509,0.7613488975356679,"[0.6128404669260701, 0.6108949416342413, 0.6108949416342413]","[0.7626459143968871, 0.7568093385214008, 0.7645914396887159]",3
active_ordered,138,402,0.5992217898832685,0.7561608300907912,"[0.6011673151750972, 0.6050583657587548, 0.5914396887159533]","[0.7568093385214008, 0.7490272373540856, 0.7626459143968871]",3
active_ordered,139,404,0.603112840466926,0.7561608300907912,"[0.6070038910505836, 0.6089494163424124, 0.5933852140077821]","[0.7529182879377432, 0.7607003891050583, 0.754863813229572]",3
active_ordered,140,406,0.6005188067444878,0.7568093385214008,"[0.6167315175097277, 0.5992217898832685, 0.585603112840467]","[0.7568093385214008, 0.7587548638132295, 0.754863813229572]",3
active_ordered,141,408,0.5979247730220493,0.7568093385214008,"[0.603112840466926, 0.5953307392996109, 0.5953307392996109]","[0.7587548638132295, 0.754863813229572, 0.7568093385214008]",3
active_ordered,142,410,0.5966277561608301,0.7574578469520103,"[0.5933852140077821, 0.5953307392996109, 0.6011673151750972]","[0.7529182879377432, 0.7587548638132295, 0.7607003891050583]",3
active_ordered,143,412,0.6083009079118029,0.7652399481193255,"[0.6108949416342413, 0.6186770428015564, 0.5953307392996109]","[0.7684824902723736, 0.7607003891050583, 0.7665369649805448]",3
active_ordered,144,414,0.5992217898832685,0.7632944228274967,"[0.6089494163424124, 0.5953307392996109, 0.5933852140077821]","[0.7626459143968871, 0.7626459143968871, 0.7645914396887159]",3
active_ordered,145,416,0.603112840466926,0.7600518806744487,"[0.6011673151750972, 0.603112840466926, 0.6050583657587548]","[0.7607003891050583, 0.7607003891050583, 0.7587548638132295]",3
active_ordered,146,418,0.6083009079118029,0.7691309987029831,"[0.6108949416342413, 0.603112840466926, 0.6108949416342413]","[0.7645914396887159, 0.7762645914396887, 0.7665369649805448]",3
active_ordered,147,420,0.6070038910505837,0.7678339818417639,"[0.6128404669260701, 0.6070038910505836, 0.6011673151750972]","[0.7684824902723736, 0.7607003891050583, 0.77431906614786]",3
active_ordered,148,422,0.6076523994811933,0.7684824902723736,"[0.6128404669260701, 0.6050583657587548, 0.6050583657587548]","[0.7684824902723736, 0.7665369649805448, 0.7704280155642024]",3
active_ordered,149,424,0.6044098573281453,0.7671854734111543,"[0.622568093385214, 0.603112840466926, 0.5875486381322957]","[0.7626459143968871, 0.7665369649805448, 0.7723735408560312]",3
active_ordered,150,426,0.6089494163424125,0.7730220492866406,"[0.6186770428015564, 0.6108949416342413, 0.5972762645914397]","[0.7782101167315175, 0.7626459143968871, 0.7782101167315175]",3
active_ordered,151,428,0.6089494163424124,0.771076523994812,"[0.6070038910505836, 0.603112840466926, 0.6167315175097277]","[0.7704280155642024, 0.7704280155642024, 0.7723735408560312]",3
active_ordered,152,430,0.6076523994811933,0.7756160830090791,"[0.6147859922178989, 0.6089494163424124, 0.5992217898832685]","[0.7762645914396887, 0.77431906614786, 0.7762645914396887]",3
active_ordered,153,432,0.6160830090791181,0.7788586251621271,"[0.6206225680933852, 0.6089494163424124, 0.6186770428015564]","[0.7801556420233463, 0.77431906614786, 0.7821011673151751]",3
active_ordered,154,434,0.6160830090791181,0.7788586251621271,"[0.6186770428015564, 0.6147859922178989, 0.6147859922178989]","[0.7723735408560312, 0.7723735408560312, 0.791828793774319]",3
active_ordered,155,436,0.6154345006485085,0.7736705577172504,"[0.6167315175097277, 0.6147859922178989, 0.6147859922178989]","[0.7704280155642024, 0.7684824902723736, 0.7821011673151751]",3
active_ordered,156,438,0.6102464332036317,0.7749675745784695,"[0.6167315175097277, 0.6050583657587548, 0.6089494163424124]","[0.7821011673151751, 0.7684824902723736, 0.77431906614786]",3
active_ordered,157,440,0.6044098573281453,0.7762645914396887,"[0.6128404669260701, 0.603112840466926, 0.5972762645914397]","[0.77431906614786, 0.77431906614786, 0.7801556420233463]",3
active_ordered,158,442,0.6134889753566797,0.7846952010376135,"[0.6186770428015564, 0.6167315175097277, 0.6050583657587548]","[0.7840466926070039, 0.7840466926070039, 0.7859922178988327]",3
active_ordered,159,444,0.6199740596627756,0.7795071335927367,"[0.622568093385214, 0.622568093385214, 0.6147859922178989]","[0.7762645914396887, 0.7801556420233463, 0.7821011673151751]",3
active_ordered,160,446,0.6167315175097277,0.7827496757457847,"[0.632295719844358, 0.5992217898832685, 0.6186770428015564]","[0.7723735408560312, 0.7840466926070039, 0.791828793774319]",3
active_ordered,161,448,0.6186770428015564,0.7782101167315175,"[0.6206225680933852, 0.6264591439688716, 0.6089494163424124]","[0.7762645914396887, 0.77431906614786, 0.7840466926070039]",3
active_ordered,162,450,0.6219195849546044,0.7853437094682231,"[0.6245136186770428, 0.6128404669260701, 0.6284046692607004]","[0.7840466926070039, 0.7782101167315175, 0.7937743190661478]",3
active_ordered,163,452,0.62905317769131,0.7866407263294423,"[0.6342412451361867, 0.6245136186770428, 0.6284046692607004]","[0.7821011673151751, 0.7898832684824902, 0.7879377431906615]",3
active_ordered,164,454,0.6141374837872893,0.7821011673151751,"[0.6186770428015564, 0.6206225680933852, 0.603112840466926]","[0.77431906614786, 0.7879377431906615, 0.7840466926070039]",3
active_ordered,165,456,0.6238651102464332,0.7821011673151751,"[0.6284046692607004, 0.6167315175097277, 0.6264591439688716]","[0.7821011673151751, 0.7840466926070039, 0.7801556420233463]",3
active_ordered,166,458,0.625810635538262,0.7853437094682231,"[0.6264591439688716, 0.622568093385214, 0.6284046692607004]","[0.7937743190661478, 0.7762645914396887, 0.7859922178988327]",3
active_ordered,167,460,0.6284046692607004,0.7808041504539559,"[0.6284046692607004, 0.6303501945525292, 0.6264591439688716]","[0.7840466926070039, 0.7762645914396887, 0.7821011673151751]",3
active_ordered,168,462,0.6238651102464332,0.7821011673151751,"[0.632295719844358, 0.6128404669260701, 0.6264591439688716]","[0.7782101167315175, 0.7859922178988327, 0.7821011673151751]",3
active_ordered,169,464,0.632295719844358,0.7762645914396887,"[0.6342412451361867, 0.632295719844358, 0.6303501945525292]","[0.7782101167315175, 0.7723735408560312, 0.7782101167315175]",3
active_ordered,170,466,0.6264591439688716,0.7782101167315175,"[0.6284046692607004, 0.6264591439688716, 0.6245136186770428]","[0.7782101167315175, 0.7782101167315175, 0.7782101167315175]",3
active_ordered,171,468,0.6303501945525292,0.7808041504539559,"[0.6361867704280155, 0.6342412451361867, 0.6206225680933852]","[0.77431906614786, 0.7821011673151751, 0.7859922178988327]",3
active_ordered,172,470,0.6199740596627756,0.7749675745784695,"[0.6245136186770428, 0.6206225680933852, 0.6147859922178989]","[0.7762645914396887, 0.77431906614786, 0.77431906614786]",3
active_ordered,173,472,0.6199740596627756,0.7795071335927367,"[0.6264591439688716, 0.6167315175097277, 0.6167315175097277]","[0.7840466926070039, 0.7762645914396887, 0.7782101167315175]",3
active_ordered,174,474,0.6245136186770428,0.7775616083009079,"[0.622568093385214, 0.6303501945525292, 0.6206225680933852]","[0.7782101167315175, 0.77431906614786, 0.7801556420233463]",3
active_ordered,175,476,0.6297016861219196,0.7756160830090791,"[0.6361867704280155, 0.6303501945525292, 0.622568093385214]","[0.7801556420233463, 0.7704280155642024, 0.7762645914396887]",3
active_ordered,176,478,0.622568093385214,0.7795071335927367,"[0.6264591439688716, 0.6186770428015564, 0.622568093385214]","[0.7762645914396887, 0.7821011673151751, 0.7801556420233463]",3
active_ordered,177,480,0.6245136186770428,0.7775616083009078,"[0.6245136186770428, 0.6342412451361867, 0.6147859922178989]","[0.7645914396887159, 0.7879377431906615, 0.7801556420233463]",3
active_ordered,178,482,0.622568093385214,0.7801556420233463,"[0.6245136186770428, 0.6264591439688716, 0.6167315175097277]","[0.7859922178988327, 0.7782101167315175, 0.7762645914396887]",3
active_ordered,179,484,0.6251621271076524,0.7775616083009079,"[0.6303501945525292, 0.6303501945525292, 0.6147859922178989]","[0.77431906614786, 0.7723735408560312, 0.7859922178988327]",3
active_ordered,180,486,0.6206225680933852,0.7749675745784695,"[0.622568093385214, 0.6245136186770428, 0.6147859922178989]","[0.77431906614786, 0.77431906614786, 0.7762645914396887]",3
active_ordered,181,488,0.6238651102464332,0.7795071335927367,"[0.6167315175097277, 0.6303501945525292, 0.6245136186770428]","[0.7723735408560312, 0.7801556420233463, 0.7859922178988327]",3
active_ordered,182,490,0.625810635538262,0.7756160830090791,"[0.6264591439688716, 0.6264591439688716, 0.6245136186770428]","[0.7762645914396887, 0.7762645914396887, 0.77431906614786]",3
active_ordered,183,492,0.6238651102464332,0.7846952010376135,"[0.6303501945525292, 0.6303501945525292, 0.6108949416342413]","[0.7879377431906615, 0.7898832684824902, 0.7762645914396887]",3
active_ordered,184,494,0.6277561608300908,0.7795071335927367,"[0.6303501945525292, 0.632295719844358, 0.6206225680933852]","[0.7782101167315175, 0.7801556420233463, 0.7801556420233463]",3
active_ordered,185,496,0.6277561608300908,0.788586251621271,"[0.622568093385214, 0.632295719844358, 0.6284046692607004]","[0.7957198443579766, 0.7821011673151751, 0.7879377431906615]",3
active_ordered,186,498,0.6303501945525292,0.7872892347600519,"[0.632295719844358, 0.632295719844358, 0.6264591439688716]","[0.7976653696498055, 0.7840466926070039, 0.7801556420233463]",3
active_ordered,187,500,0.622568093385214,0.7872892347600519,"[0.6303501945525292, 0.6264591439688716, 0.6108949416342413]","[0.7859922178988327, 0.7840466926070039, 0.791828793774319]",3
active_ordered,188,502,0.62905317769131,0.7879377431906615,"[0.6303501945525292, 0.6361867704280155, 0.6206225680933852]","[0.7937743190661478, 0.7840466926070039, 0.7859922178988327]",3
active_ordered,189,504,0.6335927367055771,0.7840466926070039,"[0.6381322957198443, 0.6342412451361867, 0.6284046692607004]","[0.7898832684824902, 0.77431906614786, 0.7879377431906615]",3
active_ordered,190,506,0.6361867704280155,0.7808041504539559,"[0.632295719844358, 0.6361867704280155, 0.6400778210116731]","[0.7782101167315175, 0.7762645914396887, 0.7879377431906615]",3
active_ordered,191,508,0.6348897535667963,0.7879377431906615,"[0.6361867704280155, 0.6381322957198443, 0.6303501945525292]","[0.7879377431906615, 0.7937743190661478, 0.7821011673151751]",3
active_ordered,192,510,0.6316472114137484,0.7872892347600519,"[0.6361867704280155, 0.6303501945525292, 0.6284046692607004]","[0.791828793774319, 0.7859922178988327, 0.7840466926070039]",3
active_ordered,193,512,0.6335927367055771,0.7827496757457847,"[0.6381322957198443, 0.6342412451361867, 0.6284046692607004]","[0.7859922178988327, 0.7879377431906615, 0.77431906614786]",3
active_ordered,194,514,0.5817120622568094,0.7632944228274967,"[0.5894941634241245, 0.5583657587548638, 0.5972762645914397]","[0.7607003891050583, 0.7684824902723736, 0.7607003891050583]",3
active_ordered,195,516,0.5687418936446174,0.7658884565499351,"[0.5933852140077821, 0.546692607003891, 0.566147859922179]","[0.7587548638132295, 0.7801556420233463, 0.7587548638132295]",3
active_ordered,196,518,0.6037613488975356,0.7678339818417639,"[0.6167315175097277, 0.5739299610894941, 0.6206225680933852]","[0.7821011673151751, 0.7470817120622568, 0.77431906614786]",3
active_ordered,197,520,0.5933852140077821,0.7769130998702983,"[0.5953307392996109, 0.5972762645914397, 0.5875486381322957]","[0.7782101167315175, 0.7840466926070039, 0.7684824902723736]",3
active_ordered,198,522,0.6115434500648509,0.7782101167315175,"[0.6167315175097277, 0.6147859922178989, 0.603112840466926]","[0.7801556420233463, 0.7840466926070039, 0.7704280155642024]",3
active_ordered,199,524,0.5979247730220493,0.7769130998702983,"[0.5700389105058365, 0.6303501945525292, 0.5933852140077821]","[0.7723735408560312, 0.7821011673151751, 0.7762645914396887]",3
active_ordered,200,526,0.5985732814526589,0.7898832684824902,"[0.5992217898832685, 0.5817120622568094, 0.6147859922178989]","[0.791828793774319, 0.7898832684824902, 0.7879377431906615]",3
active_ordered,201,528,0.61284046692607,0.7892347600518806,"[0.6070038910505836, 0.6070038910505836, 0.6245136186770428]","[0.7898832684824902, 0.7898832684824902, 0.7879377431906615]",3
active_ordered,202,530,0.6186770428015564,0.7898832684824902,"[0.6400778210116731, 0.603112840466926, 0.6128404669260701]","[0.7937743190661478, 0.7840466926070039, 0.791828793774319]",3
active_ordered,203,532,0.6206225680933852,0.795071335927367,"[0.6264591439688716, 0.6400778210116731, 0.5953307392996109]","[0.7898832684824902, 0.8054474708171206, 0.7898832684824902]",3
active_ordered,204,534,0.619325551232166,0.7892347600518806,"[0.6245136186770428, 0.6050583657587548, 0.6284046692607004]","[0.7937743190661478, 0.7821011673151751, 0.791828793774319]",3
active_ordered,205,536,0.6316472114137484,0.7872892347600519,"[0.6439688715953308, 0.6400778210116731, 0.6108949416342413]","[0.7898832684824902, 0.7898832684824902, 0.7821011673151751]",3
active_ordered,206,538,0.6206225680933852,0.7905317769130998,"[0.6186770428015564, 0.6206225680933852, 0.622568093385214]","[0.7879377431906615, 0.7898832684824902, 0.7937743190661478]",3
active_ordered,207,540,0.6277561608300908,0.788586251621271,"[0.6245136186770428, 0.622568093385214, 0.6361867704280155]","[0.7976653696498055, 0.7859922178988327, 0.7821011673151751]",3
active_ordered,208,542,0.6167315175097277,0.7911802853437094,"[0.6186770428015564, 0.6147859922178989, 0.6167315175097277]","[0.7957198443579766, 0.7898832684824902, 0.7879377431906615]",3
active_ordered,209,544,0.6335927367055771,0.7944228274967574,"[0.6478599221789884, 0.6147859922178989, 0.6381322957198443]","[0.7879377431906615, 0.8015564202334631, 0.7937743190661478]",3
active_ordered,210,546,0.6368352788586251,0.791828793774319,"[0.6478599221789884, 0.6342412451361867, 0.6284046692607004]","[0.7879377431906615, 0.7957198443579766, 0.791828793774319]",3
active_ordered,211,548,0.6232166018158236,0.797016861219196,"[0.6303501945525292, 0.632295719844358, 0.6070038910505836]","[0.7976653696498055, 0.7957198443579766, 0.7976653696498055]",3
active_ordered,212,550,0.6348897535667963,0.7963683527885862,"[0.6361867704280155, 0.622568093385214, 0.6459143968871596]","[0.7957198443579766, 0.7879377431906615, 0.8054474708171206]",3
active_ordered,213,552,0.6420233463035019,0.7963683527885862,"[0.6498054474708171, 0.6400778210116731, 0.6361867704280155]","[0.8054474708171206, 0.7976653696498055, 0.7859922178988327]",3
active_ordered,214,554,0.642023346303502,0.7944228274967574,"[0.6459143968871596, 0.6595330739299611, 0.6206225680933852]","[0.8015564202334631, 0.7937743190661478, 0.7879377431906615]",3
active_ordered,215,556,0.6355382619974059,0.7931258106355382,"[0.6342412451361867, 0.6381322957198443, 0.6342412451361867]","[0.791828793774319, 0.7976653696498055, 0.7898832684824902]",3
active_ordered,216,558,0.6478599221789884,0.800259403372244,"[0.642023346303502, 0.6478599221789884, 0.6536964980544747]","[0.8015564202334631, 0.7937743190661478, 0.8054474708171206]",3
active_ordered,217,560,0.642023346303502,0.7976653696498056,"[0.642023346303502, 0.6439688715953308, 0.6400778210116731]","[0.8035019455252919, 0.791828793774319, 0.7976653696498055]",3
active_ordered,218,562,0.6523994811932554,0.8009079118028536,"[0.6245136186770428, 0.6653696498054474, 0.6673151750972762]","[0.8035019455252919, 0.7976653696498055, 0.8015564202334631]",3
active_ordered,219,564,0.6472114137483788,0.8086900129701687,"[0.6634241245136187, 0.6478599221789884, 0.6303501945525292]","[0.8132295719844358, 0.8035019455252919, 0.8093385214007782]",3
active_ordered,220,566,0.6459143968871596,0.8022049286640728,"[0.642023346303502, 0.6536964980544747, 0.642023346303502]","[0.8015564202334631, 0.7976653696498055, 0.8073929961089494]",3
active_ordered,221,568,0.6511024643320363,0.8035019455252917,"[0.6556420233463035, 0.6595330739299611, 0.6381322957198443]","[0.8035019455252919, 0.8132295719844358, 0.7937743190661478]",3
active_ordered,222,570,0.6485084306095978,0.8009079118028536,"[0.6653696498054474, 0.632295719844358, 0.6478599221789884]","[0.7996108949416343, 0.7996108949416343, 0.8035019455252919]",3
active_ordered,223,572,0.6523994811932555,0.7983138780804152,"[0.6498054474708171, 0.6342412451361867, 0.6731517509727627]","[0.7976653696498055, 0.7996108949416343, 0.7976653696498055]",3
active_ordered,224,574,0.6478599221789884,0.7996108949416344,"[0.6439688715953308, 0.6556420233463035, 0.6439688715953308]","[0.7898832684824902, 0.8054474708171206, 0.8035019455252919]",3
active_ordered,225,576,0.6523994811932555,0.8073929961089495,"[0.6498054474708171, 0.6498054474708171, 0.6575875486381323]","[0.8073929961089494, 0.8054474708171206, 0.8093385214007782]",3
active_ordered,226,578,0.6498054474708171,0.80674448767834,"[0.6536964980544747, 0.6634241245136187, 0.632295719844358]","[0.811284046692607, 0.8054474708171206, 0.8035019455252919]",3
active_ordered,227,580,0.6621271076523995,0.8022049286640728,"[0.6536964980544747, 0.6653696498054474, 0.6673151750972762]","[0.8035019455252919, 0.7957198443579766, 0.8073929961089494]",3
active_ordered,228,582,0.6485084306095978,0.8054474708171208,"[0.6381322957198443, 0.642023346303502, 0.6653696498054474]","[0.8015564202334631, 0.8054474708171206, 0.8093385214007782]",3
active_ordered,229,584,0.6699092088197146,0.8093385214007783,"[0.6595330739299611, 0.6770428015564203, 0.6731517509727627]","[0.8093385214007782, 0.811284046692607, 0.8073929961089494]",3
active_ordered,230,586,0.6627756160830091,0.8099870298313879,"[0.6556420233463035, 0.6575875486381323, 0.6750972762645915]","[0.8132295719844358, 0.8035019455252919, 0.8132295719844358]",3
active_ordered,231,588,0.6731517509727626,0.8112840466926071,"[0.6712062256809338, 0.6750972762645915, 0.6731517509727627]","[0.811284046692607, 0.7996108949416343, 0.8229571984435797]",3
active_ordered,232,590,0.6621271076523995,0.8073929961089495,"[0.6595330739299611, 0.669260700389105, 0.6575875486381323]","[0.811284046692607, 0.8035019455252919, 0.8073929961089494]",3
active_ordered,233,592,0.678988326848249,0.8125810635538263,"[0.6750972762645915, 0.6926070038910506, 0.669260700389105]","[0.8132295719844358, 0.8093385214007782, 0.8151750972762646]",3
active_ordered,234,594,0.6549935149156939,0.8060959792477304,"[0.6575875486381323, 0.6498054474708171, 0.6575875486381323]","[0.8035019455252919, 0.8015564202334631, 0.8132295719844358]",3
active_ordered,235,596,0.6699092088197146,0.8106355382619975,"[0.6712062256809338, 0.6770428015564203, 0.6614785992217899]","[0.8151750972762646, 0.8054474708171206, 0.811284046692607]",3
active_ordered,236,598,0.6712062256809338,0.8086900129701687,"[0.6828793774319066, 0.6595330739299611, 0.6712062256809338]","[0.8093385214007782, 0.8015564202334631, 0.8151750972762646]",3
active_ordered,237,600,0.6627756160830091,0.8132295719844359,"[0.6536964980544747, 0.6653696498054474, 0.669260700389105]","[0.8151750972762646, 0.8093385214007782, 0.8151750972762646]",3
active_ordered,238,602,0.6653696498054474,0.8119325551232167,"[0.6712062256809338, 0.6517509727626459, 0.6731517509727627]","[0.8073929961089494, 0.811284046692607, 0.8171206225680934]",3
active_ordered,239,604,0.6731517509727626,0.8119325551232167,"[0.6809338521400778, 0.6595330739299611, 0.6789883268482491]","[0.8151750972762646, 0.8132295719844358, 0.8073929961089494]",3
active_ordered,240,606,0.6673151750972762,0.8106355382619975,"[0.6731517509727627, 0.6614785992217899, 0.6673151750972762]","[0.8035019455252919, 0.8151750972762646, 0.8132295719844358]",3
active_ordered,241,608,0.678988326848249,0.8112840466926071,"[0.6828793774319066, 0.6770428015564203, 0.6770428015564203]","[0.8132295719844358, 0.8093385214007782, 0.811284046692607]",3
active_ordered,242,610,0.6783398184176394,0.8119325551232167,"[0.6653696498054474, 0.6964980544747081, 0.6731517509727627]","[0.8015564202334631, 0.8151750972762646, 0.8190661478599222]",3
active_ordered,243,612,0.6796368352788585,0.8106355382619975,"[0.6770428015564203, 0.6828793774319066, 0.6789883268482491]","[0.811284046692607, 0.8073929961089494, 0.8132295719844358]",3
active_ordered,244,614,0.678988326848249,0.8106355382619975,"[0.6750972762645915, 0.6867704280155642, 0.6750972762645915]","[0.811284046692607, 0.811284046692607, 0.8093385214007782]",3
active_ordered,245,616,0.6796368352788585,0.8099870298313879,"[0.6789883268482491, 0.669260700389105, 0.6906614785992218]","[0.8151750972762646, 0.8054474708171206, 0.8093385214007782]",3
active_ordered,246,618,0.6686121919584954,0.8086900129701687,"[0.6770428015564203, 0.6653696498054474, 0.6634241245136187]","[0.8035019455252919, 0.8015564202334631, 0.8210116731517509]",3
active_ordered,247,620,0.672503242542153,0.8112840466926071,"[0.6770428015564203, 0.6653696498054474, 0.6750972762645915]","[0.811284046692607, 0.8093385214007782, 0.8132295719844358]",3
active_ordered,248,622,0.6835278858625161,0.8203631647211415,"[0.6770428015564203, 0.6926070038910506, 0.6809338521400778]","[0.8171206225680934, 0.8151750972762646, 0.8287937743190662]",3
active_ordered,249,624,0.6906614785992217,0.8216601815823606,"[0.6867704280155642, 0.6964980544747081, 0.688715953307393]","[0.8171206225680934, 0.8190661478599222, 0.8287937743190662]",3
active_ordered,250,626,0.6867704280155641,0.8177691309987031,"[0.6984435797665369, 0.6867704280155642, 0.6750972762645915]","[0.8229571984435797, 0.8151750972762646, 0.8151750972762646]",3
active_ordered,251,628,0.675745784695201,0.8177691309987031,"[0.6653696498054474, 0.6867704280155642, 0.6750972762645915]","[0.811284046692607, 0.8210116731517509, 0.8210116731517509]",3
active_ordered,252,630,0.678988326848249,0.821011673151751,"[0.6848249027237354, 0.6750972762645915, 0.6770428015564203]","[0.8151750972762646, 0.8229571984435797, 0.8249027237354085]",3
active_ordered,253,632,0.6835278858625161,0.8236057068741894,"[0.6750972762645915, 0.6828793774319066, 0.6926070038910506]","[0.8210116731517509, 0.8249027237354085, 0.8249027237354085]",3
active_ordered,254,634,0.6802853437094681,0.8190661478599223,"[0.6828793774319066, 0.6789883268482491, 0.6789883268482491]","[0.8132295719844358, 0.8210116731517509, 0.8229571984435797]",3
active_ordered,255,636,0.6926070038910505,0.8223086900129702,"[0.6945525291828794, 0.7042801556420234, 0.6789883268482491]","[0.8229571984435797, 0.8249027237354085, 0.8190661478599222]",3
active_ordered,256,638,0.6848249027237353,0.8249027237354086,"[0.6789883268482491, 0.688715953307393, 0.6867704280155642]","[0.8249027237354085, 0.8210116731517509, 0.8287937743190662]",3
active_ordered,257,640,0.69325551232166,0.8197146562905319,"[0.6984435797665369, 0.6984435797665369, 0.6828793774319066]","[0.8132295719844358, 0.8190661478599222, 0.8268482490272373]",3
active_ordered,258,642,0.6874189364461737,0.8268482490272374,"[0.6809338521400778, 0.6906614785992218, 0.6906614785992218]","[0.8229571984435797, 0.830739299610895, 0.8268482490272373]",3
active_ordered,259,644,0.6977950713359272,0.8236057068741894,"[0.7042801556420234, 0.7023346303501945, 0.6867704280155642]","[0.8229571984435797, 0.8229571984435797, 0.8249027237354085]",3
active_ordered,260,646,0.6867704280155641,0.8229571984435798,"[0.6828793774319066, 0.6906614785992218, 0.6867704280155642]","[0.8268482490272373, 0.8229571984435797, 0.8190661478599222]",3
active_ordered,261,648,0.6861219195849545,0.8261997405966278,"[0.6926070038910506, 0.6848249027237354, 0.6809338521400778]","[0.8249027237354085, 0.8210116731517509, 0.8326848249027238]",3
active_ordered,262,650,0.6854734111543449,0.8197146562905319,"[0.688715953307393, 0.6906614785992218, 0.6770428015564203]","[0.811284046692607, 0.8171206225680934, 0.830739299610895]",3
active_ordered,263,652,0.6893644617380025,0.8255512321660182,"[0.6906614785992218, 0.6906614785992218, 0.6867704280155642]","[0.8249027237354085, 0.8249027237354085, 0.8268482490272373]",3
active_ordered,264,654,0.6815823605706873,0.8236057068741894,"[0.6867704280155642, 0.6750972762645915, 0.6828793774319066]","[0.8249027237354085, 0.8171206225680934, 0.8287937743190662]",3
active_ordered,265,656,0.6913099870298313,0.8236057068741894,"[0.6867704280155642, 0.6906614785992218, 0.6964980544747081]","[0.8229571984435797, 0.8287937743190662, 0.8190661478599222]",3
active_ordered,266,658,0.6952010376134888,0.8236057068741894,"[0.6945525291828794, 0.7042801556420234, 0.6867704280155642]","[0.8249027237354085, 0.8210116731517509, 0.8249027237354085]",3
active_ordered,267,660,0.6945525291828792,0.8229571984435798,"[0.6945525291828794, 0.6984435797665369, 0.6906614785992218]","[0.8287937743190662, 0.8268482490272373, 0.8132295719844358]",3
active_ordered,268,662,0.6815823605706873,0.8223086900129702,"[0.6867704280155642, 0.6828793774319066, 0.6750972762645915]","[0.8210116731517509, 0.8171206225680934, 0.8287937743190662]",3
active_ordered,269,664,0.6867704280155641,0.8190661478599223,"[0.6964980544747081, 0.6926070038910506, 0.6712062256809338]","[0.8210116731517509, 0.8151750972762646, 0.8210116731517509]",3
active_ordered,270,666,0.6906614785992217,0.8261997405966278,"[0.6945525291828794, 0.6945525291828794, 0.6828793774319066]","[0.8249027237354085, 0.8210116731517509, 0.8326848249027238]",3
active_ordered,271,668,0.6939040207522696,0.824254215304799,"[0.6906614785992218, 0.7003891050583657, 0.6906614785992218]","[0.8210116731517509, 0.8249027237354085, 0.8268482490272373]",3
active_ordered,272,670,0.7003891050583656,0.8249027237354086,"[0.7003891050583657, 0.7003891050583657, 0.7003891050583657]","[0.8249027237354085, 0.8210116731517509, 0.8287937743190662]",3
active_ordered,273,672,0.6971465629053176,0.8223086900129702,"[0.6926070038910506, 0.6984435797665369, 0.7003891050583657]","[0.8210116731517509, 0.8171206225680934, 0.8287937743190662]",3
active_ordered,274,674,0.6926070038910505,0.824254215304799,"[0.6945525291828794, 0.6945525291828794, 0.688715953307393]","[0.8171206225680934, 0.8326848249027238, 0.8229571984435797]",3
active_ordered,275,676,0.6990920881971464,0.8261997405966278,"[0.6984435797665369, 0.7062256809338522, 0.6926070038910506]","[0.8229571984435797, 0.8249027237354085, 0.830739299610895]",3
active_ordered,276,678,0.7042801556420232,0.8255512321660182,"[0.7003891050583657, 0.7101167315175098, 0.7023346303501945]","[0.8249027237354085, 0.8229571984435797, 0.8287937743190662]",3
active_ordered,277,680,0.702983138780804,0.8300907911802854,"[0.7062256809338522, 0.7023346303501945, 0.7003891050583657]","[0.8287937743190662, 0.8287937743190662, 0.8326848249027238]",3
active_ordered,278,682,0.7036316472114138,0.8346303501945526,"[0.7003891050583657, 0.7062256809338522, 0.7042801556420234]","[0.8326848249027238, 0.8326848249027238, 0.8385214007782101]",3
active_ordered,279,684,0.7016861219195848,0.8249027237354086,"[0.7023346303501945, 0.7101167315175098, 0.6926070038910506]","[0.8268482490272373, 0.8249027237354085, 0.8229571984435797]",3
active_ordered,280,686,0.7159533073929961,0.827496757457847,"[0.7042801556420234, 0.7237354085603113, 0.7198443579766537]","[0.8268482490272373, 0.8249027237354085, 0.830739299610895]",3
active_ordered,281,688,0.708171206225681,0.8268482490272374,"[0.7120622568093385, 0.7120622568093385, 0.7003891050583657]","[0.8210116731517509, 0.8326848249027238, 0.8268482490272373]",3
active_ordered,282,690,0.7088197146562906,0.8255512321660182,"[0.708171206225681, 0.7159533073929961, 0.7023346303501945]","[0.8190661478599222, 0.8268482490272373, 0.830739299610895]",3
active_ordered,283,692,0.7010376134889752,0.821011673151751,"[0.6945525291828794, 0.708171206225681, 0.7003891050583657]","[0.8190661478599222, 0.8249027237354085, 0.8190661478599222]",3
active_ordered,284,694,0.7140077821011673,0.824254215304799,"[0.7178988326848249, 0.7178988326848249, 0.7062256809338522]","[0.8229571984435797, 0.8249027237354085, 0.8249027237354085]",3
active_ordered,285,696,0.7172503242542153,0.8300907911802854,"[0.7276264591439688, 0.7159533073929961, 0.708171206225681]","[0.830739299610895, 0.8287937743190662, 0.830739299610895]",3
active_ordered,286,698,0.7153047989623865,0.8281452658884566,"[0.7159533073929961, 0.7159533073929961, 0.7140077821011673]","[0.8249027237354085, 0.8229571984435797, 0.8365758754863813]",3
active_ordered,287,700,0.7198443579766537,0.8255512321660182,"[0.7140077821011673, 0.72568093385214, 0.7198443579766537]","[0.8190661478599222, 0.8287937743190662, 0.8287937743190662]",3
active_ordered,288,702,0.7062256809338522,0.8268482490272374,"[0.7042801556420234, 0.7062256809338522, 0.708171206225681]","[0.8229571984435797, 0.8268482490272373, 0.830739299610895]",3
active_ordered,289,704,0.7075226977950714,0.8320363164721142,"[0.7062256809338522, 0.7101167315175098, 0.7062256809338522]","[0.8287937743190662, 0.8326848249027238, 0.8346303501945526]",3
active_ordered,290,706,0.7166018158236057,0.8287937743190662,"[0.7120622568093385, 0.7159533073929961, 0.7217898832684825]","[0.8229571984435797, 0.830739299610895, 0.8326848249027238]",3
active_ordered,291,708,0.708171206225681,0.8281452658884566,"[0.708171206225681, 0.7159533073929961, 0.7003891050583657]","[0.8171206225680934, 0.8385214007782101, 0.8287937743190662]",3
active_ordered,292,710,0.711413748378729,0.8300907911802854,"[0.7101167315175098, 0.7159533073929961, 0.708171206225681]","[0.8268482490272373, 0.8365758754863813, 0.8268482490272373]",3
active_ordered,293,712,0.7107652399481194,0.8236057068741894,"[0.7120622568093385, 0.7178988326848249, 0.7023346303501945]","[0.8190661478599222, 0.8249027237354085, 0.8268482490272373]",3
active_ordered,294,714,0.7146562905317769,0.8281452658884566,"[0.7217898832684825, 0.7101167315175098, 0.7120622568093385]","[0.830739299610895, 0.8210116731517509, 0.8326848249027238]",3
active_ordered,295,716,0.7159533073929961,0.827496757457847,"[0.7178988326848249, 0.7237354085603113, 0.7062256809338522]","[0.8249027237354085, 0.8249027237354085, 0.8326848249027238]",3
active_ordered,296,718,0.7140077821011673,0.8313878080415046,"[0.7120622568093385, 0.7217898832684825, 0.708171206225681]","[0.830739299610895, 0.8326848249027238, 0.830739299610895]",3
active_ordered,297,720,0.7166018158236057,0.8326848249027238,"[0.7062256809338522, 0.7178988326848249, 0.72568093385214]","[0.8268482490272373, 0.830739299610895, 0.8404669260700389]",3
active_ordered,298,722,0.7133592736705577,0.8333333333333334,"[0.7159533073929961, 0.7120622568093385, 0.7120622568093385]","[0.8326848249027238, 0.8385214007782101, 0.8287937743190662]",3
active_ordered,299,724,0.7191958495460441,0.8359273670557718,"[0.7140077821011673, 0.7217898832684825, 0.7217898832684825]","[0.8346303501945526, 0.8326848249027238, 0.8404669260700389]",3
active_ordered,300,726,0.7159533073929961,0.8300907911802854,"[0.7140077821011673, 0.7159533073929961, 0.7178988326848249]","[0.8326848249027238, 0.8249027237354085, 0.8326848249027238]",3
active_ordered,301,728,0.7217898832684825,0.8333333333333334,"[0.7237354085603113, 0.7198443579766537, 0.7217898832684825]","[0.830739299610895, 0.8365758754863813, 0.8326848249027238]",3
active_ordered,302,730,0.7185473411154345,0.8365758754863813,"[0.7178988326848249, 0.7217898832684825, 0.7159533073929961]","[0.8346303501945526, 0.8385214007782101, 0.8365758754863813]",3
active_ordered,303,732,0.7204928664072633,0.8372243839169909,"[0.7198443579766537, 0.7237354085603113, 0.7178988326848249]","[0.8326848249027238, 0.8365758754863813, 0.8424124513618677]",3
active_ordered,304,734,0.7166018158236057,0.8378728923476005,"[0.7217898832684825, 0.7217898832684825, 0.7062256809338522]","[0.8385214007782101, 0.8365758754863813, 0.8385214007782101]",3
active_ordered,305,736,0.7230869001297017,0.833981841763943,"[0.7198443579766537, 0.7237354085603113, 0.72568093385214]","[0.8268482490272373, 0.8385214007782101, 0.8365758754863813]",3
active_ordered,306,738,0.7211413748378729,0.8352788586251622,"[0.7159533073929961, 0.72568093385214, 0.7217898832684825]","[0.8326848249027238, 0.8346303501945526, 0.8385214007782101]",3
active_ordered,307,740,0.7230869001297017,0.8333333333333334,"[0.7295719844357976, 0.7140077821011673, 0.72568093385214]","[0.8249027237354085, 0.8365758754863813, 0.8385214007782101]",3
active_ordered,308,742,0.7230869001297017,0.8320363164721142,"[0.7178988326848249, 0.7276264591439688, 0.7237354085603113]","[0.8268482490272373, 0.8346303501945526, 0.8346303501945526]",3
active_ordered,309,744,0.7198443579766537,0.8365758754863813,"[0.7159533073929961, 0.72568093385214, 0.7178988326848249]","[0.8326848249027238, 0.8385214007782101, 0.8385214007782101]",3
active_ordered,310,746,0.7347600518806745,0.8352788586251622,"[0.7334630350194552, 0.7373540856031129, 0.7334630350194552]","[0.8287937743190662, 0.8365758754863813, 0.8404669260700389]",3
active_ordered,311,748,0.7243839169909209,0.833981841763943,"[0.7140077821011673, 0.7334630350194552, 0.72568093385214]","[0.8268482490272373, 0.8365758754863813, 0.8385214007782101]",3
active_ordered,312,750,0.7237354085603113,0.8352788586251622,"[0.7276264591439688, 0.7295719844357976, 0.7140077821011673]","[0.8326848249027238, 0.8385214007782101, 0.8346303501945526]",3
active_ordered,313,752,0.7321660181582361,0.8365758754863813,"[0.72568093385214, 0.7373540856031129, 0.7334630350194552]","[0.8326848249027238, 0.8346303501945526, 0.8424124513618677]",3
active_ordered,314,754,0.7224383916990921,0.8365758754863813,"[0.7198443579766537, 0.7217898832684825, 0.72568093385214]","[0.8326848249027238, 0.8346303501945526, 0.8424124513618677]",3
active_ordered,315,756,0.7328145265888457,0.8352788586251622,"[0.72568093385214, 0.7412451361867705, 0.7315175097276264]","[0.8346303501945526, 0.8385214007782101, 0.8326848249027238]",3
active_ordered,316,758,0.7315175097276265,0.833981841763943,"[0.7217898832684825, 0.7412451361867705, 0.7315175097276264]","[0.8287937743190662, 0.8346303501945526, 0.8385214007782101]",3
active_ordered,317,760,0.7295719844357977,0.833981841763943,"[0.7276264591439688, 0.7237354085603113, 0.7373540856031129]","[0.8365758754863813, 0.8287937743190662, 0.8365758754863813]",3
active_ordered,318,762,0.7276264591439688,0.8352788586251622,"[0.7237354085603113, 0.7295719844357976, 0.7295719844357976]","[0.8385214007782101, 0.8346303501945526, 0.8326848249027238]",3
active_ordered,319,764,0.7341115434500649,0.833981841763943,"[0.7315175097276264, 0.7334630350194552, 0.7373540856031129]","[0.830739299610895, 0.8326848249027238, 0.8385214007782101]",3
active_ordered,320,766,0.7243839169909209,0.8391699092088197,"[0.7237354085603113, 0.7198443579766537, 0.7295719844357976]","[0.8385214007782101, 0.8365758754863813, 0.8424124513618677]",3
active_ordered,321,768,0.7341115434500649,0.8391699092088197,"[0.7334630350194552, 0.7412451361867705, 0.7276264591439688]","[0.8365758754863813, 0.8424124513618677, 0.8385214007782101]",3
active_ordered,322,770,0.7334630350194553,0.8430609597924773,"[0.7237354085603113, 0.7431906614785992, 0.7334630350194552]","[0.8385214007782101, 0.8424124513618677, 0.8482490272373541]",3
active_ordered,323,772,0.7354085603112841,0.8411154345006485,"[0.7315175097276264, 0.7354085603112841, 0.7392996108949417]","[0.8365758754863813, 0.8424124513618677, 0.8443579766536965]",3
active_ordered,324,774,0.7360570687418937,0.8411154345006485,"[0.7354085603112841, 0.7354085603112841, 0.7373540856031129]","[0.8365758754863813, 0.8385214007782101, 0.8482490272373541]",3
active_ordered,325,776,0.7321660181582361,0.8443579766536965,"[0.7354085603112841, 0.7334630350194552, 0.7276264591439688]","[0.8385214007782101, 0.8540856031128404, 0.8404669260700389]",3
active_ordered,326,778,0.7431906614785992,0.8417639429312581,"[0.7509727626459144, 0.7315175097276264, 0.7470817120622568]","[0.8326848249027238, 0.8463035019455253, 0.8463035019455253]",3
active_ordered,327,780,0.74189364461738,0.8469520103761349,"[0.7373540856031129, 0.7490272373540856, 0.7392996108949417]","[0.8424124513618677, 0.8521400778210116, 0.8463035019455253]",3
active_ordered,328,782,0.7367055771725033,0.8437094682230869,"[0.7354085603112841, 0.7354085603112841, 0.7392996108949417]","[0.8365758754863813, 0.8463035019455253, 0.8482490272373541]",3
active_ordered,329,784,0.7425421530479897,0.8456549935149157,"[0.7354085603112841, 0.7431906614785992, 0.7490272373540856]","[0.8424124513618677, 0.8463035019455253, 0.8482490272373541]",3
active_ordered,330,786,0.7438391699092088,0.8437094682230869,"[0.7431906614785992, 0.7490272373540856, 0.7392996108949417]","[0.8443579766536965, 0.8463035019455253, 0.8404669260700389]",3
active_ordered,331,788,0.7399481193255513,0.8398184176394293,"[0.7431906614785992, 0.7373540856031129, 0.7392996108949417]","[0.8404669260700389, 0.8385214007782101, 0.8404669260700389]",3
active_ordered,332,790,0.7438391699092088,0.8404669260700389,"[0.7334630350194552, 0.7490272373540856, 0.7490272373540856]","[0.8346303501945526, 0.8424124513618677, 0.8443579766536965]",3
active_ordered,333,792,0.7431906614785992,0.8430609597924773,"[0.7334630350194552, 0.7490272373540856, 0.7470817120622568]","[0.8424124513618677, 0.8404669260700389, 0.8463035019455253]",3
active_ordered,334,794,0.7380025940337225,0.8463035019455253,"[0.7392996108949417, 0.7373540856031129, 0.7373540856031129]","[0.8463035019455253, 0.8443579766536965, 0.8482490272373541]",3
active_ordered,335,796,0.7444876783398184,0.8430609597924773,"[0.7509727626459144, 0.7470817120622568, 0.7354085603112841]","[0.8424124513618677, 0.8443579766536965, 0.8424124513618677]",3
active_ordered,336,798,0.7431906614785992,0.8443579766536965,"[0.7412451361867705, 0.745136186770428, 0.7431906614785992]","[0.8424124513618677, 0.8501945525291829, 0.8404669260700389]",3
active_ordered,337,800,0.7503242542153048,0.8456549935149157,"[0.7529182879377432, 0.7490272373540856, 0.7490272373540856]","[0.8463035019455253, 0.8443579766536965, 0.8463035019455253]",3
active_ordered,338,802,0.7509727626459144,0.8450064850843061,"[0.7529182879377432, 0.7490272373540856, 0.7509727626459144]","[0.8424124513618677, 0.8482490272373541, 0.8443579766536965]",3
active_ordered,339,804,0.7490272373540856,0.8501945525291829,"[0.7529182879377432, 0.754863813229572, 0.7392996108949417]","[0.8463035019455253, 0.8482490272373541, 0.8560311284046692]",3
active_ordered,340,806,0.7412451361867705,0.8495460440985733,"[0.7354085603112841, 0.7412451361867705, 0.7470817120622568]","[0.8463035019455253, 0.8463035019455253, 0.8560311284046692]",3
active_ordered,341,808,0.7477302204928664,0.8508430609597925,"[0.7490272373540856, 0.7509727626459144, 0.7431906614785992]","[0.8501945525291829, 0.8501945525291829, 0.8521400778210116]",3
active_ordered,342,810,0.7464332036316472,0.8450064850843061,"[0.7431906614785992, 0.7490272373540856, 0.7470817120622568]","[0.8424124513618677, 0.8443579766536965, 0.8482490272373541]",3
active_ordered,343,812,0.7470817120622568,0.8508430609597925,"[0.7529182879377432, 0.7470817120622568, 0.7412451361867705]","[0.8501945525291829, 0.8463035019455253, 0.8560311284046692]",3
active_ordered,344,814,0.7444876783398184,0.8508430609597925,"[0.7509727626459144, 0.7392996108949417, 0.7431906614785992]","[0.8463035019455253, 0.8482490272373541, 0.857976653696498]",3
active_ordered,345,816,0.7490272373540856,0.8508430609597925,"[0.7490272373540856, 0.7490272373540856, 0.7490272373540856]","[0.8443579766536965, 0.8482490272373541, 0.8599221789883269]",3
active_ordered,346,818,0.7464332036316472,0.8463035019455253,"[0.7315175097276264, 0.754863813229572, 0.7529182879377432]","[0.8424124513618677, 0.8443579766536965, 0.8521400778210116]",3
active_ordered,347,820,0.745136186770428,0.8501945525291829,"[0.745136186770428, 0.7470817120622568, 0.7431906614785992]","[0.8463035019455253, 0.8521400778210116, 0.8521400778210116]",3
active_ordered,348,822,0.7509727626459144,0.85473411154345,"[0.7431906614785992, 0.7568093385214008, 0.7529182879377432]","[0.8521400778210116, 0.8540856031128404, 0.857976653696498]",3
active_ordered,349,824,0.751621271076524,0.8501945525291829,"[0.7568093385214008, 0.7509727626459144, 0.7470817120622568]","[0.8482490272373541, 0.8521400778210116, 0.8501945525291829]",3
active_ordered,350,826,0.7529182879377432,0.8476005188067445,"[0.7529182879377432, 0.7529182879377432, 0.7529182879377432]","[0.8424124513618677, 0.8501945525291829, 0.8501945525291829]",3
